Förderempfänger,Stadt/Gemeinde,Ort,Bundesland,Anzahl_Förderungen,Fördersumme_EUR_gesamt,Erste_Laufzeit_von,Letzte_Laufzeit_bis,Ressorts
Technische Universität Berlin,Berlin,Berlin,Berlin,2566,1250795431.00,06.08.1969,31.03.2031,"BMFTR, BMLEH, BMUKN, BMV, BMWE"
Charité - Universitätsmedizin Berlin,Berlin,Berlin,Berlin,1091,1224831109.00,01.09.1998,30.04.2031,"BMFTR, BMLEH, BMUKN, BMV, BMWE"
Gauss Centre for Supercomputing (GCS) e.V.,Berlin,Berlin,Berlin,7,813440933.00,01.11.2008,31.12.2032,BMFTR
"Senatsverwaltung für Wissenschaft, Gesundheit und Pflege",Berlin,Berlin,Berlin,2,784894686.00,01.01.2021,31.12.2026,BMFTR
Freie Universität Berlin,Berlin,Berlin,Berlin,1341,589833456.00,01.10.1969,28.02.2031,"BMFTR, BMLEH, BMUKN, BMV, BMWE"
Konrad-Adenauer-Stiftung e.V.,Berlin,Berlin,Berlin,8,574875204.00,01.01.1970,31.12.2029,BMFTR
Humboldt-Universität zu Berlin,Berlin,Berlin,Berlin,982,506488318.00,01.07.1990,31.10.2030,"BMFTR, BMLEH, BMUKN, BMV, BMWE"
Stiftung der Deutschen Wirtschaft (sdw) gGmbH,Berlin,Berlin,Berlin,13,321170790.00,01.04.1995,31.12.2029,BMFTR
Helmholtz-Zentrum Berlin für Materialien und Energie Gesellschaft mit beschränkter Haftung,Berlin,Berlin,Berlin,268,310489970.00,01.01.1971,31.03.2031,"BMFTR, BMV, BMWE"
Forschungsverbund Berlin e.V.,Berlin,Berlin,Berlin,502,270717868.00,01.01.1991,31.03.2031,"BMFTR, BMLEH, BMV, BMWE"
Verein zur Förderung eines Deutschen Forschungsnetzes e.V. (DFN-Verein),Berlin,Berlin,Berlin,16,247214208.00,01.07.1984,31.07.2009,BMFTR
Rosa-Luxemburg-Stiftung - Gesellschaftsanalyse und Politische Bildung e. V.,Berlin,Berlin,Berlin,4,238587027.00,01.10.1999,31.12.2029,BMFTR
Heinrich-Böll-Stiftung e.V.,Berlin,Berlin,Berlin,5,236691182.00,01.07.1991,31.12.2029,BMFTR
Berliner Verkehrsbetriebe (BVG),Berlin,Berlin,Berlin,53,217215803.00,15.08.1976,31.12.2027,"BMFTR, BMV, BMWE"
Heinrich-Hertz Institut für Nachrichtentechnik Berlin e. V. & Co. KG,Berlin,Berlin,Berlin,145,162968812.00,01.06.1970,31.07.2002,BMFTR
"Ferdinand-Braun-Institut gGmbH, Leibniz- Institut für Höchstfrequenztechnik",Berlin,Berlin,Berlin,85,153411672.00,01.08.2014,30.06.2029,"BMFTR, BMWE"
Max-Delbrück-Centrum für Molekulare Medizin in der Helmholtz-Gemeinschaft (MDC),Berlin,Berlin,Berlin,203,146676027.00,01.07.1991,31.07.2030,"BMFTR, BMLEH"
Deutsche Bahn Aktiengesellschaft,Berlin,Berlin,Berlin,137,141263746.00,01.04.1974,30.09.2028,"BMFTR, BMV, BMWE"
"Senatsverwaltung für Bildung, Wissenschaft und Forschung von Berlin",Berlin,Berlin,Berlin,114,132554538.00,01.01.1969,31.03.2013,"BMFTR, BMWE"
Forschungskuratorium Textil e.V.,Berlin,Berlin,Berlin,353,121214088.00,01.07.1977,30.11.2028,"BMFTR, BMWE"
Deutsches Institut für Urbanistik gGmbH,Berlin,Berlin,Berlin,101,101491322.00,01.07.1974,31.07.2029,"BMFTR, BMUKN, BMV, BMWE"
Avicenna-Studienwerk e.V.,Berlin,Berlin,Berlin,4,81054845.00,15.08.2014,31.12.2029,BMFTR
Arbeitsgemeinschaft Betriebliche Weiterbildungsforschung e.V. (ABWF),Berlin,Berlin,Berlin,24,75748532.00,01.09.1998,31.12.2007,BMFTR
Ernst-Ludwig-Ehrlich-Studienwerk e.V.,Berlin,Berlin,Berlin,5,74744414.00,01.09.2009,31.12.2029,BMFTR
Hochschule für Technik und Wirtschaft Berlin,Berlin,Berlin,Berlin,192,68725220.00,01.01.1991,31.03.2030,"BMFTR, BMUKN, BMV, BMWE"
"Senatsverwaltung für Mobilität, Verkehr, Klimaschutz und Umwelt Berlin",Berlin,Berlin,Berlin,43,60111270.00,01.10.1974,31.12.2026,"BMFTR, BMUKN, BMV, BMWE"
Berlin-Brandenburgische Akademie der Wissenschaften,Berlin,Berlin,Berlin,35,59900913.00,01.02.1994,31.12.2028,BMFTR
Deutsche Industrie- und Handelskammer,Berlin,Berlin,Berlin,11,58422249.00,01.01.1993,31.12.2015,"BMFTR, BMUKN"
Institut für ökologische Wirtschaftsforschung (IÖW) GmbH,Berlin,Berlin,Berlin,149,57419170.00,01.10.1997,31.10.2030,"BMFTR, BMLEH, BMUKN, BMWE"
H2 Mobility Deutschland GmbH & Co. KG,Berlin,Berlin,Berlin,22,56441712.00,01.04.2015,31.12.2027,BMV
Geisteswissenschaftliche Zentren Berlin e. V.,Berlin,Berlin,Berlin,23,55544737.00,01.07.2006,30.09.2027,BMFTR
Bundesanstalt für Materialforschung und -prüfung (BAM),Berlin,Berlin,Berlin,167,55496378.00,01.01.1969,31.05.2029,"BMFTR, BMLEH, BMV, BMWE"
Zuse-Institut Berlin,Berlin,Berlin,Berlin,96,52064612.00,01.10.1987,31.12.2029,"BMFTR, BMV, BMWE"
Bayer Pharma Aktiengesellschaft,Berlin,Berlin,Berlin,60,50003758.00,01.01.1974,31.03.2016,BMFTR
Berliner Hochschule für Technik (BHT),Berlin,Berlin,Berlin,155,48171876.00,01.03.1978,31.03.2030,"BMFTR, BMLEH, BMUKN, BMV, BMWE"
Weizenbaum-Institut e.V.,Berlin,Berlin,Berlin,9,46202156.00,15.09.2020,28.02.2029,BMFTR
Wissenschaftszentrum Berlin für Sozialforschung gGmbH,Berlin,Berlin,Berlin,91,43916738.00,01.09.1977,31.08.2029,"BMFTR, BMV, BMWE"
Senatsverwaltung für Stadtentwicklung von Berlin,Berlin,Berlin,Berlin,20,43013050.00,14.05.1978,30.04.2014,"BMFTR, BMV, BMWE"
Berliner Elektronenspeicherring-Gesellschaft für Synchrotronstrahlung m.b.H. ( BESSY ),Berlin,Berlin,Berlin,22,42733865.00,01.01.1978,30.09.2007,BMFTR
Bundesverband der Energie- und Klimaschutzagenturen Deutschlands (eaD) e.V.,Berlin,Berlin,Berlin,7,42653485.00,01.12.2008,31.03.2023,BMUKN
"Deutsches Institut für Wirtschaftsforschung, DIW Berlin (Institut für Konjunkturforschung)",Berlin,Berlin,Berlin,69,36821388.00,04.07.1977,31.08.2028,"BMFTR, BMV, BMWE"
Zentralverband des Deutschen Handwerks,Berlin,Berlin,Berlin,7,34885136.00,01.07.1995,30.06.2026,"BMFTR, BMUKN, BMWE"
CAMEM Verwaltungs GmbH,Berlin,Berlin,Berlin,13,33795862.00,01.07.2000,31.12.2007,BMFTR
Bundesinstitut für Risikobewertung (BfR),Berlin,Berlin,Berlin,87,33205613.00,01.07.1975,30.06.2026,"BMFTR, BMLEH, BMWE"
Berliner Stadtreinigungsbetriebe (BSR),Berlin,Berlin,Berlin,33,32848304.00,01.11.1984,30.11.2026,"BMFTR, BMUKN, BMV, BMWE"
Niederbarnimer Eisenbahn-Aktiengesellschaft,Berlin,Berlin,Berlin,4,31252000.00,01.10.2020,31.12.2026,BMV
VDI/VDE Innovation + Technik GmbH,Berlin,Berlin,Berlin,33,30849854.00,01.01.1985,31.08.2029,BMFTR
Hochschule für Wirtschaft und Recht Berlin,Berlin,Berlin,Berlin,73,29944991.00,01.09.1998,31.08.2030,"BMFTR, BMLEH, BMUKN, BMV, BMWE"
DIN Deutsches Institut für Normung e. V.,Berlin,Berlin,Berlin,106,29695590.00,01.03.1972,31.05.2029,"BMFTR, BMLEH, BMV, BMWE"
Gesellschaft zur Förderung angewandter Informatik e.V.,Berlin,Berlin,Berlin,73,29283150.00,01.07.1991,30.04.2029,"BMFTR, BMWE"
Keine Anzeige aufgrund datenschutzrechtlicher Regelungen.,Berlin,Berlin,Berlin,503,28751947.00,17.12.1973,31.07.2028,"BMFTR, BMLEH, BMUKN, BMV, BMWE"
Tesla Germany GmbH,Berlin,Berlin,Berlin,1,28602400.00,23.05.2023,30.06.2026,BMV
TMF - Technologie- und Methodenplattform für die vernetzte medizinische Forschung e.V.,Berlin,Berlin,Berlin,26,28574584.00,01.09.2005,31.12.2029,BMFTR
Deutsch-Amerikanische Fulbright-Kommission,Berlin,Berlin,Berlin,15,28439365.00,01.08.1979,31.12.2009,BMFTR
Deutsches Rheuma-Forschungszentrum Berlin (DRFZ),Berlin,Berlin,Berlin,44,27593238.00,01.04.1991,30.06.2027,BMFTR
Alice Salomon Hochschule Berlin,Berlin,Berlin,Berlin,48,26604816.00,01.10.1983,31.03.2030,"BMFTR, BMWE"
VDI Zentrum Ressourceneffizienz GmbH,Berlin,Berlin,Berlin,3,26006626.00,01.07.2009,30.09.2019,BMUKN
Universität der Künste Berlin,Berlin,Berlin,Berlin,78,25651583.00,01.06.1987,28.02.2030,"BMFTR, BMLEH, BMUKN, BMWE"
Deutsches Herzzentrum Berlin,Berlin,Berlin,Berlin,20,23943223.00,01.04.1995,31.07.2022,"BMFTR, BMWE"
Reiner Lemoine Institut gGmbH,Berlin,Berlin,Berlin,52,23039544.00,01.11.2012,30.11.2028,"BMFTR, BMV, BMWE"
Museum für Naturkunde Leibniz-Institut für Evolutions- und Biodiversitätsforschung (MfN),Berlin,Berlin,Berlin,54,22115695.00,01.02.2009,31.12.2028,BMFTR
BERLINER WASSERBETRIEBE,Berlin,Berlin,Berlin,57,22112360.00,01.01.1976,31.12.2028,"BMFTR, BMUKN, BMV, BMWE"
IAV GmbH Ingenieurgesellschaft Auto und Verkehr,Berlin,Berlin,Berlin,53,20695570.00,01.06.1984,30.04.2029,"BMFTR, BMV, BMWE"
Bundesverband der Verbraucherzentralen und Verbraucherverbände - Verbraucherzentrale Bundesverband e.V.,Berlin,Berlin,Berlin,2,20691476.00,01.09.2008,21.12.2012,"BMLEH, BMUKN"
Transdev GmbH,Berlin,Berlin,Berlin,2,20631275.00,01.01.2022,31.12.2025,BMV
Wissenschaft im Dialog gGmbH,Berlin,Berlin,Berlin,50,20240577.00,01.04.2001,31.12.2028,BMFTR
EvoLogics GmbH,Berlin,Berlin,Berlin,27,20156508.00,01.06.2004,31.05.2029,"BMFTR, BMWE"
Deutsches Studierendenwerk (DSW),Berlin,Berlin,Berlin,75,19985992.00,01.01.1996,31.12.2027,BMFTR
PSI Software SE,Berlin,Berlin,Berlin,53,19449343.00,01.01.1972,28.02.2029,"BMFTR, BMV, BMWE"
Deutsches Bibliotheksinstitut (DBI),Berlin,Berlin,Berlin,16,18788740.00,01.07.1980,31.03.2000,BMFTR
Laser- und Medizin-Technologie GmbH Berlin,Berlin,Berlin,Berlin,45,18603179.00,01.05.1986,30.11.2015,"BMFTR, BMLEH, BMWE"
AEG AG,Berlin,Berlin,Berlin,28,18123436.00,01.01.1971,31.07.1988,"BMFTR, BMWE"
Stiftung Warentest,Berlin,Berlin,Berlin,11,18011906.00,01.03.1979,31.12.2017,"BMFTR, BMLEH, BMUKN, BMWE"
Fachinformationszentrum Chemie GmbH (FIZ Ch),Berlin,Berlin,Berlin,19,17257887.00,01.06.1985,30.11.2006,BMFTR
Ecologic Institut gemeinnützige GmbH,Berlin,Berlin,Berlin,34,16744808.00,01.10.2006,31.05.2029,"BMFTR, BMUKN"
co2Online gemeinnützige Beratungsgesellschaft mit beschränkter Haftung,Berlin,Berlin,Berlin,19,15835703.00,01.09.2008,31.08.2028,"BMFTR, BMUKN, BMWE"
Siemens Aktiengesellschaft,Berlin,Berlin,Berlin,24,15756340.00,01.04.1971,31.07.2023,"BMFTR, BMWE"
IZT-Institut für Zukunftsstudien und Technologiebewertung gemeinnützige Gesellschaft mit beschränkter Haftung,Berlin,Berlin,Berlin,59,15647915.00,01.08.1995,31.12.2027,"BMFTR, BMLEH, BMUKN, BMWE"
Humboldt-Innovation GmbH,Berlin,Berlin,Berlin,2,15628334.00,01.10.2010,31.03.2027,"BMLEH, BMWE"
"Institut für Klimaschutz, Energie und Mobilität - Recht, Ökonomie und Politik e.V.",Berlin,Berlin,Berlin,59,15574115.00,15.10.2012,31.03.2029,"BMFTR, BMUKN, BMV, BMWE"
SHARE Berlin Institute GmbH,Berlin,Berlin,Berlin,2,15570283.00,01.07.2018,31.07.2027,BMFTR
Stifterverband Metalle e.V.,Berlin,Berlin,Berlin,39,15236354.00,01.05.2019,30.04.2028,BMWE
Institut für Genbiologische Forschung Berlin GmbH,Berlin,Berlin,Berlin,6,15222547.00,01.01.1987,31.03.1998,"BMFTR, BMWE"
Falling Walls Foundation gGmbH,Berlin,Berlin,Berlin,19,15202299.00,01.03.2011,31.12.2026,BMFTR
TotalEnergies Marketing Deutschland GmbH,Berlin,Berlin,Berlin,17,14534619.00,01.05.2008,31.05.2025,"BMFTR, BMV, BMWE"
Europäische Bewegung Deutschland e.V.,Berlin,Berlin,Berlin,29,14211324.00,01.01.1984,31.08.2028,BMFTR
EU-OPENSCREEN ERIC,Berlin,Berlin,Berlin,4,13833836.00,01.09.2018,30.04.2027,BMFTR
"Senatsverwaltung für Wirtschaft, Arbeit und Frauen von Berlin",Berlin,Berlin,Berlin,21,13832458.00,01.01.1978,31.12.2007,BMFTR
GT-ARC gemeinnützige GmbH,Berlin,Berlin,Berlin,7,13720723.00,01.10.2012,31.12.2024,"BMFTR, BMV"
ALSTOM Transportation Germany GmbH,Berlin,Berlin,Berlin,14,13716661.00,01.03.1989,30.09.2022,"BMFTR, BMV, BMWE"
Stiftung Kinder forschen,Berlin,Berlin,Berlin,10,13567645.00,01.05.2016,31.12.2026,BMFTR
Forschungsvereinigung Ziegelindustrie e.V.,Berlin,Berlin,Berlin,29,13373499.00,01.02.2019,31.08.2028,BMWE
studierendenWERK BERLIN,Berlin,Berlin,Berlin,1,12926476.00,01.06.2020,30.11.2021,BMFTR
Open Source Business Alliance - Bundesverband für digitale Souveränität e.V.,Berlin,Berlin,Berlin,2,12839627.00,01.03.2021,31.05.2026,"BMFTR, BMWE"
"Forschungsvereinigung Feinmechanik, Optik und Medizintechnik e.V.",Berlin,Berlin,Berlin,31,12821032.00,01.07.2019,31.05.2028,BMWE
Technische Universität Berlin - Die Präsidentin,Berlin,Berlin,Berlin,22,12472781.00,01.04.2023,31.10.2028,"BMFTR, BMV, BMWE"
Adelphi Research gemeinnützige GmbH,Berlin,Berlin,Berlin,45,12068652.00,01.11.2007,29.02.2028,"BMFTR, BMUKN, BMV, BMWE"
IVU Traffic Technologies AG,Berlin,Berlin,Berlin,26,11882270.00,01.06.1998,30.09.2027,"BMFTR, BMV, BMWE"
Inter 3 GmbH Institut für Ressourcenmanagement,Berlin,Berlin,Berlin,37,11526718.00,01.08.2003,31.01.2029,"BMFTR, BMLEH, BMWE"
Koordinierungs- und Aufbau-Initiative für die Forschung in den Neuen Ländern e.V. (KAI),Berlin,Berlin,Berlin,28,11430673.00,01.12.1990,31.10.1995,"BMFTR, BMWE"
A Locomotive Pool Structure 4 GmbH & Co.KG,Berlin,Berlin,Berlin,1,11368690.00,01.02.2024,31.12.2027,BMV
Finisar Germany GmbH,Berlin,Berlin,Berlin,10,11035474.00,01.02.2001,31.08.2020,BMFTR
Verein zur Förderung agrar- und stadtökologischer Projekte (ASP) e. V.,Berlin,Berlin,Berlin,42,10931848.00,01.10.1999,31.12.2028,"BMFTR, BMLEH, BMV, BMWE"
Berliner Feuerwehr,Berlin,Berlin,Berlin,13,10763295.00,01.02.2009,31.12.2029,"BMFTR, BMWE"
Motor Ai GmbH,Berlin,Berlin,Berlin,1,10716514.00,13.12.2024,31.12.2027,BMV
Borderstep Institut für Innovation und Nachhaltigkeit gemeinnützige GmbH,Berlin,Berlin,Berlin,26,10628873.00,01.04.2006,31.03.2029,"BMFTR, BMUKN, BMWE"
BTB Energie GmbH,Berlin,Berlin,Berlin,12,10590412.00,01.07.2011,28.02.2030,"BMFTR, BMWE"
RINA GmbH,Berlin,Berlin,Berlin,14,10515570.00,01.10.1998,15.12.2014,BMFTR
Deutsches Handwerksinstitut,Berlin,Berlin,Berlin,20,10363079.00,01.12.1998,30.06.2028,"BMFTR, BMWE"
"Land Berlin, vertreten durch Senatsverwaltung für Wirtschaft, Energie und Betriebe",Berlin,Berlin,Berlin,5,10303500.00,01.10.2023,31.12.2028,BMV
BIOTRONIK SE & Co. KG,Berlin,Berlin,Berlin,12,10115891.00,01.08.2005,30.04.2029,BMFTR
Sentech Instruments GmbH,Berlin,Berlin,Berlin,36,10086693.00,01.01.1995,31.12.2027,"BMFTR, BMWE"
'der freie beruf' Dienstleistungs- und Verlagsgesellschaft mbH,Berlin,Berlin,Berlin,1,10054408.00,01.12.1995,31.12.2006,BMFTR
UNITE gGbmH,Berlin,Berlin,Berlin,1,10000000.00,01.10.2025,30.09.2030,BMWE
ver.di - Vereinte Dienstleistungsgewerkschaft,Berlin,Berlin,Berlin,33,9770031.00,01.06.2000,31.08.2024,BMFTR
Bundesdruckerei GmbH,Berlin,Berlin,Berlin,26,9769972.00,01.09.2005,31.05.2029,"BMFTR, BMV, BMWE"
Berufsamt Berlin,Berlin,Berlin,Berlin,14,9714345.00,01.09.1981,31.12.1987,BMFTR
Katholische Hochschule für Sozialwesen Berlin,Berlin,Berlin,Berlin,20,9571784.00,01.09.2007,30.04.2030,"BMFTR, BMWE"
kosmos b e.V. Bildung.Begegnung.Beteiligung.,Berlin,Berlin,Berlin,10,9333995.00,01.11.2008,31.01.2026,"BMFTR, BMUKN"
ART + COM GmbH,Berlin,Berlin,Berlin,23,9155487.00,01.02.2001,30.04.2029,BMFTR
"Der Mittelstand, BVMW e.V",Berlin,Berlin,Berlin,6,9050361.00,01.05.2016,30.06.2027,"BMUKN, BMWE"
Deutsche Umwelthilfe e.V.,Berlin,Berlin,Berlin,27,8724579.00,01.08.2010,31.03.2030,"BMFTR, BMLEH, BMUKN, BMWE"
Condat Aktiengesellschaft,Berlin,Berlin,Berlin,13,8661886.00,01.11.2004,31.01.2028,BMFTR
Verkehrsclub Deutschland e.V. (VCD),Berlin,Berlin,Berlin,10,8631224.00,01.02.2007,30.06.2027,"BMUKN, BMV"
ADVA Network Security GmbH,Berlin,Berlin,Berlin,9,8614443.00,01.09.2019,31.12.2027,"BMFTR, BMWE"
KWB Kompetenzzentrum Wasser Berlin gemeinnützige GmbH,Berlin,Berlin,Berlin,33,8420137.00,01.09.2010,31.12.2028,"BMFTR, BMWE"
Stiftung Preußischer Kulturbesitz,Berlin,Berlin,Berlin,18,8276162.00,01.07.2003,31.03.2029,BMFTR
Swissbit Germany AG,Berlin,Berlin,Berlin,8,8238113.00,01.07.2006,31.01.2029,"BMFTR, BMWE"
DIHK Service GmbH,Berlin,Berlin,Berlin,6,8190571.00,01.01.2016,30.09.2028,"BMUKN, BMWE"
Mellowpark e.V.,Berlin,Berlin,Berlin,1,8000000.00,01.01.2022,31.12.2030,BMUKN
BEHALA - Berliner Hafen- und Lagerhausgesellschaft mbH,Berlin,Berlin,Berlin,16,7996946.00,01.12.2007,30.11.2027,"BMUKN, BMV, BMWE"
Scansonic MI GmbH,Berlin,Berlin,Berlin,13,7989708.00,01.07.2006,31.12.2025,"BMFTR, BMWE"
Aptarion Biotech AG,Berlin,Berlin,Berlin,3,7980332.00,01.04.2018,31.12.2023,BMFTR
Weißensee Kunsthochschule Berlin,Berlin,Berlin,Berlin,24,7901579.00,01.09.2008,31.12.2026,"BMFTR, BMWE"
Arbeits- und Servicestelle für Internationale Studienbewerbungen (uni-assist) e.V.,Berlin,Berlin,Berlin,2,7900850.00,01.08.2019,31.03.2027,BMFTR
Kulturveranstaltungen des Bundes in Berlin (KBB) Gesellschaft mit beschränkter Haftung,Berlin,Berlin,Berlin,9,7699497.00,01.09.1980,31.12.2010,BMFTR
HFC Human-Factors-Consult GmbH,Berlin,Berlin,Berlin,28,7671495.00,01.05.2010,31.07.2027,"BMFTR, BMV, BMWE"
MOIA GmbH,Berlin,Berlin,Berlin,1,7641938.00,23.10.2023,30.06.2027,BMV
TEMIC Automotive Electric Motors GmbH,Berlin,Berlin,Berlin,2,7638314.00,01.03.2009,28.02.2013,BMFTR
Talentik GmbH,Berlin,Berlin,Berlin,4,7620835.00,01.11.2011,31.12.2029,BMFTR
Open Knowledge Foundation Deutschland e.V.,Berlin,Berlin,Berlin,6,7394573.00,01.02.2015,30.06.2029,"BMFTR, BMV, BMWE"
Jugendaufbauwerk Berlin,Berlin,Berlin,Berlin,9,7370944.00,01.09.1982,29.02.2004,BMFTR
inpro Innovationsgesellschaft für fortgeschrittene Produktionssysteme in der Fahrzeugindustrie mbH,Berlin,Berlin,Berlin,22,7332368.00,01.11.1984,31.10.2028,"BMFTR, BMWE"
Boeing Deutschland GmbH,Berlin,Berlin,Berlin,10,7261901.00,01.12.2020,31.07.2029,BMWE
PSI Automotive & Industry GmbH,Berlin,Berlin,Berlin,17,7170520.00,01.01.1999,31.03.2023,"BMFTR, BMWE"
Deutscher Volkshochschul-Verband e.V.,Berlin,Berlin,Berlin,21,7165740.00,01.05.1990,31.05.2024,BMFTR
Unabhängiges Institut für Umweltfragen UfU - e.V.,Berlin,Berlin,Berlin,21,7013205.00,01.03.2005,30.06.2027,"BMFTR, BMUKN, BMWE"
micro resist technology Gesellschaft für chemische Materialien spezieller Photoresistsysteme mbH,Berlin,Berlin,Berlin,32,6946093.00,01.07.1995,31.05.2029,"BMFTR, BMWE"
Versuchsanstalt für Wasserbau und Schiffbau,Berlin,Berlin,Berlin,14,6924783.00,01.09.1982,31.12.1996,"BMFTR, BMWE"
AUCOTEAM GmbH,Berlin,Berlin,Berlin,27,6878355.00,01.07.1990,30.09.2027,"BMFTR, BMWE"
Neofonie GmbH,Berlin,Berlin,Berlin,13,6705108.00,01.09.2001,31.12.2026,"BMFTR, BMV"
WWF Deutschland,Berlin,Berlin,Berlin,19,6690470.00,01.08.1991,31.03.2029,"BMFTR, BMLEH, BMUKN"
DER MITTELSTANDSVERBUND - ZGV e.V.,Berlin,Berlin,Berlin,4,6589436.00,01.03.2012,31.12.2026,"BMUKN, BMWE"
Forschungsvereinigung Automobiltechnik e.V. (FAT),Berlin,Berlin,Berlin,13,6562423.00,01.02.2019,31.12.2027,BMWE
Mercator Research Institute on Global Commons and Climate Change (MCC) gemeinnützige GmbH,Berlin,Berlin,Berlin,13,6504089.00,01.04.2017,31.12.2024,BMFTR
OMEICOS Therapeutics GmbH,Berlin,Berlin,Berlin,4,6452757.00,01.11.2013,30.09.2026,BMFTR
Max-Planck-Gesellschaft zur Förderung der Wissenschaften e.V.,Berlin,Berlin,Berlin,16,6382176.00,01.11.2006,31.10.2028,"BMFTR, BMWE"
LayTec Aktiengesellschaft,Berlin,Berlin,Berlin,19,6295847.00,01.02.2002,29.02.2028,"BMFTR, BMWE"
First Sensor AG,Berlin,Berlin,Berlin,35,6290724.00,01.01.1991,31.08.2020,"BMFTR, BMLEH"
Deutsches Rotes Kreuz e. V.,Berlin,Berlin,Berlin,16,6243523.00,01.03.2009,31.08.2027,BMFTR
Merantix Momentum GmbH,Berlin,Berlin,Berlin,15,6195106.00,01.07.2019,31.12.2027,"BMFTR, BMV, BMWE"
AEG Software-Technik GmbH & Co. KG,Berlin,Berlin,Berlin,4,6168435.00,01.07.1973,31.03.1994,BMFTR
Deutscher Gewerkschaftsbund (DGB) - Bundesvorstand,Berlin,Berlin,Berlin,11,6023561.00,01.01.2000,31.12.2009,BMFTR
Forum Transregionale Studien e.V.,Berlin,Berlin,Berlin,5,6018234.00,01.04.2013,31.03.2029,BMFTR
BEW Berliner Energie und Wärme GmbH,Berlin,Berlin,Berlin,8,6015129.00,01.01.2019,30.06.2028,BMWE
Amadeu Antonio Stiftung,Berlin,Berlin,Berlin,8,5989606.00,01.12.2018,31.05.2029,BMFTR
MicroDiscovery GmbH,Berlin,Berlin,Berlin,21,5984070.00,01.07.2001,30.09.2024,BMFTR
Noxxon Pharma Aktiengesellschaft,Berlin,Berlin,Berlin,7,5964426.00,01.01.2004,31.07.2013,BMFTR
Alexander von Humboldt-Institut für Internet und Gesellschaft gGmbH,Berlin,Berlin,Berlin,16,5922834.00,01.03.2014,31.05.2028,"BMFTR, BMWE"
Deutsche Gesellschaft für Sonnenenergie (DGS) Landesverband Berlin Brandenburg e.V.,Berlin,Berlin,Berlin,12,5921912.00,01.07.2006,31.08.2027,"BMFTR, BMUKN, BMWE"
BASF Metabolome Solutions GmbH,Berlin,Berlin,Berlin,7,5872245.00,01.07.1999,31.07.2012,BMFTR
iRights.Lab GmbH,Berlin,Berlin,Berlin,9,5845016.00,01.10.2017,31.03.2029,"BMFTR, BMV"
Hubject GmbH,Berlin,Berlin,Berlin,12,5834584.00,01.11.2017,28.02.2027,"BMFTR, BMV, BMWE"
Krone AG,Berlin,Berlin,Berlin,17,5828763.00,01.03.1982,30.04.1999,"BMFTR, BMWE"
PicoQuanT GmbH. Unternehmen für optoelektronische Forschung und Entwicklung,Berlin,Berlin,Berlin,15,5822500.00,01.04.2005,31.01.2029,BMFTR
Menlo79 GmbH,Berlin,Berlin,Berlin,5,5815287.00,01.01.2021,30.09.2026,BMV
"Ministerium für Umwelt, Naturschutz, Energie und Reaktorsicherheit des Landes Berlin",Berlin,Berlin,Berlin,1,5777598.00,01.07.1990,31.12.1990,BMFTR
VBB Verkehrsverbund Berlin-Brandenburg GmbH,Berlin,Berlin,Berlin,17,5716389.00,01.03.2001,30.09.2027,"BMV, BMWE"
WISTA Management GmbH,Berlin,Berlin,Berlin,12,5687344.00,01.08.2001,31.12.2027,"BMFTR, BMUKN, BMWE"
IFB Institut für Bahntechnik GmbH,Berlin,Berlin,Berlin,12,5677006.00,01.09.2000,01.02.2029,"BMFTR, BMV, BMWE"
Internationaler Bund für Sozialarbeit - Jugendsozialwerk e.V.,Berlin,Berlin,Berlin,23,5473225.00,01.09.1981,31.12.1987,BMFTR
nanoPET Pharma GmbH,Berlin,Berlin,Berlin,12,5455792.00,01.04.2010,28.02.2027,BMFTR
NABU (Naturschutzbund Deutschland) e.V.,Berlin,Berlin,Berlin,17,5439458.00,01.02.2007,31.12.2027,"BMFTR, BMLEH, BMUKN, BMWE"
Hertie School gemeinnützige GmbH,Berlin,Berlin,Berlin,9,5406576.00,01.05.2015,31.12.2026,"BMFTR, BMWE"
inhouse engineering GmbH,Berlin,Berlin,Berlin,20,5370362.00,01.09.1992,31.01.2025,"BMFTR, BMV, BMWE"
Lausitzer und Mitteldeutsche Bergbau-Verwaltungsgesellschaft mbH,Berlin,Berlin,Berlin,6,5290810.00,01.05.1995,31.12.2003,BMFTR
Die Autobahn GmbH des Bundes,Berlin,Berlin,Berlin,6,5224098.00,01.09.2016,30.06.2025,"BMV, BMWE"
Verein für Kommunalwissenschaften e.V.,Berlin,Berlin,Berlin,8,5210366.00,01.11.1987,31.07.2009,BMFTR
Mansour-Initiative für Demokratieförderung und Extremismusprävention (MIND) gGmbH,Berlin,Berlin,Berlin,1,5164807.00,15.12.2024,31.12.2028,BMFTR
Deutsche Energie-Agentur GmbH (dena),Berlin,Berlin,Berlin,8,5102134.00,15.09.2005,31.12.2024,"BMLEH, BMUKN, BMV, BMWE"
DHI-WASY GmbH (alt),Berlin,Berlin,Berlin,21,5071897.00,01.10.1991,28.02.2015,BMFTR
Astro- und Feinwerktechnik Adlershof GmbH,Berlin,Berlin,Berlin,12,5022887.00,01.09.2001,30.11.2022,"BMFTR, BMWE"
Forschungsgemeinschaft Bionik-Kompetenznetz e. V. (BIOKON),Berlin,Berlin,Berlin,5,4954010.00,16.06.2004,30.11.2027,"BMFTR, BMWE"
Circle K Deutschland GmbH,Berlin,Berlin,Berlin,5,4910229.00,21.03.2018,30.06.2023,BMV
Deutscher Beton- und Bautechnik-Verein E.V.,Berlin,Berlin,Berlin,17,4907276.00,01.01.1994,31.01.2029,"BMFTR, BMWE"
Telefunken Sendertechnik GmbH,Berlin,Berlin,Berlin,4,4832780.00,01.01.1988,31.03.1997,BMFTR
Universal-Stiftung Helmut Ziegner,Berlin,Berlin,Berlin,20,4798358.00,01.10.1980,31.12.1987,BMFTR
BSH Hausgeräte GmbH,Berlin,Berlin,Berlin,2,4790221.00,15.04.1977,30.11.1983,"BMFTR, BMWE"
FZB Biotechnik GmbH,Berlin,Berlin,Berlin,23,4779724.00,01.07.1990,30.09.1998,BMFTR
"LIFE - Bildung, Umwelt, Chancengleichheit e.V.",Berlin,Berlin,Berlin,15,4771404.00,01.07.2001,30.04.2027,"BMFTR, BMUKN, BMWE"
Kiron Open Higher Education gGmbH,Berlin,Berlin,Berlin,4,4733531.00,01.09.2016,31.03.2020,BMFTR
Johanniter-Unfall-Hilfe e. V.,Berlin,Berlin,Berlin,31,4727692.00,01.04.2009,30.04.2024,"BMFTR, BMV, BMWE"
Daimler AG,Berlin,Berlin,Berlin,9,4661512.00,01.01.1978,31.10.2006,"BMFTR, BMWE"
YOUSE GmbH,Berlin,Berlin,Berlin,29,4657072.00,01.07.2010,31.12.2028,"BMFTR, BMLEH"
ÖKOTEC Energiemanagement GmbH,Berlin,Berlin,Berlin,11,4613095.00,01.09.2009,31.12.2026,"BMUKN, BMWE"
Scienion GmbH,Berlin,Berlin,Berlin,14,4592372.00,01.07.2001,31.08.2027,BMFTR
Versuchs- und Lehranstalt für Spiritusfabrikation und Fermentationstechnologie in Berlin (VLSF),Berlin,Berlin,Berlin,11,4587886.00,01.12.1975,30.09.1992,BMFTR
ETC Berlin GmbH,Berlin,Berlin,Berlin,22,4578933.00,01.07.1990,31.12.1995,"BMFTR, BMWE"
3B Pharmaceuticals GmbH,Berlin,Berlin,Berlin,7,4556111.00,01.03.2011,31.12.2019,BMFTR
BG Klinikum Unfallkrankenhaus Berlin gGmbH,Berlin,Berlin,Berlin,15,4456747.00,01.10.2007,30.06.2028,"BMFTR, BMUKN"
TissUse GmbH,Berlin,Berlin,Berlin,6,4445781.00,01.01.2015,30.06.2022,BMFTR
Anaqor AG,Berlin,Berlin,Berlin,7,4417683.00,01.06.2011,31.12.2023,BMFTR
4flow SE,Berlin,Berlin,Berlin,13,4401479.00,01.01.2006,31.01.2029,"BMFTR, BMV, BMWE"
Bombardier Transportation (Bahntechnologie) Holding Germany GmbH,Berlin,Berlin,Berlin,7,4396601.00,01.09.1992,31.12.2000,"BMFTR, BMWE"
Vattenfall Wärme Berlin Aktiengesellschaft,Berlin,Berlin,Berlin,11,4391161.00,01.06.2000,30.11.2022,"BMFTR, BMWE"
Berliner Nanotest und Design GmbH,Berlin,Berlin,Berlin,23,4388100.00,01.09.2006,30.06.2028,"BMFTR, BMWE"
"planen-bauen 4.0 Gesellschaft zur Digitalisierung des Planens, Bauens und Betreibens mbH",Berlin,Berlin,Berlin,6,4354283.00,01.03.2018,29.02.2028,"BMFTR, BMV, BMWE"
Futurium gGmbH,Berlin,Berlin,Berlin,1,4354010.00,01.04.2022,31.12.2026,BMFTR
50Hertz Transmission GmbH,Berlin,Berlin,Berlin,22,4351406.00,01.02.2004,31.01.2029,"BMFTR, BMWE"
Ubermetrics Technologies GmbH,Berlin,Berlin,Berlin,10,4318200.00,01.04.2015,31.03.2029,BMFTR
Wissenschaftsförderung der Deutschen Brauwirtschaft e.V.,Berlin,Berlin,Berlin,11,4305846.00,01.01.2019,31.05.2028,BMWE
budatec GmbH,Berlin,Berlin,Berlin,18,4285531.00,01.11.2013,31.01.2029,"BMFTR, BMWE"
ArbeiterKind.de gGmbH zur Förderung des Hochschulstudiums von Nicht-Akademikerkindern,Berlin,Berlin,Berlin,2,4216468.00,01.10.2010,31.12.2020,BMFTR
B. Braun Melsungen Aktiengesellschaft,Berlin,Berlin,Berlin,13,4210849.00,01.08.1973,30.06.2012,"BMFTR, BMWE"
bbw Bildungswerk der Wirtschaft in Berlin und Brandenburg e.V.,Berlin,Berlin,Berlin,4,4191977.00,01.11.1992,31.10.2019,BMFTR
Lumics GmbH,Berlin,Berlin,Berlin,8,4187505.00,01.06.2002,30.11.2028,BMFTR
ProBioGen AG,Berlin,Berlin,Berlin,8,4179408.00,01.01.1999,30.09.2027,BMFTR
Innovationszentrum für Mobilität und gesellschaftlichen Wandel (InnoZ) GmbH,Berlin,Berlin,Berlin,20,4177003.00,01.09.2009,30.04.2019,"BMFTR, BMV, BMWE"
Ucaneo Biotech GmbH,Berlin,Berlin,Berlin,1,4160112.00,01.11.2025,30.04.2029,BMWE
Glycotope GmbH,Berlin,Berlin,Berlin,4,4156166.00,01.01.2004,30.06.2013,BMFTR
BSP Business and Law School - Hochschule für Management und Recht GmbH,Berlin,Berlin,Berlin,4,4153117.00,01.11.2015,31.12.2028,"BMFTR, BMWE"
H. Berthold AG,Berlin,Berlin,Berlin,7,4146808.00,01.10.1977,31.12.1984,BMFTR
ELO Mobility GmbH,Berlin,Berlin,Berlin,2,4127480.00,01.09.2020,30.06.2024,"BMFTR, BMV"
Cornelsen Verlag GmbH,Berlin,Berlin,Berlin,5,4120252.00,01.10.1988,31.05.2005,BMFTR
3pc GmbH Neue Kommunikation,Berlin,Berlin,Berlin,7,4100893.00,01.09.2015,31.01.2028,BMFTR
BISDN GmbH,Berlin,Berlin,Berlin,10,4071245.00,01.04.2016,31.05.2029,BMFTR
Forschungsgemeinschaft Transportbeton e.V. (FTB),Berlin,Berlin,Berlin,10,4066452.00,01.12.2014,31.01.2028,"BMFTR, BMWE"
nexus Institut für Kooperationsmanagement und interdisziplinäre Forschung GmbH,Berlin,Berlin,Berlin,20,4059026.00,01.06.2000,28.02.2027,"BMFTR, BMWE"
eemagine Medical Imaging Solutions GmbH,Berlin,Berlin,Berlin,12,4032332.00,01.06.2016,31.12.2028,BMFTR
PolyAn Gesellschaft zur Herstellung von Polymeren für spezielle Anwendungen und Analytik mbH,Berlin,Berlin,Berlin,17,4020643.00,01.04.2004,31.12.2028,"BMFTR, BMWE"
Charité - Universitätsmedizin Berlin - Campus Benjamin Franklin,Berlin,Berlin,Berlin,12,4005295.00,01.07.2003,31.12.2012,BMFTR
Adelphi Consult GmbH,Berlin,Berlin,Berlin,5,4004041.00,01.01.2009,31.12.2015,BMUKN
Deutsches Zentrum für Hochschul- und Wissenschaftsforschung GmbH,Berlin,Berlin,Berlin,3,3987733.00,01.12.2008,31.12.2015,BMFTR
PSI Logistics GmbH,Berlin,Berlin,Berlin,9,3982289.00,01.04.2006,31.03.2023,"BMFTR, BMV, BMWE"
Sony Deutschland GmbH,Berlin,Berlin,Berlin,5,3934477.00,01.10.1996,30.09.2003,BMFTR
KLiB - Kompetenznetzwerk Lithium-Ionen-Batterien e.V.,Berlin,Berlin,Berlin,3,3932250.00,01.10.2015,31.08.2028,BMFTR
pi4 robotics GmbH,Berlin,Berlin,Berlin,11,3920355.00,01.01.2015,31.12.2028,"BMFTR, BMWE"
Handelsverband Deutschland - HDE - e.V.,Berlin,Berlin,Berlin,4,3908122.00,01.04.2017,31.12.2026,"BMUKN, BMWE"
Berlin Heart GmbH,Berlin,Berlin,Berlin,11,3902192.00,01.06.1999,30.04.2026,BMFTR
Robert Koch-Institut (RKI),Berlin,Berlin,Berlin,10,3883257.00,01.01.1991,31.12.2028,"BMFTR, BMLEH"
IC4X GmbH,Berlin,Berlin,Berlin,3,3747851.00,15.07.2023,28.02.2029,BMFTR
netzwerk n e.V.,Berlin,Berlin,Berlin,8,3698984.00,01.07.2015,28.02.2029,"BMFTR, BMUKN"
"Arbeitsgemeinschaft Kraftwerksreststoffe Berlin, vertreten durch EAB Energie-Anlagen Berlin GmbH",Berlin,Berlin,Berlin,3,3693026.00,01.06.1988,28.02.1992,BMWE
nexus Institut für Kooperationsmanagement und interdisziplinäre Forschung e.V.,Berlin,Berlin,Berlin,7,3691669.00,01.06.2010,30.09.2030,"BMFTR, BMUKN"
EPO Experimentelle Pharmakologie & Onkologie Berlin-Buch GmbH,Berlin,Berlin,Berlin,13,3688229.00,01.06.2005,31.12.2024,BMFTR
Jonas & Redmann Automationstechnik GmbH,Berlin,Berlin,Berlin,8,3683541.00,01.01.2009,31.08.2026,"BMFTR, BMWE"
FIWARE Foundation e. V.,Berlin,Berlin,Berlin,5,3672052.00,01.04.2018,30.06.2026,"BMFTR, BMWE"
"BLIC GmbH Beratungsgesellschaft für Leit-,und Informations- und Computertechnik",Berlin,Berlin,Berlin,17,3671244.00,01.06.1998,31.12.2027,"BMFTR, BMV, BMWE"
Deutsche Gesetzliche Unfallversicherung e. V. (DGUV),Berlin,Berlin,Berlin,15,3670348.00,01.04.1980,14.10.2025,BMFTR
aap Implantate AG,Berlin,Berlin,Berlin,4,3619828.00,01.09.2018,31.12.2025,BMFTR
C1 Green Chemicals AG,Berlin,Berlin,Berlin,2,3557257.00,01.04.2023,31.07.2026,"BMFTR, BMV"
EASYMILE GmbH,Berlin,Berlin,Berlin,3,3533456.00,01.04.2020,31.07.2025,"BMFTR, BMV"
subito. Dokumente aus Bibliotheken e.V.,Berlin,Berlin,Berlin,4,3529456.00,01.01.2000,31.12.2005,BMFTR
BIOTRONIK GmbH & Co. KG - Entwicklung Elektronische Implantate / EIC-1,Berlin,Berlin,Berlin,10,3509274.00,01.04.1982,31.12.2003,BMFTR
DB Mobility Logistics AG,Berlin,Berlin,Berlin,8,3508191.00,01.07.2002,31.03.2015,"BMFTR, BMWE"
Deutschland sicher im Netz e.V.,Berlin,Berlin,Berlin,2,3503215.00,01.01.2020,31.08.2026,BMWE
Zentrum für Osteuropa- und internationale Studien (ZOiS) gGmbH,Berlin,Berlin,Berlin,7,3495513.00,01.04.2021,31.03.2028,BMFTR
Berliner Kraft- und Licht (BEWAG)-AG,Berlin,Berlin,Berlin,6,3482712.00,01.09.1975,31.10.2000,BMWE
"BITKOM Bundesverband Informationswirtschaft, Telekommunikation und neue Medien e.V.",Berlin,Berlin,Berlin,5,3480789.00,01.05.2001,31.10.2017,"BMFTR, BMUKN"
Eagleyard Photonics GmbH,Berlin,Berlin,Berlin,17,3452379.00,01.05.2008,31.12.2028,BMFTR
Atesio GmbH,Berlin,Berlin,Berlin,13,3447069.00,01.09.2005,31.01.2029,"BMFTR, BMV"
Atotech Deutschland GmbH & Co. KG,Berlin,Berlin,Berlin,13,3422617.00,01.10.1993,31.12.2026,"BMFTR, BMWE"
Akademie der Wissenschaften zu Berlin i.L.,Berlin,Berlin,Berlin,5,3403513.00,01.01.1989,31.12.1991,BMFTR
HoloEye Photonics AG,Berlin,Berlin,Berlin,12,3377787.00,01.09.2001,30.11.2027,"BMFTR, BMWE"
Auto Tissue Berlin GmbH,Berlin,Berlin,Berlin,5,3371102.00,01.01.2013,31.03.2023,BMFTR
Surflay Nanotec GmbH,Berlin,Berlin,Berlin,13,3366476.00,01.01.2009,31.01.2028,"BMFTR, BMWE"
Cellbricks GmbH,Berlin,Berlin,Berlin,7,3358681.00,01.03.2017,30.11.2026,"BMFTR, BMWE"
Catena-X Automotive Network e.V.,Berlin,Berlin,Berlin,1,3350431.00,01.01.2024,30.06.2026,BMWE
VPIsystems GmbH,Berlin,Berlin,Berlin,5,3347236.00,01.05.2001,30.06.2011,BMFTR
dida Datenschmiede GmbH,Berlin,Berlin,Berlin,10,3331698.00,01.04.2020,30.09.2028,BMFTR
Senatsverwaltung für Inneres und Sport,Berlin,Berlin,Berlin,6,3322116.00,01.01.1977,30.09.2027,BMFTR
"Technische Universität Berlin, Der Präsident",Berlin,Berlin,Berlin,11,3312759.00,01.12.2020,30.06.2027,"BMFTR, BMV, BMWE"
IQ wireless GmbH Entwicklungsgesellschaft für Systeme und Technologien der Telekommunikation,Berlin,Berlin,Berlin,8,3286281.00,01.11.2001,31.05.2020,BMFTR
Förderverein für Jugend und Sozialarbeit e.V.,Berlin,Berlin,Berlin,7,3285710.00,01.06.2001,30.09.2023,BMFTR
Meister Systems GmbH,Berlin,Berlin,Berlin,4,3276416.00,01.03.2025,31.05.2029,BMWE
Actis Angewandte Computertechnik für Informationssysteme GmbH,Berlin,Berlin,Berlin,2,3233433.00,01.01.1985,30.06.1995,"BMFTR, BMWE"
Stratosphere Games GmbH,Berlin,Berlin,Berlin,6,3233105.00,01.02.2020,31.10.2026,BMFTR
Allgemeiner Deutscher Fahrrad-Club (Bundesverband) e.V. (ADFC),Berlin,Berlin,Berlin,24,3207809.00,01.04.2002,31.12.2027,"BMFTR, BMV"
Hochschule für Schauspielkunst Ernst Busch,Berlin,Berlin,Berlin,6,3193523.00,01.01.2012,30.09.2029,"BMFTR, BMUKN"
Öko-Institut Consult GmbH,Berlin,Berlin,Berlin,1,3164563.00,09.03.2026,08.03.2030,BMUKN
Studiengesellschaft für den Kombinierten Verkehr e.V. (SGKV),Berlin,Berlin,Berlin,14,3152529.00,01.09.2010,31.07.2028,"BMFTR, BMUKN, BMV, BMWE"
Stadler Deutschland GmbH,Berlin,Berlin,Berlin,2,3123270.00,01.01.2022,31.12.2026,BMV
Congen Biotechnologie GmbH,Berlin,Berlin,Berlin,13,3110478.00,01.01.2002,31.12.2020,"BMFTR, BMLEH"
Germanwatch e.V.,Berlin,Berlin,Berlin,8,3105893.00,01.08.2006,31.07.2026,"BMFTR, BMUKN, BMWE"
GCF - Global Climate Forum e.V.,Berlin,Berlin,Berlin,10,3105282.00,02.05.2012,30.11.2027,"BMFTR, BMUKN, BMWE"
Aignostics GmbH,Berlin,Berlin,Berlin,4,3096606.00,01.09.2021,29.02.2028,BMFTR
AKFS Akademie der Katastrophenforschungsstelle gGmbH,Berlin,Berlin,Berlin,4,3064803.00,01.04.2020,31.12.2029,BMFTR
PI Informatik Projektierung von Informationssystemen & Informatikservice GmbH,Berlin,Berlin,Berlin,10,3052473.00,01.02.2007,28.02.2021,BMFTR
"Arbeitsgemeinschaft Kombikraftwerk mit ZWS-Vergasung, vertreten durch EAB Energie-Anlagen Berlin GmbH",Berlin,Berlin,Berlin,1,3041644.00,01.06.1988,31.12.1990,BMWE
ASML Berlin GmbH,Berlin,Berlin,Berlin,11,3034802.00,01.04.1997,30.04.2027,BMFTR
Epigenomics AG,Berlin,Berlin,Berlin,5,3024810.00,01.03.2001,30.06.2012,BMFTR
WIB Weltraum-Institut Berlin GmbH,Berlin,Berlin,Berlin,2,3018082.00,01.06.1988,31.03.1994,BMFTR
Bosch.IO GmbH,Berlin,Berlin,Berlin,10,2989872.00,01.11.2004,31.07.2022,"BMFTR, BMV, BMWE"
Theion GmbH,Berlin,Berlin,Berlin,2,2965188.00,01.07.2025,30.11.2028,BMFTR
Silence Therapeutics GmbH,Berlin,Berlin,Berlin,2,2944527.00,01.06.1999,30.06.2006,BMFTR
Institut für Zukunftsforschung GmbH,Berlin,Berlin,Berlin,5,2939256.00,01.04.1971,31.12.1982,"BMFTR, BMWE"
VMZ Berlin Betreibergesellschaft mbH,Berlin,Berlin,Berlin,7,2932340.00,01.11.2004,31.01.2028,"BMV, BMWE"
CLIMATE ANALYTICS gGmbH,Berlin,Berlin,Berlin,6,2929029.00,01.04.2017,31.07.2025,BMFTR
Wissenschaftsgemeinschaft Gottfried Wilhelm Leibniz e.V. kurz: Leibniz-Gemeinschaft,Berlin,Berlin,Berlin,5,2923448.00,01.09.2007,31.08.2023,BMFTR
ADW - Zentralinstitut für Elektronenphysik,Berlin,Berlin,Berlin,9,2909918.00,01.07.1990,31.12.1991,"BMFTR, BMWE"
Dopavision GmbH,Berlin,Berlin,Berlin,3,2898444.00,01.06.2018,30.06.2025,BMFTR
Model Engineering Solutions GmbH,Berlin,Berlin,Berlin,11,2895626.00,01.04.2009,31.03.2022,BMFTR
AEG Olympia AG,Berlin,Berlin,Berlin,5,2882374.00,01.04.1975,31.10.1984,"BMFTR, BMWE"
degewo Köpenicker Wohnungsgesellschaft mbH,Berlin,Berlin,Berlin,2,2882241.00,01.05.1998,31.12.2003,BMWE
VPIphotonics GmbH,Berlin,Berlin,Berlin,13,2869979.00,01.08.2011,31.12.2027,BMFTR
PACE Aerospace Engineering and Information Technology GmbH,Berlin,Berlin,Berlin,8,2854955.00,01.11.2008,30.09.2028,"BMFTR, BMWE"
BWK Bildungswerk in Kreuzberg GmbH,Berlin,Berlin,Berlin,5,2808076.00,01.05.2006,31.07.2023,BMFTR
Mirekon Gesellschaft für Datenanwendungssysteme mbH,Berlin,Berlin,Berlin,3,2782142.00,01.01.1978,31.12.1981,BMFTR
Institut für angewandte Photonik e.V.,Berlin,Berlin,Berlin,10,2767847.00,01.09.2000,30.09.2027,"BMFTR, BMWE"
"Arbeitsgemeinschaft, vertreten durch EAB Energie-Anlagen Berlin GmbH",Berlin,Berlin,Berlin,1,2760976.00,01.03.1978,30.06.1983,BMWE
Evangelische Hochschule Berlin,Berlin,Berlin,Berlin,11,2756298.00,01.01.1993,31.12.2027,"BMFTR, BMWE"
Sicoya GmbH,Berlin,Berlin,Berlin,5,2734180.00,01.11.2015,30.06.2023,"BMFTR, BMWE"
Kieback & Peter GmbH & Co. KG,Berlin,Berlin,Berlin,10,2733039.00,01.05.1991,30.11.2019,"BMFTR, BMWE"
Dunia Innovations GmbH,Berlin,Berlin,Berlin,2,2728046.00,01.04.2026,31.03.2031,BMFTR
Berliner Stadtwerke KommunalPartner GmbH,Berlin,Berlin,Berlin,14,2693384.00,01.01.2022,31.12.2025,"BMUKN, BMV"
ESCP Europe Wirtschaftshochschule Berlin e.V.,Berlin,Berlin,Berlin,15,2685825.00,01.09.2010,31.05.2027,"BMFTR, BMWE"
Novozymes Berlin GmbH,Berlin,Berlin,Berlin,8,2676873.00,01.08.2010,31.12.2023,"BMFTR, BMLEH"
Mannesmann Seiffert Industrieanlagen GmbH,Berlin,Berlin,Berlin,3,2666967.00,01.05.1986,31.12.1992,"BMFTR, BMWE"
Centre Marc Bloch - Deutsch-Französisches Forschungszentrum für Sozialwissenschaften e.V.,Berlin,Berlin,Berlin,11,2662337.00,01.07.2006,30.09.2026,BMFTR
Vereinigung für Betriebliche Bildungsforschung e. V.,Berlin,Berlin,Berlin,4,2637546.00,01.11.2015,31.12.2027,"BMFTR, BMWE"
Herbst Umwelttechnik GmbH,Berlin,Berlin,Berlin,6,2626453.00,01.11.1994,31.10.2023,"BMFTR, BMWE"
spx consult GmbH,Berlin,Berlin,Berlin,9,2604952.00,01.05.2006,30.09.2023,BMFTR
Prognos AG,Berlin,Berlin,Berlin,7,2599345.00,31.01.2011,31.12.2027,"BMFTR, BMLEH, BMUKN, BMV, BMWE"
Bund Ökologische Lebensmittelwirtschaft e.V. (BÖLW),Berlin,Berlin,Berlin,15,2596702.00,17.11.2006,31.12.2025,BMLEH
GB infraVelo GmbH,Berlin,Berlin,Berlin,1,2592236.00,28.06.2024,30.04.2027,BMV
bbw Akademie für betriebswirtschaftliche Weiterbildung GmbH,Berlin,Berlin,Berlin,6,2587319.00,01.08.2017,28.02.2025,"BMFTR, BMWE"
LTB Lasertechnik Berlin GmbH,Berlin,Berlin,Berlin,9,2581845.00,01.10.1993,31.12.2029,"BMFTR, BMWE"
ADW - Institut für Kosmosforschung,Berlin,Berlin,Berlin,18,2562708.00,01.07.1990,31.12.1991,BMFTR
Capsulution Pharma AG,Berlin,Berlin,Berlin,8,2550151.00,01.04.2002,30.09.2012,BMFTR
ENASYS GmbH,Berlin,Berlin,Berlin,8,2543379.00,01.11.2008,31.03.2024,"BMFTR, BMWE"
Blue Backpack GmbH,Berlin,Berlin,Berlin,4,2519630.00,15.03.2022,14.10.2027,BMFTR
STOFF2 GmbH,Berlin,Berlin,Berlin,3,2510231.00,01.02.2022,31.10.2026,"BMFTR, BMWE"
Deutsche Gesellschaft für Allgemeinmedizin und Familienmedizin (DEGAM),Berlin,Berlin,Berlin,1,2489928.00,01.10.2025,30.09.2030,BMFTR
FiBS RILLL Research Institute on Lifelong Learning gGmbH,Berlin,Berlin,Berlin,1,2478239.00,15.10.2023,31.12.2025,BMFTR
"IBUS Institut für Bau-, Umwelt- und Solartechnik Forschungsgesellschaft mbH",Berlin,Berlin,Berlin,3,2456070.00,15.11.1983,31.03.2006,BMWE
Deutsches Technikmuseum Berlin,Berlin,Berlin,Berlin,3,2448283.00,01.07.1993,31.10.2008,"BMFTR, BMWE"
Junge Tüftler gGmbH,Berlin,Berlin,Berlin,4,2441544.00,01.12.2020,31.12.2028,BMFTR
TME Pharma AG,Berlin,Berlin,Berlin,1,2413935.00,01.11.2024,30.06.2027,BMFTR
LernNetz Berlin - Brandenburg e.V.,Berlin,Berlin,Berlin,6,2412378.00,01.07.2002,30.09.2008,BMFTR
Composites United e. V.,Berlin,Berlin,Berlin,9,2406613.00,01.07.2016,31.05.2029,BMFTR
ProjectTogether gGmbH,Berlin,Berlin,Berlin,2,2403158.00,01.11.2021,15.11.2024,"BMFTR, BMLEH"
Deutsche Unternehmensinitiative Energieeffizienz e. V. - DENEFF,Berlin,Berlin,Berlin,7,2395994.00,01.08.2012,30.04.2029,"BMUKN, BMWE"
DResearch Digital Media Systems GmbH,Berlin,Berlin,Berlin,7,2378984.00,01.09.2010,30.11.2026,"BMFTR, BMWE"
Werner-von-Siemens Centre for Industry and Science e.V.,Berlin,Berlin,Berlin,5,2369497.00,01.04.2022,31.01.2029,"BMFTR, BMWE"
Berlin Heals GmbH,Berlin,Berlin,Berlin,5,2359345.00,01.04.2019,28.02.2025,BMFTR
GEBIFO Gesellschaft zur Förderung von Bildungsforschung und Qualifizierung mbH,Berlin,Berlin,Berlin,4,2347414.00,01.09.1993,31.12.2018,BMFTR
BST Bio Sensor Technologie GmbH,Berlin,Berlin,Berlin,13,2333447.00,01.01.1992,30.09.2014,BMFTR
Japanisch-Deutsches Zentrum Berlin (JDZB),Berlin,Berlin,Berlin,16,2318428.00,01.04.1994,28.02.2026,BMFTR
MerLion Pharmaceuticals GmbH,Berlin,Berlin,Berlin,5,2306966.00,01.07.2002,30.04.2007,BMFTR
Bezirksamt Neukölln BBZ,Berlin,Berlin,Berlin,8,2305158.00,01.02.1983,30.09.1987,BMFTR
Bildungswerk für Schülervertretung und Schülerbeteiligung e.V.,Berlin,Berlin,Berlin,2,2299851.00,01.11.2016,31.08.2024,BMUKN
Gesamtverband der deutschen Textil- und Modeindustrie e.V.,Berlin,Berlin,Berlin,2,2297195.00,01.11.2017,31.12.2026,BMWE
Agentur für Erneuerbare Energien e.V.,Berlin,Berlin,Berlin,11,2293357.00,01.01.2014,31.08.2028,"BMFTR, BMLEH, BMUKN, BMWE"
Stadler Pankow GmbH,Berlin,Berlin,Berlin,1,2261633.00,01.01.2018,31.12.2020,BMWE
BÖLW Projekt und Service GmbH,Berlin,Berlin,Berlin,2,2240997.00,01.01.2024,31.12.2027,BMLEH
Berliner Institut für Optik GmbH,Berlin,Berlin,Berlin,7,2238311.00,01.04.1992,30.11.1998,BMFTR
AMIC Angewandte Micro-Messtechnik GmbH,Berlin,Berlin,Berlin,16,2231072.00,01.03.2000,30.06.2021,BMFTR
Bund für Umwelt und Naturschutz Deutschland e.V.,Berlin,Berlin,Berlin,7,2218939.00,01.05.2015,31.12.2026,"BMFTR, BMUKN"
INCYDE industrial cyber defense GmbH,Berlin,Berlin,Berlin,5,2217830.00,01.07.2022,31.10.2028,"BMFTR, BMV"
"Internationale Akademie Berlin für innovative Pädagogik, Psychologie und Ökonomie gGmbH (INA)",Berlin,Berlin,Berlin,5,2194144.00,01.08.2012,14.01.2027,"BMFTR, BMV"
VIA IMC GmbH Infrastruktur Management Consulting,Berlin,Berlin,Berlin,3,2185186.00,01.03.2022,29.02.2028,"BMFTR, BMWE"
MARTIN Systems GmbH,Berlin,Berlin,Berlin,11,2176789.00,01.02.2015,31.12.2026,"BMFTR, BMWE"
AnalytiCon Aktiengesellschaft Biotechnologie - Pharmazie,Berlin,Berlin,Berlin,7,2168067.00,01.01.1988,19.04.2000,BMFTR
NeoCarbon GmbH,Berlin,Berlin,Berlin,2,2166458.00,01.12.2025,30.11.2028,"BMFTR, BMWE"
AEG Westinghouse Transport-Systeme GmbH,Berlin,Berlin,Berlin,6,2147774.00,01.03.1986,31.12.1997,BMWE
MU - Media University of Applied Sciences GmbH,Berlin,Berlin,Berlin,6,2118884.00,01.05.2019,30.09.2026,"BMFTR, BMV"
AEMtec GmbH,Berlin,Berlin,Berlin,10,2118790.00,01.01.2005,31.01.2029,BMFTR
Zukunftsbaugesellschaft mit beschränkter Haftung,Berlin,Berlin,Berlin,6,2112090.00,15.02.2000,31.08.2015,BMFTR
QUARTIQ GmbH,Berlin,Berlin,Berlin,5,2104964.00,01.05.2021,31.05.2028,BMFTR
ANDUS ELECTRONIC GmbH LEITERPLATTENTECHNIK,Berlin,Berlin,Berlin,11,2096675.00,01.01.1992,31.12.2028,"BMFTR, BMLEH, BMWE"
Mad about Pandas GmbH,Berlin,Berlin,Berlin,2,2091086.00,15.08.2020,31.08.2026,BMFTR
FixMyCity GmbH,Berlin,Berlin,Berlin,7,2087018.00,01.06.2019,31.07.2029,"BMFTR, BMV"
"Bundesministerium für Verkehr, Bau- und Stadtentwicklung",Berlin,Berlin,Berlin,7,2071188.00,01.01.1993,31.12.2010,"BMFTR, BMV"
apheris AI GmbH,Berlin,Berlin,Berlin,4,2067680.00,01.07.2020,30.04.2026,BMFTR
Process Insights GmbH,Berlin,Berlin,Berlin,8,2060100.00,01.11.2009,30.06.2021,BMFTR
Verband der Automobilindustrie e.V.,Berlin,Berlin,Berlin,3,2058120.00,17.06.2016,31.12.2025,BMWE
Tinkerbelle GmbH,Berlin,Berlin,Berlin,2,2055274.00,01.01.2009,31.12.2013,BMUKN
xolo GmbH,Berlin,Berlin,Berlin,6,2054862.00,01.07.2021,31.12.2027,BMFTR
Kraftwerks- und Anlagenbau AG,Berlin,Berlin,Berlin,8,2035459.00,01.10.1990,30.09.1996,"BMFTR, BMWE"
KMGNE - Kolleg für Management und Gestaltung Nachhaltiger Entwicklung gGmbH,Berlin,Berlin,Berlin,8,2031428.00,01.04.2002,31.03.2022,"BMFTR, BMUKN"
Sozialhelden e.V.,Berlin,Berlin,Berlin,5,2026848.00,01.07.2017,31.10.2026,"BMFTR, BMV"
inno-focus digital gmbh,Berlin,Berlin,Berlin,4,2020490.00,01.01.2020,31.08.2026,"BMFTR, BMWE"
German Stem Cell Network (GSCN) - Deutsches Stammzellnetzwerk e.V.,Berlin,Berlin,Berlin,2,1998260.00,01.04.2014,31.12.2019,BMFTR
Gestalt Automation GmbH,Berlin,Berlin,Berlin,5,1995263.00,01.07.2021,14.07.2026,"BMFTR, BMWE"
sifin diagnostics gmbh,Berlin,Berlin,Berlin,12,1993729.00,01.07.1990,31.07.2022,"BMFTR, BMLEH"
CONTAG AG,Berlin,Berlin,Berlin,9,1992681.00,01.11.2013,14.05.2027,"BMFTR, BMV, BMWE"
TransTissue Technologies GmbH,Berlin,Berlin,Berlin,9,1992017.00,01.06.2005,30.09.2020,BMFTR
GITTA Gesellschaft für interdisziplinäre Technikforschung Technologieberatung Arbeitsgestaltung mbH,Berlin,Berlin,Berlin,8,1991973.00,01.11.1995,30.11.2023,BMFTR
Harbauer GmbH & Co. KG,Berlin,Berlin,Berlin,3,1988969.00,01.11.1985,31.12.1992,BMFTR
CODE Education GmbH,Berlin,Berlin,Berlin,3,1985336.00,01.03.2019,30.06.2024,BMWE
Institut für Schienenfahrzeuge Gesellschaft mit beschränkter Haftung Berlin,Berlin,Berlin,Berlin,7,1985100.00,01.07.1990,30.06.1999,"BMFTR, BMWE"
Finitude GmbH,Berlin,Berlin,Berlin,1,1976995.00,01.02.2026,29.02.2028,BMFTR
Sedec Galvano Aluminium KG Decker GmbH & Co.,Berlin,Berlin,Berlin,2,1951946.00,01.06.1982,31.12.1987,BMFTR
neuraltrain GmbH,Berlin,Berlin,Berlin,1,1932086.00,01.06.2018,30.06.2022,BMFTR
ESYS Gesellschaft für Elektronische Systemtechnik . Hard- und Software mbH,Berlin,Berlin,Berlin,11,1931284.00,01.07.2006,05.09.2025,"BMFTR, BMLEH"
ITPower Solutions GmbH,Berlin,Berlin,Berlin,5,1921661.00,01.11.2008,30.06.2027,"BMFTR, BMWE"
Steinbeis-Hochschule-Berlin GmbH,Berlin,Berlin,Berlin,7,1916168.00,01.06.2002,31.12.2021,BMFTR
Dr. Ryll Lab GmbH,Berlin,Berlin,Berlin,2,1914367.00,01.05.2023,31.12.2027,"BMFTR, BMWE"
idalab GmbH,Berlin,Berlin,Berlin,11,1901324.00,01.11.2005,30.04.2029,"BMFTR, BMV"
Hochschule für Musik Hanns Eisler Berlin,Berlin,Berlin,Berlin,2,1883716.00,01.10.2011,31.12.2020,BMFTR
Optotransmitter- Umweltschutz-Technologie e.V.,Berlin,Berlin,Berlin,15,1879522.00,01.09.2002,31.10.2028,"BMFTR, BMLEH, BMWE"
BioTeZ Berlin-Buch GmbH Biochemisch-Technologisches Zentrum,Berlin,Berlin,Berlin,6,1874292.00,01.03.1994,31.07.2008,BMFTR
"KOMBI Consult Gesellschaft für Weiterbildung, Beratung, Analyse und Organisation mbH",Berlin,Berlin,Berlin,3,1873362.00,01.05.1997,31.03.2011,BMFTR
SFE Gesellschaft für Strukturanalyse in Forschung und Entwicklung mbH,Berlin,Berlin,Berlin,5,1869761.00,01.03.2000,31.01.2013,"BMFTR, BMWE"
Auergesellschaft GmbH,Berlin,Berlin,Berlin,8,1867469.00,01.11.1982,31.12.1996,BMFTR
Teleskopie GmbH Institut für Media-Analysen an der Technischen Universität Berlin,Berlin,Berlin,Berlin,4,1864361.00,01.08.1990,31.12.1993,BMFTR
Deutsche Rentenversicherung Bund,Berlin,Berlin,Berlin,5,1857608.00,01.09.2002,30.06.2013,"BMFTR, BMWE"
Innung Sanitär Heizung Klempner Klima Berlin,Berlin,Berlin,Berlin,4,1841611.00,01.01.1998,30.09.2028,"BMFTR, BMWE"
Silence Therapeutics AG,Berlin,Berlin,Berlin,1,1839877.00,01.10.2007,30.09.2010,BMFTR
ID Information und Dokumentation im Gesundheitswesen GmbH & Co. KG aA,Berlin,Berlin,Berlin,7,1839588.00,01.10.2011,31.07.2029,BMFTR
Carano Software Solutions GmbH,Berlin,Berlin,Berlin,4,1835677.00,01.11.2012,31.08.2023,"BMFTR, BMV, BMWE"
MSB Medical School Berlin GmbH - Hochschule für Gesundheit und Medizin,Berlin,Berlin,Berlin,4,1835148.00,01.02.2019,31.08.2026,BMFTR
Deutsche Stiftung für Allgemeinmedizin und Familienmedizin (DESAM),Berlin,Berlin,Berlin,1,1834515.00,01.02.2020,31.12.2025,BMFTR
Kiwa PI Berlin AG,Berlin,Berlin,Berlin,8,1828638.00,01.07.2011,30.04.2025,"BMFTR, BMWE"
IfP Privates Institut für Produktqualität GmbH,Berlin,Berlin,Berlin,6,1819588.00,01.09.2009,30.04.2023,"BMFTR, BMLEH"
Versuchs- und Lehranstalt für Brauerei in Berlin (VLB) e.V.,Berlin,Berlin,Berlin,7,1819233.00,01.07.1974,31.12.2028,"BMFTR, BMWE"
virtualcitysystems GmbH,Berlin,Berlin,Berlin,11,1809020.00,01.12.2009,31.10.2026,"BMFTR, BMV, BMWE"
Data Train GmbH,Berlin,Berlin,Berlin,1,1800732.00,01.09.1991,31.08.1995,BMFTR
KomRe AG,Berlin,Berlin,Berlin,3,1798314.00,01.05.2017,30.09.2027,BMFTR
Gödecke Aktiengesellschaft,Berlin,Berlin,Berlin,2,1796716.00,01.12.1986,31.03.1993,BMFTR
Verkehrsautomatisierung Berlin GmbH,Berlin,Berlin,Berlin,8,1792287.00,01.07.1990,31.12.1992,"BMFTR, BMWE"
G-Elit Präzisionswerkzeug GmbH,Berlin,Berlin,Berlin,1,1789522.00,01.04.1979,31.12.1980,BMFTR
Stiftung Wissenschaft und Politik (SWP),Berlin,Berlin,Berlin,8,1783764.00,01.05.2010,31.10.2028,BMFTR
LLA Instruments GmbH & Co. KG,Berlin,Berlin,Berlin,8,1773185.00,01.10.1995,31.12.2019,"BMFTR, BMLEH"
IMAGINARY gGmbH,Berlin,Berlin,Berlin,4,1771700.00,01.01.2018,30.09.2027,BMFTR
Franz Schmidt & Haensch GmbH & Co.,Berlin,Berlin,Berlin,10,1740963.00,01.01.1982,30.04.2028,BMFTR
GMS - Gesellschaft für multilinguale Systeme mbH,Berlin,Berlin,Berlin,1,1733041.00,01.07.1995,31.10.1998,BMFTR
ABiTEP GmbH,Berlin,Berlin,Berlin,10,1728365.00,01.08.2006,31.01.2023,"BMFTR, BMLEH"
VI Systems GmbH,Berlin,Berlin,Berlin,7,1716722.00,01.11.2009,31.10.2027,BMFTR
Hella Aglaia Mobile Vision GmbH,Berlin,Berlin,Berlin,7,1709520.00,01.01.2016,31.01.2021,"BMFTR, BMV, BMWE"
EPIGAP OSA Photonics GmbH,Berlin,Berlin,Berlin,11,1705790.00,01.07.2010,31.12.2021,"BMFTR, BMLEH"
Zentrum für die liberale Moderne gGmbH,Berlin,Berlin,Berlin,1,1702183.00,01.04.2025,31.12.2029,BMFTR
Wegner & Co. Schweisswerk-Behälterbau GmbH,Berlin,Berlin,Berlin,1,1696269.00,01.02.1989,31.12.1992,BMWE
Snowprint Studios Germany GmbH,Berlin,Berlin,Berlin,2,1694101.00,06.12.2019,31.07.2022,BMFTR
X-Visual Technologies GmbH,Berlin,Berlin,Berlin,8,1680966.00,01.11.2017,31.05.2028,"BMFTR, BMWE"
JPKinstruments Aktiengesellschaft,Berlin,Berlin,Berlin,4,1672287.00,01.09.2004,28.02.2011,BMFTR
JCMwave GmbH,Berlin,Berlin,Berlin,8,1663632.00,01.10.2012,28.02.2027,BMFTR
HPS Home Power Solutions AG,Berlin,Berlin,Berlin,3,1662570.00,01.06.2015,31.03.2023,"BMV, BMWE"
KleRo GmbH Roboterautomation,Berlin,Berlin,Berlin,8,1661802.00,01.04.2010,30.09.2028,"BMFTR, BMWE"
net check GmbH,Berlin,Berlin,Berlin,1,1653904.00,01.12.2021,30.11.2024,BMFTR
Deutsche Telekom AG,Berlin,Berlin,Berlin,2,1650593.00,01.08.2005,31.05.2008,"BMFTR, BMWE"
Abwicklungsgesellschaft Gestalt Robotics mbH,Berlin,Berlin,Berlin,8,1649865.00,01.06.2018,29.02.2024,"BMFTR, BMWE"
STRATEC Molecular GmbH (alt),Berlin,Berlin,Berlin,3,1648110.00,01.11.1993,30.06.2006,BMFTR
S-Bahn Berlin GmbH,Berlin,Berlin,Berlin,3,1647896.00,01.04.1995,31.05.2011,BMWE
DHI WASY GmbH,Berlin,Berlin,Berlin,7,1640048.00,01.09.2011,31.12.2022,BMFTR
"Arbeitsgemeinschaft Borsig GmbH/Saarberg-Fernwärme GmbH, vertreten durch Borsig GmbH",Berlin,Berlin,Berlin,1,1636799.00,15.10.1977,31.03.1982,BMWE
imc Test & Measurement GmbH,Berlin,Berlin,Berlin,5,1634353.00,01.03.2000,31.05.2024,"BMFTR, BMWE"
GreenDelta GmbH,Berlin,Berlin,Berlin,9,1627637.00,01.09.2010,31.10.2025,"BMFTR, BMWE"
H2NOW GmbH,Berlin,Berlin,Berlin,1,1625000.00,01.01.2026,30.12.2027,BMV
Elysium Game Studio UG (haftungsbeschränkt),Berlin,Berlin,Berlin,2,1620441.00,01.12.2020,31.12.2026,BMFTR
AXO Track GmbH,Berlin,Berlin,Berlin,1,1616281.00,01.10.2024,01.10.2027,BMV
Deutsches Zentrum für Integrations- und Migrationsforschung e.V.,Berlin,Berlin,Berlin,4,1615768.00,01.01.2020,31.12.2027,BMFTR
ISRA VISION Graphikon GmbH,Berlin,Berlin,Berlin,5,1615397.00,01.06.1993,30.09.2011,BMFTR
NEUROSPACE GmbH,Berlin,Berlin,Berlin,1,1604216.00,25.07.2024,31.08.2026,BMFTR
DeepSpin GmbH,Berlin,Berlin,Berlin,3,1603212.00,01.05.2021,30.04.2027,BMFTR
GermanZero e.V.,Berlin,Berlin,Berlin,1,1602652.00,01.01.2026,31.12.2028,BMUKN
p2m berlin GmbH,Berlin,Berlin,Berlin,6,1599978.00,01.10.2003,31.10.2024,BMFTR
biotechrabbit GmbH,Berlin,Berlin,Berlin,5,1590365.00,01.04.2021,30.09.2029,BMFTR
IT Service Omikron GmbH,Berlin,Berlin,Berlin,5,1585190.00,01.03.2002,31.12.2021,BMFTR
TimeKontor AG,Berlin,Berlin,Berlin,3,1584985.00,01.06.2009,31.07.2015,BMFTR
Elpro AG,Berlin,Berlin,Berlin,3,1584248.00,01.01.1993,30.06.1997,BMFTR
KungerKiezInitiative e.V.,Berlin,Berlin,Berlin,4,1576501.00,01.06.2017,31.10.2024,BMUKN
Optris GmbH & Co. KG,Berlin,Berlin,Berlin,8,1576124.00,01.10.2010,31.12.2026,"BMFTR, BMWE"
Bündnis Bürgerenergie e.V.,Berlin,Berlin,Berlin,8,1575016.00,01.10.2021,31.12.2028,"BMFTR, BMWE"
Nanotron Technologies GmbH,Berlin,Berlin,Berlin,4,1572602.00,01.01.2008,31.07.2018,"BMFTR, BMWE"
Maschinen-Mensch UG (haftungsbeschränkt),Berlin,Berlin,Berlin,5,1571322.00,01.09.2020,31.07.2025,BMFTR
Akkon - Hochschule für Humanwissenschaften gemeinnützige Gesellschaft mbH,Berlin,Berlin,Berlin,3,1565027.00,01.02.2018,30.09.2027,BMFTR
Formo Foods GmbH,Berlin,Berlin,Berlin,3,1558443.00,01.11.2020,14.06.2027,"BMFTR, BMLEH"
AWFI Arbeitswissenschaftliches Forschungsinstitut GmbH,Berlin,Berlin,Berlin,5,1557810.00,02.05.1977,28.02.1987,BMFTR
Edkon Games GmbH,Berlin,Berlin,Berlin,2,1551169.00,01.08.2023,31.05.2028,BMFTR
Swift Games GmbH,Berlin,Berlin,Berlin,3,1550002.00,15.08.2022,31.01.2026,BMFTR
LUM GmbH,Berlin,Berlin,Berlin,8,1549421.00,01.10.2016,31.05.2029,"BMFTR, BMWE"
Plasmetrex GmbH,Berlin,Berlin,Berlin,7,1548997.00,01.05.2009,30.06.2028,"BMFTR, BMWE"
a tip: tap e. V.,Berlin,Berlin,Berlin,3,1548836.00,01.11.2017,28.02.2023,BMUKN
INFRA Dialog Deutschland GmbH,Berlin,Berlin,Berlin,3,1548383.00,01.06.2017,31.12.2024,BMV
GEFERTEC GmbH,Berlin,Berlin,Berlin,11,1546269.00,01.05.2016,28.02.2025,BMFTR
PROJEKTRON GmbH,Berlin,Berlin,Berlin,3,1540784.00,01.11.2004,31.12.2027,BMFTR
NIRx Medizintechnik GmbH,Berlin,Berlin,Berlin,6,1534289.00,01.01.2015,30.11.2027,BMFTR
SectorCon Ingenieurgesellschaft mbH,Berlin,Berlin,Berlin,5,1534227.00,01.02.2021,31.05.2028,BMFTR
Deutscher Ausschuss für Stahlbeton e.V. (DafStb),Berlin,Berlin,Berlin,11,1534037.00,01.12.2014,30.04.2029,"BMFTR, BMWE"
Bund für Umwelt und Naturschutz Deutschland Landesverband Berlin e.V. (BUND Berlin),Berlin,Berlin,Berlin,9,1532324.00,15.09.2006,30.06.2026,"BMFTR, BMUKN, BMV"
Fritz-Haber-Institut der Max-Planck-Gesellschaft,Berlin,Berlin,Berlin,3,1527544.00,01.07.2007,31.12.2022,BMFTR
JPT Peptide Technologies GmbH,Berlin,Berlin,Berlin,4,1524544.00,01.10.2011,31.03.2019,BMFTR
Aventis CropScience GmbH,Berlin,Berlin,Berlin,1,1522629.00,01.11.1996,31.10.2000,BMFTR
Prolux Maschinenbau GmbH,Berlin,Berlin,Berlin,4,1521104.00,01.11.1991,30.06.1996,BMFTR
Erdmann Technologies GmbH,Berlin,Berlin,Berlin,1,1518692.00,01.09.2013,31.01.2017,BMFTR
Handwerkskammer Berlin,Berlin,Berlin,Berlin,6,1513784.00,02.09.1991,31.12.2021,BMFTR
ConPolicy GmbH,Berlin,Berlin,Berlin,6,1503737.00,01.08.2011,31.03.2029,"BMFTR, BMLEH, BMUKN"
Nationales Register für angeborene Herzfehler e.V.,Berlin,Berlin,Berlin,1,1497921.00,01.01.2022,31.12.2024,BMFTR
AI: Aerospace Innovation GmbH,Berlin,Berlin,Berlin,4,1492510.00,01.01.2015,31.08.2026,BMFTR
ADW - Zentralinstitut für Molekularbiologie,Berlin,Berlin,Berlin,33,1491896.00,01.07.1990,31.12.1991,BMFTR
GFBM-gemeinnützige Gesellschaft für berufsbildende Maßnahmen mit beschränkter Haftung,Berlin,Berlin,Berlin,3,1490214.00,01.02.2004,30.11.2012,BMFTR
circular.fashion GmbH,Berlin,Berlin,Berlin,4,1488723.00,15.11.2018,31.05.2027,BMFTR
motiontag GmbH,Berlin,Berlin,Berlin,6,1487142.00,01.12.2017,30.11.2028,"BMFTR, BMV"
ANiMOX Gesellschaft mit beschränkter Haftung,Berlin,Berlin,Berlin,8,1479468.00,01.02.2009,31.12.2028,"BMFTR, BMLEH"
Heliocentris Industry GmbH,Berlin,Berlin,Berlin,1,1476452.00,01.11.2013,30.09.2016,BMV
BANDELIN electronic GmbH & Co. KG,Berlin,Berlin,Berlin,5,1469640.00,01.03.2007,30.11.2028,"BMFTR, BMLEH, BMWE"
Heliocentris Academia GmbH,Berlin,Berlin,Berlin,3,1457883.00,01.04.2010,31.08.2016,BMV
Peak Mobility GmbH,Berlin,Berlin,Berlin,3,1453515.00,01.07.2009,30.06.2027,"BMFTR, BMV"
Arbeit und Leben Berlin-Brandenburg DGB/VHS e.V.,Berlin,Berlin,Berlin,3,1441707.00,01.09.2012,30.09.2023,BMFTR
Physikalisch-Technische Bundesanstalt (PTB),Berlin,Berlin,Berlin,4,1440574.00,01.08.1996,30.06.2020,"BMFTR, BMWE"
Alpha Strike Labs GmbH,Berlin,Berlin,Berlin,2,1438036.00,01.06.2023,29.02.2028,BMFTR
HMS Antriebssysteme GmbH,Berlin,Berlin,Berlin,4,1436676.00,01.10.1985,31.12.1996,BMFTR
Berlin Partner für Wirtschaft und Technologie GmbH,Berlin,Berlin,Berlin,6,1424470.00,01.11.2011,31.03.2025,"BMFTR, BMV, BMWE"
EWU Engineering GmbH,Berlin,Berlin,Berlin,14,1423945.00,01.07.1990,31.05.1996,"BMFTR, BMWE"
Technische Universität Berlin - Fakultät V - Verkehrs- und Maschinensysteme - Fachgebiet Schienenfahrwege und Bahnbetrieb,Berlin,Berlin,Berlin,2,1423622.00,28.10.2020,01.07.2025,BMV
Becker & Hickl GmbH,Berlin,Berlin,Berlin,8,1418184.00,01.10.1996,31.01.2029,BMFTR
HIGHTRACK Computer Technik GmbH,Berlin,Berlin,Berlin,2,1412758.00,01.01.1978,31.12.1982,BMFTR
Wissenschaftskolleg zu Berlin e. V. - Institute for Advanced Study Berlin -,Berlin,Berlin,Berlin,5,1412584.00,01.10.1990,30.09.2006,BMFTR
Verein der Zuckerindustrie e.V.,Berlin,Berlin,Berlin,5,1412049.00,17.08.2016,31.03.2024,"BMFTR, BMLEH"
empirica Aktiengesellschaft,Berlin,Berlin,Berlin,6,1410601.00,01.06.2001,31.01.2025,BMFTR
Deutscher Paritätischer Wohlfahrtsverband - Gesamtverband e.V.,Berlin,Berlin,Berlin,3,1408368.00,01.01.1996,30.09.2028,"BMFTR, BMUKN"
TSB Technologiestiftung Innovationsagentur Berlin GmbH,Berlin,Berlin,Berlin,12,1407173.00,01.04.1995,31.12.2011,"BMFTR, BMV"
Basaas GmbH,Berlin,Berlin,Berlin,2,1402986.00,01.07.2017,31.10.2022,BMFTR
iris-GmbH infrared & intelligent sensors,Berlin,Berlin,Berlin,8,1391475.00,01.01.1995,31.07.2027,BMFTR
chemicell GmbH,Berlin,Berlin,Berlin,9,1387083.00,01.12.2001,31.08.2018,BMFTR
Epiontis GmbH,Berlin,Berlin,Berlin,5,1385471.00,01.03.2005,30.04.2017,BMFTR
Spektrum Laser-Entwicklungs- und Vertriebs-GmbH,Berlin,Berlin,Berlin,4,1385446.00,01.11.1989,31.12.2003,BMFTR
highstreet technologies GmbH,Berlin,Berlin,Berlin,6,1383971.00,01.06.2016,31.03.2025,BMFTR
ubitricity Gesellschaft für verteilte Energiesysteme mbH,Berlin,Berlin,Berlin,6,1376937.00,01.05.2010,12.12.2024,"BMV, BMWE"
Palaimon GmbH,Berlin,Berlin,Berlin,6,1376170.00,01.01.2021,28.02.2026,"BMFTR, BMV"
W.O.M. World of Medicine GmbH,Berlin,Berlin,Berlin,3,1376082.00,01.06.2005,30.11.2019,BMFTR
Optec-Berlin-Brandenburg (OptecBB) e.V.,Berlin,Berlin,Berlin,3,1367730.00,15.11.2000,30.06.2009,BMFTR
Gedenkstätte Berlin-Hohenschönhausen,Berlin,Berlin,Berlin,1,1366581.00,01.01.2019,30.04.2023,BMFTR
FOC - fibre optical components GmbH,Berlin,Berlin,Berlin,4,1355277.00,01.05.2008,31.12.2020,BMFTR
UWG Gesellschaft für Umwelt- und Wirtschaftsgeologie mbH,Berlin,Berlin,Berlin,9,1352470.00,01.07.1990,31.03.1993,BMFTR
Wohnungsbaugenossenschaft 'Berolina' eG,Berlin,Berlin,Berlin,1,1344851.00,01.08.1994,31.07.1997,BMWE
SpeechCare GmbH,Berlin,Berlin,Berlin,4,1344727.00,01.10.2015,30.04.2029,BMFTR
Tafel Deutschland e.V.,Berlin,Berlin,Berlin,1,1335029.00,01.03.2019,31.12.2022,BMLEH
Transdev Nord GmbH,Berlin,Berlin,Berlin,2,1334300.00,01.01.2026,31.12.2028,BMV
Deutsche Binnenreederei GmbH,Berlin,Berlin,Berlin,6,1330051.00,01.07.1997,30.09.2023,"BMV, BMWE"
SEnerCon GmbH,Berlin,Berlin,Berlin,6,1329707.00,01.01.2018,30.06.2027,"BMFTR, BMWE"
inno2grid GmbH,Berlin,Berlin,Berlin,1,1327810.00,01.03.2022,28.02.2027,BMFTR
ByteRockers`Games GmbH & Co. KG,Berlin,Berlin,Berlin,4,1325886.00,01.05.2022,31.03.2028,BMFTR
a & o research GmbH - Institut für arbeitspsychologische und organisationswissenschaftliche Forschung,Berlin,Berlin,Berlin,6,1319870.00,01.11.1993,30.06.2000,BMFTR
Tikvah Institut gemeinnützige UG (haftungsbeschränkt),Berlin,Berlin,Berlin,3,1318764.00,01.08.2021,28.02.2029,BMFTR
Bombardier Primove GmbH,Berlin,Berlin,Berlin,2,1316904.00,01.06.2012,30.09.2016,BMV
Ada Health GmbH,Berlin,Berlin,Berlin,4,1316608.00,01.01.2018,14.12.2025,BMFTR
Johannesstift Diakonie Pflege & Wohnen Berlin Brandenburg gGmbH,Berlin,Berlin,Berlin,3,1313766.00,01.01.2018,14.06.2029,BMFTR
Space Structures GmbH,Berlin,Berlin,Berlin,5,1305740.00,01.06.2018,30.11.2028,BMFTR
IKDT INSTITUT KARDIALE DIAGNOSTIK u. THERAPIE GMBH,Berlin,Berlin,Berlin,4,1305622.00,01.06.2008,31.12.2020,BMFTR
Crystal GmbH Kristalle Sensorik Optik,Berlin,Berlin,Berlin,6,1303707.00,01.06.1994,15.10.2021,BMFTR
Max Steinbeis Verfassungsblog gGmbH,Berlin,Berlin,Berlin,3,1299941.00,01.03.2021,31.12.2026,BMFTR
KPMG Law Rechtsanwaltsgesellschaft mit beschränkter Haftung - Zweigniederlassung Berlin,Berlin,Berlin,Berlin,1,1298171.00,29.11.2022,31.03.2026,BMV
Rundfunk Berlin-Brandenburg,Berlin,Berlin,Berlin,3,1296337.00,01.06.2021,30.04.2026,BMFTR
GEFEG - Gesellschaft für elektronischen Geschäftsverkehr mbH,Berlin,Berlin,Berlin,1,1295968.00,01.04.2025,31.03.2027,BMWE
NEXTRAIL GmbH,Berlin,Berlin,Berlin,4,1294103.00,10.11.2020,30.04.2027,"BMFTR, BMV"
Synreform GmbH,Berlin,Berlin,Berlin,1,1277860.00,01.01.2019,30.06.2022,BMWE
Akademie für künstliche Intelligenz AKI gGmbH,Berlin,Berlin,Berlin,3,1277313.00,01.10.2022,31.12.2026,"BMFTR, BMWE"
BESTEC GmbH UHV-Technik Laser Sensorsysteme,Berlin,Berlin,Berlin,4,1277207.00,01.01.1997,31.12.2024,"BMFTR, BMWE"
BigchainDB GmbH,Berlin,Berlin,Berlin,2,1273955.00,01.08.2021,30.09.2025,BMWE
ADW - Zentralinstitut für Physikalische Chemie,Berlin,Berlin,Berlin,6,1273292.00,01.07.1990,31.12.1990,BMFTR
AGOWA Gesellschaft für molekularbiologische Technologie mbH,Berlin,Berlin,Berlin,4,1271614.00,01.01.1994,31.03.2006,BMFTR
Institut für Gerontologische Forschung e.V.,Berlin,Berlin,Berlin,4,1271524.00,01.07.2007,30.11.2016,BMFTR
Gryphon Games UG (haftungsbeschränkt),Berlin,Berlin,Berlin,2,1269796.00,15.05.2025,14.06.2028,BMFTR
RISA Sicherheitsanalysen GmbH,Berlin,Berlin,Berlin,5,1262747.00,01.04.2010,31.01.2028,"BMFTR, BMV"
ADW - Zentralinstitut für Optik und Spektroskopie,Berlin,Berlin,Berlin,10,1261492.00,01.07.1990,31.12.1991,BMFTR
GloMic GmbH,Berlin,Berlin,Berlin,5,1256936.00,01.07.2010,30.06.2027,BMFTR
Alacris Theranostics GmbH,Berlin,Berlin,Berlin,4,1255920.00,01.01.2013,31.10.2023,BMFTR
MergeOptics GmbH,Berlin,Berlin,Berlin,6,1252159.00,01.10.2002,31.07.2012,BMFTR
Deutsches Zentrum für Altersfragen,Berlin,Berlin,Berlin,3,1251447.00,01.01.2008,31.12.2025,BMFTR
Social Entrepreneurship Netzwerk Deutschland e.V.,Berlin,Berlin,Berlin,3,1250375.00,01.10.2022,30.04.2026,BMFTR
AICURA medical GmbH,Berlin,Berlin,Berlin,3,1245472.00,15.09.2020,28.02.2027,BMFTR
Ausbildungsverbund der Wirtschaftsregion Braunschweig/Magdeburg e.V.,Berlin,Berlin,Berlin,3,1244159.00,01.07.2000,31.12.2005,BMFTR
Institut für Erhaltung und Modernisierung von Bauwerken e.V. (IEMB) an der Technischen Universität Berlin,Berlin,Berlin,Berlin,3,1239930.00,01.03.1991,31.01.2009,"BMFTR, BMWE"
DResearch Fahrzeugelektronik GmbH,Berlin,Berlin,Berlin,4,1238163.00,01.04.2013,31.12.2021,"BMFTR, BMV"
Megagon Industries GmbH c/o Saftladen,Berlin,Berlin,Berlin,2,1236975.00,01.09.2020,31.03.2025,BMFTR
c2go inprocess solutions GmbH,Berlin,Berlin,Berlin,3,1236193.00,01.12.2009,29.02.2016,BMFTR
Hach Lange GmbH,Berlin,Berlin,Berlin,10,1234060.00,01.01.1974,30.11.2000,BMFTR
Bliq GmbH,Berlin,Berlin,Berlin,3,1230788.00,01.01.2020,30.09.2023,BMV
comjoo business solutions GmbH,Berlin,Berlin,Berlin,1,1229955.00,01.03.2018,31.12.2021,BMFTR
Shire Orphan Therapies GmbH,Berlin,Berlin,Berlin,3,1229560.00,01.03.2000,30.06.2007,BMFTR
opTricon GmbH,Berlin,Berlin,Berlin,5,1227688.00,01.09.2008,31.08.2025,BMFTR
3YOURMIND GmbH,Berlin,Berlin,Berlin,2,1220678.00,01.08.2017,31.07.2023,BMFTR
Industrial Analytics IA GmbH,Berlin,Berlin,Berlin,3,1220058.00,01.03.2020,31.03.2025,"BMFTR, BMWE"
NC SYSTEMS GmbH,Berlin,Berlin,Berlin,1,1218560.00,01.09.2022,31.08.2025,BMFTR
HS-Drives GmbH,Berlin,Berlin,Berlin,2,1217427.00,01.12.2022,15.11.2027,BMWE
Virtimo AG,Berlin,Berlin,Berlin,4,1216117.00,01.12.2015,31.12.2026,BMFTR
Laser Labor Adlershof e.V. (LLA),Berlin,Berlin,Berlin,4,1213473.00,01.07.1991,31.08.1998,BMFTR
DIGALOG Industrie-Mikroelektronik GmbH,Berlin,Berlin,Berlin,13,1207630.00,01.07.1982,30.06.2022,BMFTR
engionic Fiber Optics GmbH,Berlin,Berlin,Berlin,4,1202724.00,01.03.2015,30.04.2025,BMFTR
dezem GmbH,Berlin,Berlin,Berlin,4,1201791.00,01.01.2014,30.06.2023,"BMFTR, BMWE"
airpuls GmbH,Berlin,Berlin,Berlin,2,1198013.00,01.06.2024,31.01.2029,BMFTR
EY GmbH & Co. KG Wirtschaftsprüfungsgesellschaft,Berlin,Berlin,Berlin,1,1189139.00,01.01.2017,31.10.2020,BMUKN
Charité Healthcare Services GmbH,Berlin,Berlin,Berlin,1,1188950.00,01.01.2023,31.12.2026,BMFTR
ARGUS - Umweltbiotechnologie GmbH,Berlin,Berlin,Berlin,6,1187289.00,01.09.1987,31.03.2017,BMFTR
Museum für Naturkunde Berlin Leibniz-Institut für Evolutions- und Biodiversitätsforschung,Berlin,Berlin,Berlin,3,1181640.00,01.11.2023,31.12.2028,BMFTR
WeldNova GmbH,Berlin,Berlin,Berlin,2,1178404.00,01.01.2026,31.12.2026,"BMFTR, BMWE"
Helmut Fischer GmbH Institut für Elektronik und Messtechnik,Berlin,Berlin,Berlin,5,1174827.00,01.01.2009,30.11.2015,BMFTR
Legendary Play GmbH,Berlin,Berlin,Berlin,2,1165754.00,01.01.2021,14.04.2024,BMFTR
mHealth Pioneers GmbH,Berlin,Berlin,Berlin,5,1161416.00,01.04.2017,14.05.2027,"BMFTR, BMWE"
EsPresto AG,Berlin,Berlin,Berlin,4,1156319.00,01.09.2001,31.08.2016,BMFTR
XERION BERLIN LABORATORIES GmbH,Berlin,Berlin,Berlin,2,1154352.00,01.03.2021,28.02.2029,"BMFTR, BMWE"
aconium GmbH,Berlin,Berlin,Berlin,1,1152866.00,31.05.2020,31.08.2022,BMV
Xavveo GmbH,Berlin,Berlin,Berlin,1,1150160.00,01.05.2024,30.04.2027,BMFTR
8sens.biognostic GmbH,Berlin,Berlin,Berlin,5,1147588.00,01.11.2001,31.12.2022,"BMFTR, BMLEH"
Forschungsgesellschaft BAU UND UMWELT mbH,Berlin,Berlin,Berlin,2,1145749.00,01.01.1991,30.06.1995,BMWE
freie zusammenschluss von student*innenschaften (fzs) e. V.,Berlin,Berlin,Berlin,30,1143681.00,28.06.1991,30.09.2023,BMFTR
Psychologische Hochschule Berlin (PHB) gemeinnützige Gesellschaft mit beschränkter Haftung,Berlin,Berlin,Berlin,5,1137946.00,01.01.2019,31.10.2026,BMFTR
AVG Altholz-Verwertung GmbH,Berlin,Berlin,Berlin,1,1137553.00,01.04.1979,31.03.1980,BMFTR
Mercator Institute for China Studies (MERICS) gGmbH,Berlin,Berlin,Berlin,4,1137139.00,01.10.2017,28.02.2028,BMFTR
GESIMAT GmbH Gesellschaft für intelligente Materialien und Technologien,Berlin,Berlin,Berlin,2,1136027.00,01.09.2002,30.06.2016,BMWE
Alcatel-Lucent Deutschland AG,Berlin,Berlin,Berlin,2,1134777.00,01.06.1985,28.02.1992,BMFTR
Selbstregulierung Informationswirtschaft e.V. (SRIW),Berlin,Berlin,Berlin,2,1133233.00,01.01.2016,30.11.2024,BMFTR
LiveEO GmbH,Berlin,Berlin,Berlin,4,1133122.00,01.01.2019,30.11.2027,"BMFTR, BMV"
Unchained Labs Germany GmbH,Berlin,Berlin,Berlin,5,1131565.00,01.06.2007,27.03.2018,BMFTR
XIRALITE GmbH,Berlin,Berlin,Berlin,2,1131095.00,01.09.2019,30.04.2029,BMFTR
Stryker Berlin GmbH,Berlin,Berlin,Berlin,1,1128720.00,01.09.2014,31.08.2017,BMFTR
eHotel Aktiengesellschaft,Berlin,Berlin,Berlin,3,1128347.00,01.01.2003,31.12.2006,BMFTR
Deep Safety GmbH,Berlin,Berlin,Berlin,1,1125754.00,01.06.2021,30.09.2024,BMWE
Heyl Chemisch-Pharmazeutische Fabrik GmbH & Co. KG,Berlin,Berlin,Berlin,3,1122202.00,01.05.1980,31.12.1988,BMFTR
Berliner Energieagentur Gesellschaft mit beschränkter Haftung,Berlin,Berlin,Berlin,6,1121170.00,01.02.2007,28.02.2025,"BMFTR, BMUKN, BMWE"
JenLab GmbH,Berlin,Berlin,Berlin,5,1119631.00,01.07.2013,31.07.2024,BMFTR
biotrics bioimplants AG,Berlin,Berlin,Berlin,2,1116822.00,01.09.2019,30.06.2024,BMFTR
decarbon1ze GmbH,Berlin,Berlin,Berlin,3,1114085.00,01.01.2022,30.09.2028,BMWE
SINE Foundation e.V.,Berlin,Berlin,Berlin,2,1113376.00,15.12.2022,31.12.2026,BMFTR
hmp HEIDENHAIN-MICROPRINT GmbH,Berlin,Berlin,Berlin,3,1111168.00,01.09.1997,31.10.2002,BMFTR
Adsorbus GmbH,Berlin,Berlin,Berlin,3,1110673.00,01.12.2023,31.08.2028,BMWE
HiSolutions AG,Berlin,Berlin,Berlin,5,1106998.00,01.02.2009,31.07.2020,BMFTR
Touro University Berlin gGmbH,Berlin,Berlin,Berlin,2,1106709.00,01.08.2021,31.03.2030,BMFTR
lesswire GmbH,Berlin,Berlin,Berlin,5,1096715.00,01.01.2009,31.08.2019,BMFTR
Fördergemeinschaft Ökologischer Landbau Berlin-Brandenburg e.V.,Berlin,Berlin,Berlin,5,1095147.00,01.04.2020,30.11.2026,BMLEH
SEMDATEX GmbH,Berlin,Berlin,Berlin,2,1094208.00,01.12.2018,31.12.2026,"BMFTR, BMWE"
Capgemini Deutschland GmbH,Berlin,Berlin,Berlin,5,1091749.00,01.10.2008,31.03.2029,"BMFTR, BMWE"
Door2Door GmbH,Berlin,Berlin,Berlin,2,1090109.00,01.04.2017,31.12.2021,BMV
Bogen Electronic GmbH,Berlin,Berlin,Berlin,7,1088552.00,01.01.1980,31.03.2019,BMFTR
"unique - Gesellschaft für Arbeitsgestaltung, Organisations- und Personalentwicklung mbH",Berlin,Berlin,Berlin,5,1085553.00,01.10.2001,31.03.2013,BMFTR
MRI.TOOLS GmbH,Berlin,Berlin,Berlin,4,1083856.00,01.05.2013,31.08.2021,BMFTR
Arbeiterwohlfahrt Bundesverband e.V.,Berlin,Berlin,Berlin,2,1083073.00,01.01.2018,29.02.2024,BMUKN
TÜV Rheinland Akademie GmbH,Berlin,Berlin,Berlin,4,1067990.00,01.11.2005,31.05.2019,BMFTR
German Auto Labs GAL GmbH,Berlin,Berlin,Berlin,1,1066825.00,01.11.2017,31.10.2020,BMV
AHP GmbH & Co. KG,Berlin,Berlin,Berlin,5,1062613.00,01.07.2009,31.12.2026,"BMFTR, BMWE"
Berlin Space Technologies GmbH,Berlin,Berlin,Berlin,1,1062270.00,01.03.2025,31.01.2027,BMFTR
IFZ Forschungs- und Entwicklungsgesellschaft mbH,Berlin,Berlin,Berlin,4,1061599.00,01.01.1992,30.06.1996,BMFTR
Laser-Mikrotechnologie Dr. Kieburg GmbH,Berlin,Berlin,Berlin,3,1060293.00,01.07.1999,31.05.2023,"BMFTR, BMWE"
GE Grid GmbH,Berlin,Berlin,Berlin,2,1057595.00,01.02.2021,30.04.2029,BMWE
Land Berlin,Berlin,Berlin,Berlin,7,1053553.00,01.08.2009,15.11.2021,"BMFTR, BMUKN"
DendroPharm GmbH,Berlin,Berlin,Berlin,2,1050989.00,01.04.2018,31.12.2026,BMFTR
"Arbeitsgemeinschaft Langzeitwärmespeicher, vertreten durch EAB Energie-Anlagen Berlin GmbH",Berlin,Berlin,Berlin,1,1049891.00,01.11.1981,31.10.1987,BMWE
Nomad Atomics GmbH,Berlin,Berlin,Berlin,1,1048876.00,01.12.2024,30.11.2027,BMFTR
KTB Tumorforschungsgesellschaft mbH,Berlin,Berlin,Berlin,4,1048511.00,01.09.1993,30.06.2005,BMFTR
PikeTec GmbH,Berlin,Berlin,Berlin,5,1048172.00,01.04.2007,28.02.2021,BMFTR
Escarda Technologies GmbH,Berlin,Berlin,Berlin,3,1046098.00,01.04.2021,31.08.2027,"BMFTR, BMLEH"
Energy Web DevHub GmbH,Berlin,Berlin,Berlin,2,1044473.00,01.01.2023,31.05.2027,"BMFTR, BMWE"
Deutscher Wasserstoff-Verband (DWV) e.V.,Berlin,Berlin,Berlin,2,1043642.00,01.01.2022,31.12.2025,"BMV, BMWE"
Rubitherm Technologies GmbH,Berlin,Berlin,Berlin,8,1040970.00,01.11.2010,29.02.2024,"BMFTR, BMLEH, BMWE"
ERK Eckrohrkessel Holding GmbH,Berlin,Berlin,Berlin,2,1039806.00,01.07.2009,30.06.2026,"BMFTR, BMWE"
Schlothauer & Wauer Ingenieurgesellschaft für Straßenverkehr mbH,Berlin,Berlin,Berlin,6,1038898.00,01.07.1999,31.05.2024,"BMV, BMWE"
"KT-Elektronik, Klaucke und Partner GmbH",Berlin,Berlin,Berlin,5,1037347.00,01.05.2018,30.06.2027,"BMFTR, BMWE"
Vereinigung Deutscher Wissenschaftler e.V.,Berlin,Berlin,Berlin,6,1035715.00,01.12.1991,30.06.2027,"BMFTR, BMWE"
ANSYS medini Technologies AG,Berlin,Berlin,Berlin,4,1033285.00,01.10.2005,30.06.2015,BMFTR
ASCI Systemhaus GmbH,Berlin,Berlin,Berlin,2,1032711.00,01.04.2000,31.12.2020,"BMV, BMWE"
Volkshochschule Berlin-Tiergarten,Berlin,Berlin,Berlin,4,1031541.00,01.02.1983,31.10.1987,BMFTR
Nano-Join GmbH,Berlin,Berlin,Berlin,6,1029323.00,01.09.2017,30.04.2029,BMFTR
Interautomation Deutschland GmbH,Berlin,Berlin,Berlin,6,1029103.00,01.10.1982,31.12.2026,"BMFTR, BMWE"
Synaptikon GmbH,Berlin,Berlin,Berlin,3,1027217.00,01.04.2017,31.12.2026,BMFTR
BOS Berlin Oberspree Sondermaschinenbau GmbH & Co. Engeneering und Service KG,Berlin,Berlin,Berlin,1,1024123.00,01.06.2008,30.11.2011,BMFTR
Bundesverband der Gipsindustrie e.V.,Berlin,Berlin,Berlin,2,1022987.00,01.12.2019,31.03.2027,BMWE
LURI.watersystems.gmbh,Berlin,Berlin,Berlin,1,1022372.00,01.04.2007,30.04.2013,BMFTR
ASTI Mobile Robotics GmbH,Berlin,Berlin,Berlin,5,1021992.00,01.07.2010,30.06.2023,"BMFTR, BMV"
"Deutscher Verband für Wohnungswesen, Städtebau und Raumordnung e.V.",Berlin,Berlin,Berlin,2,1017377.00,01.08.2015,30.09.2022,BMWE
ÜAS Hotel- und Gaststättengewerbe - Hotel Kurfürstendamm Berlin,Berlin,Berlin,Berlin,8,1012964.00,01.09.1984,31.12.1997,BMFTR
Andres Industries AG,Berlin,Berlin,Berlin,2,1011989.00,01.02.2009,31.01.2013,BMFTR
Intapp Germany GmbH,Berlin,Berlin,Berlin,1,1010889.00,01.05.2023,30.04.2026,BMFTR
Softgames Mobile Entertainment Services GmbH,Berlin,Berlin,Berlin,3,1006227.00,01.05.2020,29.02.2024,BMFTR
DETEWE Deutsche Telephonwerke AG & Co.,Berlin,Berlin,Berlin,6,1004231.00,01.01.1979,31.08.1995,BMFTR
MIBIC GmbH & Co. KG,Berlin,Berlin,Berlin,2,1003730.00,01.03.2019,31.08.2025,BMFTR
Polyteia GmbH,Berlin,Berlin,Berlin,2,1002781.00,15.12.2022,31.12.2026,BMFTR
MetaImmune Therapeutics GmbH,Berlin,Berlin,Berlin,1,999994.00,01.12.2025,30.11.2026,BMFTR
Ostdeutsche Sparkassen-Akademie,Berlin,Berlin,Berlin,1,995907.00,01.10.1992,31.12.1999,BMFTR
FISBA Photonics GmbH,Berlin,Berlin,Berlin,3,995562.00,01.10.2010,31.07.2021,BMFTR
Breakpoint One GmbH,Berlin,Berlin,Berlin,3,995036.00,01.06.2019,31.12.2025,BMFTR
Polizei Berlin,Berlin,Berlin,Berlin,6,995029.00,01.04.2019,30.11.2027,"BMFTR, BMV"
Scicomm-Support gGmbH,Berlin,Berlin,Berlin,1,991865.00,15.10.2025,31.12.2028,BMFTR
"Land Berlin, vertreten durch Bezirksamt Friedrichshain-Kreuzberg von Berlin",Berlin,Berlin,Berlin,4,989603.00,01.04.2012,31.07.2028,"BMUKN, BMV"
Biochrom GmbH,Berlin,Berlin,Berlin,5,987648.00,01.09.1985,31.12.2008,BMFTR
IUT Institut für Umwelttechnologien GmbH,Berlin,Berlin,Berlin,4,981083.00,01.07.1999,31.12.2025,BMFTR
D-Trust GmbH,Berlin,Berlin,Berlin,2,979543.00,01.09.2007,30.11.2023,BMFTR
Initiative D21 e.V.,Berlin,Berlin,Berlin,10,976383.00,01.08.2005,30.06.2024,"BMFTR, BMWE"
Starberry Games GmbH,Berlin,Berlin,Berlin,3,972322.00,15.03.2020,14.06.2026,BMFTR
Siemens Nixdorf Informationssysteme AG,Berlin,Berlin,Berlin,1,971779.00,01.05.1989,31.12.1993,BMWE
interactive scape GmbH,Berlin,Berlin,Berlin,2,970727.00,01.08.2022,31.12.2025,BMFTR
VOYA Games GmbH,Berlin,Berlin,Berlin,2,965612.00,15.06.2023,14.07.2026,BMFTR
Fritz Werner Werkzeugmaschinen AG,Berlin,Berlin,Berlin,4,964593.00,01.10.1980,31.10.1987,BMFTR
MOXZ GmbH,Berlin,Berlin,Berlin,2,963905.00,01.01.2024,30.06.2026,"BMFTR, BMWE"
"Honig Studios - Creative Agency, Handelsgesellschaft mit beschränkter Haftung",Berlin,Berlin,Berlin,3,963786.00,15.04.2020,14.02.2027,BMFTR
MCS Data Labs GmbH,Berlin,Berlin,Berlin,2,958837.00,15.12.2022,31.01.2028,BMFTR
TAMSCHICK EXHIBITION VENTURES GmbH,Berlin,Berlin,Berlin,1,956120.00,01.04.2022,30.09.2025,BMFTR
R3 Solutions GmbH,Berlin,Berlin,Berlin,2,956094.00,01.09.2022,31.08.2025,BMFTR
"Arbeitsgemeinschaft Kompaktauto, vertreten durch IAV GmbH, Ingenieurgesellschaft Auto und Verkehr",Berlin,Berlin,Berlin,1,954326.00,01.12.1983,31.12.1986,BMWE
Prisma Gesellschaft für Projektmanagement und Informationssysteme mbH,Berlin,Berlin,Berlin,2,953126.00,01.01.2009,30.09.2012,BMFTR
enamentis GmbH,Berlin,Berlin,Berlin,2,950365.00,01.04.2025,30.09.2028,"BMFTR, BMWE"
Sandbox Interactive GmbH,Berlin,Berlin,Berlin,3,949795.00,01.06.2025,31.10.2027,BMFTR
Genethor GmbH,Berlin,Berlin,Berlin,1,947797.00,01.01.2001,31.03.2003,BMFTR
GrOwnValve GmbH,Berlin,Berlin,Berlin,3,947686.00,01.08.2021,31.08.2027,"BMFTR, BMWE"
"TACO, Telearbeit, Computer- und Online-Dienste GmbH",Berlin,Berlin,Berlin,2,947488.00,01.08.2002,31.12.2007,BMFTR
metaGen Pharmaceuticals GmbH,Berlin,Berlin,Berlin,4,945953.00,01.04.1998,30.11.2003,BMFTR
GenProfile AG,Berlin,Berlin,Berlin,1,945890.00,01.01.2000,31.12.2001,BMFTR
InnoRa GmbH,Berlin,Berlin,Berlin,3,944558.00,01.04.2013,30.04.2029,BMFTR
Museum für Verkehr und Technik,Berlin,Berlin,Berlin,1,942781.00,01.02.1990,30.06.1993,BMWE
Implisense GmbH,Berlin,Berlin,Berlin,2,941211.00,01.10.2014,30.11.2024,BMFTR
bildungsmarkt vulkan & waldenser gmbh,Berlin,Berlin,Berlin,3,938798.00,01.08.2004,31.12.2021,BMFTR
Institut für Sozialinnovation e.V. Kurzform: ISInova,Berlin,Berlin,Berlin,4,934489.00,01.12.2015,30.11.2021,BMFTR
Konsortium Deutsche Meeresforschung e.V.,Berlin,Berlin,Berlin,6,933996.00,01.11.2012,31.12.2025,BMFTR
GSW Gemeinnützige Siedlungs- und Wohnungsbaugesellschaft Berlin mbH,Berlin,Berlin,Berlin,2,931853.00,01.06.1983,31.12.1988,BMWE
InGef - Institut für angewandte Gesundheitsforschung Berlin GmbH,Berlin,Berlin,Berlin,2,931268.00,01.04.2018,31.08.2022,BMFTR
Kano Bio GmbH,Berlin,Berlin,Berlin,1,925603.00,01.06.2026,30.06.2027,BMFTR
PD - Berater der öffentlichen Hand GmbH,Berlin,Berlin,Berlin,1,923342.00,15.03.2021,30.06.2022,BMUKN
"Land Berlin, vertreten durch Senatsverwaltung für Inneres und Sport",Berlin,Berlin,Berlin,1,918528.00,01.01.2023,30.06.2027,BMUKN
Medizinischer Fakultätentag der Bundesrepublik Deutschland e.V.,Berlin,Berlin,Berlin,3,916335.00,01.08.2021,30.06.2027,BMFTR
Daten-Kompetenzzentrum Städte und Regionen DKSR GmbH,Berlin,Berlin,Berlin,5,916057.00,01.01.2022,31.12.2025,"BMFTR, BMV"
Circulor GmbH,Berlin,Berlin,Berlin,1,914330.00,01.04.2022,31.03.2025,BMWE
Bundesverband Deutsche Startups e.V.,Berlin,Berlin,Berlin,3,913086.00,01.09.2015,30.06.2022,"BMFTR, BMUKN"
CosmoCode Gesellschaft für Konzeption und Entwicklung Internetbasierter Softwaresysteme mbH,Berlin,Berlin,Berlin,4,912950.00,01.11.2008,31.05.2024,BMFTR
Clina Heiz- und Kühlelemente GmbH,Berlin,Berlin,Berlin,5,911537.00,01.12.1999,30.06.2027,BMWE
Vision Kino gGmbH Netzwerk für Film- und Medienkompetenz,Berlin,Berlin,Berlin,8,911530.00,15.09.2009,31.12.2028,BMFTR
Dr. Walter Herbst AG,Berlin,Berlin,Berlin,3,911091.00,10.12.1978,30.09.1989,"BMFTR, BMWE"
Europäische Akademie für Frauen in Politik und Wirtschaft Berlin e.V.,Berlin,Berlin,Berlin,3,909593.00,01.12.2007,31.10.2026,BMFTR
Allianz Pro Schiene e.V.,Berlin,Berlin,Berlin,3,902321.00,01.04.2018,31.12.2025,"BMFTR, BMV"
Klopotek & Partner GmbH,Berlin,Berlin,Berlin,2,899982.00,01.02.2007,31.08.2013,BMFTR
Agora Think Tanks gGmbH,Berlin,Berlin,Berlin,2,899856.00,01.11.2018,31.03.2026,"BMFTR, BMWE"
Zentrale Informationsverarbeitung Chemie GmbH,Berlin,Berlin,Berlin,3,896577.00,01.07.1990,30.04.1993,BMFTR
Bezirksamt Charlottenburg-Wilmersdorf,Berlin,Berlin,Berlin,2,895809.00,01.02.2022,28.02.2030,"BMFTR, BMWE"
AudioCure Pharma GmbH,Berlin,Berlin,Berlin,1,892904.00,01.03.2012,30.06.2015,BMFTR
Solandeo GmbH,Berlin,Berlin,Berlin,5,892626.00,01.12.2016,28.02.2027,BMWE
KNAUER Wissenschaftliche Geräte GmbH,Berlin,Berlin,Berlin,5,882191.00,01.03.1982,30.06.2016,BMFTR
Witt GmbH Industrieelektronik,Berlin,Berlin,Berlin,4,881616.00,01.02.1982,30.06.2019,"BMFTR, BMWE"
Juso-Hochschulgruppen,Berlin,Berlin,Berlin,29,881592.00,01.10.1996,31.08.2026,BMFTR
BBJ Consult Aktiengesellschaft,Berlin,Berlin,Berlin,2,881333.00,01.10.2002,31.03.2012,BMFTR
Bundesvereinigung Kulturelle Kinder- und Jugendbildung e.V.,Berlin,Berlin,Berlin,4,880105.00,05.06.1984,31.07.2010,BMFTR
Thoughtfish GmbH,Berlin,Berlin,Berlin,2,879303.00,15.04.2023,31.12.2026,BMFTR
Climcycle Solutions (Deutschland) GmbH,Berlin,Berlin,Berlin,1,877425.00,01.06.2023,30.09.2026,BMFTR
Law & Innovation Technology GmbH,Berlin,Berlin,Berlin,2,876481.00,01.10.2023,30.09.2026,BMFTR
Teles-Telematic Services GmbH Informationstechnologien,Berlin,Berlin,Berlin,2,873001.00,01.08.1990,30.06.1993,BMFTR
Fetch.ai Research & Development GmbH,Berlin,Berlin,Berlin,1,871252.00,01.08.2021,31.07.2024,BMWE
Dornier Consulting International GmbH,Berlin,Berlin,Berlin,3,870419.00,01.10.2010,03.08.2023,"BMFTR, BMV"
GRI Gesellschaft für Rechnersysteme und Informationsverarbeitung mbH,Berlin,Berlin,Berlin,3,869348.00,01.09.1987,31.12.1992,BMFTR
Reusch Rechtsanwaltsgesellschaft mbH,Berlin,Berlin,Berlin,3,866195.00,01.06.2021,31.12.2026,"BMFTR, BMWE"
Reha-Stim Medtec GmbH,Berlin,Berlin,Berlin,1,862025.00,01.11.2025,31.10.2028,BMFTR
QuanteQ GmbH,Berlin,Berlin,Berlin,2,860231.00,01.12.2021,30.06.2028,BMFTR
Sefirot GmbH,Berlin,Berlin,Berlin,1,860152.00,01.09.2001,31.08.2004,BMFTR
art photonics GmbH,Berlin,Berlin,Berlin,5,858613.00,01.09.2013,31.12.2027,BMFTR
"Kinder- und Jugendwerk der Naturfreunde, Verein zur Förderung der Naturfreundejugend Deutschlands e.V.",Berlin,Berlin,Berlin,2,857875.00,01.05.2015,31.05.2024,BMUKN
Interlink GmbH,Berlin,Berlin,Berlin,6,857783.00,01.07.2017,31.08.2027,"BMFTR, BMV"
CFX Berlin Software GmbH,Berlin,Berlin,Berlin,5,856909.00,01.04.2001,31.07.2020,BMFTR
Crowdee GmbH,Berlin,Berlin,Berlin,2,856651.00,01.05.2023,30.04.2026,BMFTR
VMscope GmbH,Berlin,Berlin,Berlin,4,856229.00,01.07.2013,31.01.2027,BMFTR
Deutsches ITER-Industrie-Forum e.V. (DIIF),Berlin,Berlin,Berlin,4,854041.00,01.07.2012,30.06.2021,BMFTR
Wohnungsbaugesellschaft Marzahn mbH,Berlin,Berlin,Berlin,1,854011.00,01.07.1992,31.03.1996,BMWE
SCOPELAND Technology GmbH,Berlin,Berlin,Berlin,2,852987.00,01.10.2015,31.05.2022,"BMFTR, BMV"
Archimedes Exhibitions GmbH,Berlin,Berlin,Berlin,3,852540.00,01.01.2012,31.07.2024,BMFTR
ZeoSys Energy GmbH,Berlin,Berlin,Berlin,2,849381.00,01.07.2013,30.09.2024,BMWE
Ambulanzpartner Soziotechnologie APST GmbH,Berlin,Berlin,Berlin,4,846588.00,01.04.2017,31.03.2023,BMFTR
Provolut GmbH,Berlin,Berlin,Berlin,1,846019.00,01.01.2025,31.12.2027,BMFTR
eHealth-Tec Innovations GmbH,Berlin,Berlin,Berlin,7,845874.00,01.02.2007,31.03.2019,BMFTR
Vattenfall GmbH,Berlin,Berlin,Berlin,3,844728.00,01.11.1992,30.09.2011,"BMV, BMWE"
HTM Reetz GmbH,Berlin,Berlin,Berlin,2,844303.00,01.11.1993,31.12.2002,BMFTR
BIS Berliner Institut für Sozialforschung GmbH,Berlin,Berlin,Berlin,4,843694.00,01.11.1995,28.02.2015,BMFTR
Pharmakologische Forschungsgesellschaft Biopharm GmbH Berlin,Berlin,Berlin,Berlin,6,843526.00,01.01.1991,30.09.2003,BMFTR
Deutsche Reichsbahn,Berlin,Berlin,Berlin,4,840688.00,01.07.1990,31.12.1990,BMFTR
Quantistry GmbH,Berlin,Berlin,Berlin,2,840472.00,01.07.2022,30.11.2028,BMFTR
Soltecture GmbH,Berlin,Berlin,Berlin,1,839202.00,01.01.2007,31.12.2009,BMWE
Vivantes - Netzwerk für Gesundheit GmbH,Berlin,Berlin,Berlin,2,838522.00,01.04.2009,24.11.2024,"BMFTR, BMV"
IT`s Ambio AG,Berlin,Berlin,Berlin,1,837857.00,01.02.2026,31.01.2029,BMFTR
3S Antriebe GmbH,Berlin,Berlin,Berlin,3,836532.00,01.05.2012,31.08.2022,BMFTR
Deutscher Bibliotheksverband e.V.,Berlin,Berlin,Berlin,4,831318.00,01.07.2008,31.12.2012,BMFTR
Berghof Foundation Operations gGmbH,Berlin,Berlin,Berlin,2,830580.00,01.12.2019,31.03.2028,BMFTR
CreativeQuantum GmbH,Berlin,Berlin,Berlin,4,826933.00,01.11.2020,30.09.2026,"BMFTR, BMV, BMWE"
Liquid Democracy e.V.,Berlin,Berlin,Berlin,4,825137.00,01.04.2015,31.01.2026,BMFTR
M2-Automation GmbH,Berlin,Berlin,Berlin,3,823771.00,01.05.2011,31.10.2028,BMFTR
Elpro GmbH,Berlin,Berlin,Berlin,4,823712.00,01.07.1997,30.11.2023,"BMFTR, BMV"
PT Photonic Tools GmbH,Berlin,Berlin,Berlin,3,822235.00,01.04.2015,31.05.2020,BMFTR
Borsig Aktiengesellschaft Holding,Berlin,Berlin,Berlin,2,818578.00,01.08.1982,31.12.1987,BMFTR
SensorStim Neurotechnology GmbH,Berlin,Berlin,Berlin,2,817359.00,01.01.2019,30.09.2024,BMFTR
ABU - Akademie für Berufsförderung und Umschulung gGmbH,Berlin,Berlin,Berlin,3,813679.00,01.07.2009,31.12.2017,BMFTR
Grasse Zur Ingenieurgesellschaft mbH,Berlin,Berlin,Berlin,4,811450.00,01.07.2021,31.05.2026,"BMFTR, BMWE"
Peregrine Technologies GmbH,Berlin,Berlin,Berlin,1,808573.00,01.12.2021,31.05.2025,BMWE
Senatsverwaltung für Stadtentwicklung und Umwelt von Berlin,Berlin,Berlin,Berlin,1,807978.00,01.12.2012,31.05.2016,BMWE
CHOICE GmbH,Berlin,Berlin,Berlin,3,807760.00,01.08.1998,31.03.2015,"BMFTR, BMV, BMWE"
KCW GmbH,Berlin,Berlin,Berlin,2,807010.00,04.08.2022,30.11.2025,BMV
Better@Home Service GmbH,Berlin,Berlin,Berlin,2,802581.00,01.12.2020,31.08.2024,BMFTR
Deutscher Kulturrat e.V.,Berlin,Berlin,Berlin,3,802562.00,01.08.1990,31.08.2012,BMFTR
Waggon Union GmbH,Berlin,Berlin,Berlin,3,797776.00,01.07.1987,31.12.1992,BMWE
Massive Beams GmbH,Berlin,Berlin,Berlin,1,796185.00,01.01.2025,30.06.2027,BMFTR
Proteome Factory Aktiengesellschaft,Berlin,Berlin,Berlin,6,795151.00,01.09.2001,31.07.2009,BMFTR
BIS Institut für Sozialforschung Berlin GmbH,Berlin,Berlin,Berlin,3,795136.00,15.04.2019,30.06.2024,BMWE
Verimi GmbH,Berlin,Berlin,Berlin,2,792927.00,01.06.2020,31.12.2024,BMFTR
Zeitbild Verlag und Agentur für Kommunikation Gesellschaft mit beschränkter Haftung c/o Mindspace,Berlin,Berlin,Berlin,3,792166.00,01.08.1981,31.12.2018,"BMFTR, BMLEH"
Smartify IT Solutions GmbH,Berlin,Berlin,Berlin,7,791968.00,01.02.2007,31.08.2013,BMFTR
QTronic GmbH,Berlin,Berlin,Berlin,2,791399.00,01.04.2008,30.11.2015,BMFTR
FINETECH GmbH & Co. KG,Berlin,Berlin,Berlin,6,789820.00,01.09.1990,31.08.2028,BMFTR
CyberFame UG,Berlin,Berlin,Berlin,1,785029.00,01.09.2024,30.11.2025,BMFTR
Qualitätssicherungs-Initiative Pathologie QuIP GmbH,Berlin,Berlin,Berlin,1,784715.00,01.01.2020,31.12.2023,BMFTR
Labs Network Industrie 4.0 e.V.,Berlin,Berlin,Berlin,1,783819.00,01.02.2024,30.06.2026,BMWE
IoT CONNCTD GmbH,Berlin,Berlin,Berlin,3,782372.00,01.11.2018,31.12.2023,BMFTR
Senatsverwaltung für Stadtentwicklung von Berlin - Abt. VII Verkehr,Berlin,Berlin,Berlin,1,782006.00,01.11.2004,31.05.2008,BMWE
Grenzenlos Digital e. V.,Berlin,Berlin,Berlin,2,781754.00,01.10.2021,30.04.2029,BMFTR
1000shapes GmbH,Berlin,Berlin,Berlin,2,781722.00,01.10.2017,31.03.2023,BMFTR
IGES Institut GmbH,Berlin,Berlin,Berlin,7,779992.00,01.07.1993,30.03.2012,"BMFTR, BMLEH"
Fachagentur Wind und Solar e.V.,Berlin,Berlin,Berlin,3,779733.00,01.05.2019,30.11.2026,BMWE
PIXELPARK GmbH,Berlin,Berlin,Berlin,4,778255.00,01.05.1998,30.11.2010,BMFTR
DiaMonTech AG,Berlin,Berlin,Berlin,1,778000.00,01.12.2022,30.11.2026,BMFTR
APE Angewandte Physik und Elektronik GmbH,Berlin,Berlin,Berlin,3,775636.00,01.04.2011,30.06.2021,BMFTR
CGC Capital-Gain Consultants GmbH,Berlin,Berlin,Berlin,2,772406.00,01.04.2020,28.02.2026,BMFTR
trinckle 3D GmbH,Berlin,Berlin,Berlin,4,769445.00,01.10.2018,31.12.2025,BMFTR
Forschungsgemeinschaft Bekleidungsindustrie e.V.,Berlin,Berlin,Berlin,2,768982.00,01.09.1975,30.06.1983,BMFTR
SCANDAT Gesellschaft für Fernerkundungstechnologien mbH,Berlin,Berlin,Berlin,4,768374.00,01.09.1997,31.12.2005,BMFTR
GASAG Solution Plus GmbH,Berlin,Berlin,Berlin,5,766280.00,01.12.2016,28.02.2030,"BMFTR, BMWE"
Cenimed GmbH,Berlin,Berlin,Berlin,1,765817.00,01.01.2004,30.06.2006,BMFTR
CyberTide GmbH,Berlin,Berlin,Berlin,1,763695.00,01.02.2025,31.07.2026,BMFTR
Elektro-Thermit GmbH,Berlin,Berlin,Berlin,1,763526.00,01.11.1976,31.03.1981,BMWE
Serrala Cloud Solutions GmbH,Berlin,Berlin,Berlin,4,760828.00,01.04.2009,31.12.2018,BMFTR
NetBird GmbH,Berlin,Berlin,Berlin,1,759135.00,01.10.2023,31.12.2024,BMFTR
Toll Collect GmbH,Berlin,Berlin,Berlin,1,758012.00,01.02.2026,31.01.2029,BMV
EUROS Entwicklungsgesellschaft für Windkraftanlagen mbH,Berlin,Berlin,Berlin,2,754442.00,01.06.2011,31.12.2016,BMWE
AW AlgorithmWatch gGmbH,Berlin,Berlin,Berlin,1,754223.00,01.08.2020,31.12.2023,BMFTR
MagForce AG,Berlin,Berlin,Berlin,2,752801.00,01.03.2002,28.02.2007,BMFTR
NavXperience GmbH,Berlin,Berlin,Berlin,3,751308.00,01.03.2016,31.12.2027,BMWE
Paintbucket Games UG (haftungsbeschränkt),Berlin,Berlin,Berlin,3,748876.00,01.05.2020,31.10.2026,BMFTR
Institut für angewandte Forschung im Bauwesen (IaFB) e.V. c/o Ingenieurbüro Krone,Berlin,Berlin,Berlin,1,745063.00,01.08.2006,30.06.2012,BMFTR
Euro-K GmbH,Berlin,Berlin,Berlin,3,743835.00,01.08.2016,28.02.2023,BMFTR
Institut für Gärungsgewerbe und Biotechnologie zu Berlin,Berlin,Berlin,Berlin,4,742664.00,01.01.1972,31.12.1976,BMFTR
Wikimedia Deutschland - Gesellschaft zur Förderung Freien Wissens e.V.,Berlin,Berlin,Berlin,3,741014.00,01.10.2010,30.04.2022,BMFTR
COGITO - Institut für Autonomieforschung e.V.,Berlin,Berlin,Berlin,3,737701.00,01.06.2000,30.04.2013,BMFTR
IS Insect Services GmbH,Berlin,Berlin,Berlin,6,736087.00,01.04.2011,31.10.2028,"BMFTR, BMLEH"
RCDS Bundesverband Ring Christlich-Demokratischer Studenten,Berlin,Berlin,Berlin,23,734171.00,01.10.1999,31.05.2023,BMFTR
Seeger Gesundheitshaus GmbH & Co. KG,Berlin,Berlin,Berlin,2,734131.00,01.05.2023,31.10.2028,BMFTR
Wolfram Chemie GmbH,Berlin,Berlin,Berlin,1,733015.00,01.10.2023,30.09.2026,BMFTR
"Technische Universität Berlin, Die Präsidentin, Servicebereich Forschung",Berlin,Berlin,Berlin,5,732687.00,01.01.2024,31.10.2026,"BMFTR, BMWE"
Lise-Meitner-Schule Berlin,Berlin,Berlin,Berlin,2,731806.00,01.04.2010,30.06.2020,BMFTR
PERMSELECT Gesellschaft für Zellstrukturierte Materialien mbH Berlin,Berlin,Berlin,Berlin,5,728294.00,01.07.1990,30.04.1993,BMFTR
EIT Raw Materials GmbH,Berlin,Berlin,Berlin,1,727672.00,01.01.2016,30.06.2023,BMFTR
DirectPhotonics Industries GmbH,Berlin,Berlin,Berlin,3,726961.00,01.03.2013,30.09.2016,BMFTR
akvola Technologies GmbH,Berlin,Berlin,Berlin,4,725658.00,01.09.2014,30.04.2021,"BMFTR, BMWE"
B.&S.U. Beratungs- und Service-Gesellschaft Umwelt mbH,Berlin,Berlin,Berlin,4,725647.00,01.09.2009,31.12.2022,"BMUKN, BMWE"
Velokonzept GmbH,Berlin,Berlin,Berlin,7,725367.00,20.10.2006,31.05.2024,BMV
Schempp + Decker GmbH & Co. Industriegalvanik KG,Berlin,Berlin,Berlin,1,721957.00,01.04.1986,30.06.1991,BMFTR
sglux SolGel Technologies GmbH,Berlin,Berlin,Berlin,4,721869.00,01.02.2008,31.05.2021,BMFTR
PME Familienservice GmbH,Berlin,Berlin,Berlin,5,720729.00,01.10.2009,31.12.2021,BMFTR
TrianGraphics GmbH,Berlin,Berlin,Berlin,2,719648.00,01.06.2021,31.03.2025,"BMFTR, BMWE"
EnduroSat GmbH,Berlin,Berlin,Berlin,1,719166.00,01.03.2026,28.02.2029,BMFTR
Kolley & Partner,Berlin,Berlin,Berlin,1,718042.00,01.01.1992,31.10.1997,BMFTR
IfS Institut für Stadtforschung und Strukturpolitik GmbH,Berlin,Berlin,Berlin,3,715514.00,01.09.1986,31.08.1993,BMFTR
Zentrum für Innovative Verkehrslösungen GmbH,Berlin,Berlin,Berlin,3,714764.00,01.09.1990,31.03.1993,BMFTR
GfM Gesellschaft für Maschinendiagnose mbH,Berlin,Berlin,Berlin,3,713708.00,01.09.2008,31.03.2016,"BMFTR, BMWE"
CYBERTRON Gesellschaft für Kinematische Systeme und Laborautomation mbH,Berlin,Berlin,Berlin,2,713058.00,01.08.2016,30.06.2022,BMFTR
Fernheizwerk Neukölln Aktiengesellschaft,Berlin,Berlin,Berlin,2,712669.00,01.04.2021,30.06.2028,BMWE
First Sensor Technology GmbH,Berlin,Berlin,Berlin,3,710948.00,01.06.2000,31.12.2005,BMFTR
ASTeX GmbH,Berlin,Berlin,Berlin,1,706082.00,01.04.1990,31.03.1994,BMFTR
mufin GmbH,Berlin,Berlin,Berlin,1,706013.00,01.02.2007,31.03.2012,BMFTR
WEINERT Fiber Optics GmbH,Berlin,Berlin,Berlin,3,697487.00,01.08.1997,30.09.2010,BMFTR
mapegy GmbH,Berlin,Berlin,Berlin,1,697120.00,01.12.2022,30.11.2025,BMFTR
German Water Partnership e.V.,Berlin,Berlin,Berlin,3,696399.00,01.09.2008,31.10.2027,BMFTR
DBU - Digital Business University of Applied Sciences GmbH,Berlin,Berlin,Berlin,4,694810.00,01.07.2023,31.03.2027,"BMFTR, BMWE"
KPMG AG Wirtschaftsprüfungsgesellschaft,Berlin,Berlin,Berlin,3,694619.00,01.06.2011,31.03.2023,BMFTR
fibrisTerre Systems GmbH,Berlin,Berlin,Berlin,2,694582.00,01.03.2020,31.12.2026,"BMFTR, BMWE"
Virtenio GmbH,Berlin,Berlin,Berlin,3,693558.00,01.06.2011,31.03.2019,"BMFTR, BMLEH"
Die Wille gGmbH,Berlin,Berlin,Berlin,1,688995.00,01.11.2002,28.02.2006,BMFTR
Center for Innovation & Sustainability in Tourism e. V.,Berlin,Berlin,Berlin,1,688965.00,01.01.2024,31.12.2026,BMFTR
Upstream CFD GmbH,Berlin,Berlin,Berlin,4,688442.00,01.04.2021,31.12.2028,"BMFTR, BMWE"
Evangelische Lungenklinik Berlin,Berlin,Berlin,Berlin,2,683960.00,01.02.2009,31.05.2016,BMFTR
"Land Berlin, vertreten durch das Bezirksamt Berlin-Lichtenberg von Berlin",Berlin,Berlin,Berlin,20,681913.00,01.10.2014,28.02.2023,BMUKN
anotherworld GmbH,Berlin,Berlin,Berlin,4,681295.00,01.05.2020,28.02.2025,BMFTR
ENICON energiesysteme GmbH,Berlin,Berlin,Berlin,1,679956.00,01.07.2024,30.06.2027,BMWE
Deutsche Akkreditierungsstelle GmbH,Berlin,Berlin,Berlin,2,676097.00,01.06.2018,30.06.2024,BMFTR
Cambrium GmbH,Berlin,Berlin,Berlin,2,674790.00,01.04.2021,14.11.2026,"BMFTR, BMWE"
EnProCo Berlin GmbH,Berlin,Berlin,Berlin,4,670862.00,01.02.2016,31.07.2028,"BMFTR, BMV, BMWE"
mivenion GmbH,Berlin,Berlin,Berlin,1,668921.00,01.02.2009,30.04.2011,BMFTR
Jo-Mei GmbH,Berlin,Berlin,Berlin,2,668117.00,01.05.2020,31.10.2026,BMFTR
itw Institut für Aus- und Weiterbildung gGmbH,Berlin,Berlin,Berlin,2,666952.00,01.03.2009,30.11.2012,BMFTR
Synogate UG (haftungsbeschränkt),Berlin,Berlin,Berlin,1,665485.00,01.01.2023,30.06.2024,BMFTR
CORA - Bildungsinstitut,Berlin,Berlin,Berlin,1,664599.00,01.01.1994,31.12.2001,BMFTR
Project Eaden GmbH,Berlin,Berlin,Berlin,1,660866.00,01.10.2025,30.09.2028,BMFTR
urban ENERGY GmbH,Berlin,Berlin,Berlin,3,660662.00,01.12.2019,28.02.2025,BMWE
ALRISE Biosystems GmbH,Berlin,Berlin,Berlin,1,657696.00,01.11.2010,31.10.2013,BMFTR
JENOPTIK Polymer Systems GmbH,Berlin,Berlin,Berlin,3,653968.00,01.03.2005,30.06.2013,BMFTR
"Land Berlin, vertreten durch das Bezirksamt Spandau von Berlin",Berlin,Berlin,Berlin,6,653678.00,01.05.2017,24.03.2026,"BMUKN, BMV"
Metallindustriewerk Staaken GmbH,Berlin,Berlin,Berlin,1,652802.00,01.08.1996,31.07.1999,BMFTR
Sozialökonomische Strukturanalysen e. V. - SÖSTRA,Berlin,Berlin,Berlin,4,652446.00,01.12.1990,30.04.2005,BMFTR
Spree Hybrid und Kommunikationstechnik GmbH,Berlin,Berlin,Berlin,5,652428.00,01.07.1991,31.07.2021,BMFTR
ADW - Zentralinstitut für Anorganische Chemie,Berlin,Berlin,Berlin,8,652090.00,01.07.1990,31.12.1991,BMFTR
Institut für Internationale Sozialforschung Infis e.V.,Berlin,Berlin,Berlin,3,651959.00,01.08.1991,30.11.2008,BMFTR
System 180 GmbH,Berlin,Berlin,Berlin,3,651428.00,01.07.2015,30.11.2026,"BMFTR, BMLEH, BMWE"
Mapular UG (haftungsbeschränkt),Berlin,Berlin,Berlin,2,651084.00,01.02.2022,28.02.2026,BMFTR
"GEWU Consult-Gesellschaft für Energie, Wirtschaft und Umwelt mbH",Berlin,Berlin,Berlin,2,649228.00,01.08.1983,31.12.1991,"BMFTR, BMWE"
Peter-Weiss-Stiftung für Kunst und Politik e.V.,Berlin,Berlin,Berlin,7,647066.00,01.03.2005,30.11.2017,BMFTR
2° Investing Initiative Deutschland e.V.,Berlin,Berlin,Berlin,1,646165.00,01.01.2018,31.03.2021,BMUKN
Constin GmbH,Berlin,Berlin,Berlin,4,645194.00,01.02.2012,31.12.2023,BMFTR
Deutscher Forstwirtschaftsrat e.V. (DFWR),Berlin,Berlin,Berlin,3,639723.00,01.11.2015,15.12.2020,BMLEH
geomecon GmbH,Berlin,Berlin,Berlin,7,638894.00,01.11.2015,31.05.2029,"BMFTR, BMWE"
Schleicher Gesellschaft mit beschränkter Haftung & Co. Relais-Werke Kommanditgesellschaft,Berlin,Berlin,Berlin,6,638756.00,01.03.1982,30.06.1990,BMFTR
Bess Pro GmbH,Berlin,Berlin,Berlin,3,637498.00,01.10.2016,31.12.2022,BMFTR
CAD/CAM-CONCEPT Gesellschaft für anwendungsorientierte Systemlösungen mbH,Berlin,Berlin,Berlin,2,637451.00,01.07.1998,31.12.2002,BMFTR
CCtec Deutsches Korsettzentrum GmbH & Co. KG,Berlin,Berlin,Berlin,2,637437.00,01.11.2018,31.08.2025,BMFTR
ISM Ingenieurbüro für Spezialmeßtechnik GmbH,Berlin,Berlin,Berlin,3,637148.00,01.04.1992,31.12.1994,BMFTR
PSF biotech AG,Berlin,Berlin,Berlin,2,636017.00,01.04.2003,30.06.2008,BMFTR
BSP Business School Potsdam Hochschule für Management (FH) GmbH,Berlin,Berlin,Berlin,1,635058.00,01.10.2012,30.09.2015,BMWE
Inuru GmbH,Berlin,Berlin,Berlin,3,634867.00,01.03.2016,31.12.2028,"BMFTR, BMWE"
Bündnis für Bildung e.V.,Berlin,Berlin,Berlin,1,634636.00,01.08.2020,30.09.2023,BMFTR
MMM tech support GmbH & Co. KG,Berlin,Berlin,Berlin,5,629530.00,01.02.2012,07.06.2023,"BMFTR, BMLEH"
Vanguard AG Medical Services for Europe,Berlin,Berlin,Berlin,3,628465.00,01.11.2004,30.11.2010,BMFTR
SemanticEdge GmbH,Berlin,Berlin,Berlin,3,627470.00,01.09.2005,31.12.2016,"BMFTR, BMWE"
"CeMAS - Center für Monitoring, Analyse und Strategie gGmbH",Berlin,Berlin,Berlin,1,626941.00,15.03.2026,31.03.2029,BMFTR
BioGenes Gesellschaft für Biopolymere mbH,Berlin,Berlin,Berlin,3,624583.00,01.10.1998,30.04.2010,BMFTR
ESMT - European School of Management and Technology GmbH,Berlin,Berlin,Berlin,3,623920.00,01.04.2018,31.07.2023,"BMFTR, BMWE"
IB Gesellschaft für interdisziplinäre Studien gGmbH (IB GIS gGmbH),Berlin,Berlin,Berlin,2,623166.00,01.08.2014,31.12.2020,BMFTR
crystal-photonics GmbH,Berlin,Berlin,Berlin,2,622549.00,01.12.2018,31.08.2024,BMFTR
unu GmbH,Berlin,Berlin,Berlin,1,622398.00,01.04.2017,31.10.2018,BMV
samoconsult GmbH,Berlin,Berlin,Berlin,2,621995.00,01.09.2021,30.04.2025,"BMFTR, BMWE"
Dr. Mirtsch Wölbstrukturierung GmbH,Berlin,Berlin,Berlin,3,620280.00,01.08.2009,31.12.2016,BMFTR
Awesome Prototype GmbH,Berlin,Berlin,Berlin,1,620218.00,01.12.2020,31.12.2022,BMFTR
ABB Ausbildungszentrum Berlin gemeinnützige GmbH,Berlin,Berlin,Berlin,1,618339.00,01.07.2017,30.06.2020,BMFTR
SRH Hochschulen Berlin GmbH,Berlin,Berlin,Berlin,3,617856.00,01.07.2013,30.06.2022,BMFTR
Kadmos Biotech GmbH,Berlin,Berlin,Berlin,1,617463.00,01.01.2026,31.08.2028,BMFTR
MCS Micronic Computer Systeme GmbH,Berlin,Berlin,Berlin,2,616065.00,01.01.2016,31.05.2022,BMFTR
Metis Systems AG,Berlin,Berlin,Berlin,1,615044.00,01.04.2020,30.09.2023,BMFTR
escos automation GmbH,Berlin,Berlin,Berlin,3,614119.00,01.09.2015,31.07.2026,BMFTR
SIBIS Institut für Sozial- und Technikforschung GmbH,Berlin,Berlin,Berlin,4,612806.00,01.07.2013,31.10.2022,BMFTR
Charité - Universitätsmedizin Berlin - Campus Benjamin Franklin - Drittmittelverwaltung - Dez. II B 3.4,Berlin,Berlin,Berlin,2,612008.00,01.05.2004,30.06.2007,BMFTR
Gesellschaft zur Förderung der naturwissenschaftlich-technischen Forschung in Berlin-Adlershof e. V.,Berlin,Berlin,Berlin,3,611914.00,01.03.1992,31.07.2019,BMFTR
Berliner Schule für Gesundheit gemeinnützige GmbH,Berlin,Berlin,Berlin,1,611910.00,01.03.2001,31.05.2004,BMFTR
Es-geht!-Energiesysteme GmbH,Berlin,Berlin,Berlin,4,611428.00,01.07.2020,31.05.2028,"BMFTR, BMWE"
Satz-Rechen-Zentrum Hartmann & Heenemann GmbH & Co. KG,Berlin,Berlin,Berlin,3,610124.00,01.07.1983,31.12.1985,BMFTR
CarTelSol GmbH,Berlin,Berlin,Berlin,1,609051.00,01.07.2023,30.06.2026,BMWE
Evangelische Kirche Berlin-Brandenburg-schlesische Oberlausitz,Berlin,Berlin,Berlin,3,607840.00,01.10.2015,30.06.2023,BMUKN
Brainware Gesellschaft für Artificial Intelligence Systementwicklung und -beratungs mbH,Berlin,Berlin,Berlin,6,607627.00,01.07.1988,31.01.1995,BMFTR
Frey Computersysteme GmbH,Berlin,Berlin,Berlin,2,607592.00,01.03.1982,31.03.1987,BMFTR
ELPRO Leit- und Energietechnik GmbH,Berlin,Berlin,Berlin,4,607101.00,01.07.1992,30.06.1997,BMFTR
"Land Berlin, vertreten durch Bezirksamt Steglitz-Zehlendorf von Berlin",Berlin,Berlin,Berlin,2,606084.00,01.12.2022,31.03.2031,"BMFTR, BMV"
Technische Jugendfreizeit- und Bildungsgesellschaft (tjfbg) gemeinnützige GmbH,Berlin,Berlin,Berlin,7,605725.00,01.07.2005,31.12.2011,BMFTR
ADMOS Gleitlager GmbH,Berlin,Berlin,Berlin,3,604362.00,01.04.1992,30.06.2025,BMFTR
Berlin Cert GmbH,Berlin,Berlin,Berlin,4,603862.00,01.08.2013,31.05.2025,"BMFTR, BMWE"
Gesundheit Berlin-Brandenburg e.V.,Berlin,Berlin,Berlin,3,602016.00,01.05.2005,31.03.2021,BMFTR
M.UT.Z Mobiles Umwelttechnik Zentrum e.V.,Berlin,Berlin,Berlin,1,601594.00,01.04.2012,30.11.2013,BMUKN
BNW Bundesverband Nachhaltige Wirtschaft e.V.,Berlin,Berlin,Berlin,3,600831.00,01.10.2016,31.12.2025,BMUKN
eHealth & Information Systems Africa gGmbH,Berlin,Berlin,Berlin,1,600750.00,01.04.2020,30.06.2023,BMFTR
"Land Berlin, vertreten durch das Bezirksamt Pankow von Berlin",Berlin,Berlin,Berlin,3,600599.00,01.10.2022,31.03.2028,"BMUKN, BMV"
Technologie-Vermittlungs-Agentur Berlin e.V.,Berlin,Berlin,Berlin,5,600303.00,01.11.1983,31.12.1994,BMFTR
Exozet Berlin GmbH,Berlin,Berlin,Berlin,2,599903.00,01.05.2010,31.07.2015,BMFTR
Selfapy GmbH,Berlin,Berlin,Berlin,1,598710.00,01.03.2020,28.02.2023,BMFTR
Signavio GmbH,Berlin,Berlin,Berlin,2,596929.00,01.12.2010,31.03.2019,BMFTR
Großrechenzentrum für die Wissenschaft in Berlin (GRZ),Berlin,Berlin,Berlin,2,591924.00,01.01.1978,31.12.1981,BMFTR
Spirent Technologies GmbH,Berlin,Berlin,Berlin,4,590875.00,01.10.2003,30.04.2016,BMFTR
Point Blank Games UG (haftungsbeschränkt),Berlin,Berlin,Berlin,3,587435.00,01.06.2020,31.03.2023,BMFTR
ADW - Verwaltungs- und Dienstleistungseinrichtung Berlin-Adlershof,Berlin,Berlin,Berlin,2,586783.00,01.10.1990,31.12.1990,BMFTR
Lokalleads GmbH,Berlin,Berlin,Berlin,1,586423.00,01.05.2025,30.04.2028,BMWE
Biochemisch-Technologisches Zentrum Berlin-Buch e.V.,Berlin,Berlin,Berlin,2,584317.00,01.01.1992,31.12.1992,BMFTR
How to Organize (H2O) GmbH,Berlin,Berlin,Berlin,2,583947.00,01.10.2008,31.08.2015,BMFTR
Friedrichshain-Kreuzberger Unternehmerverein e.V.,Berlin,Berlin,Berlin,1,583082.00,01.01.2019,31.12.2021,BMFTR
VIOM Gesellschaft für Mobile Business Technologies mbH,Berlin,Berlin,Berlin,3,582767.00,01.08.2010,31.05.2021,BMFTR
TeCNeT Gesellschaft für TeleCooperate NeTwork Systeme & Service mbH,Berlin,Berlin,Berlin,1,581205.00,01.11.2008,31.01.2012,BMFTR
Frank Optic Products GmbH optische Technologien,Berlin,Berlin,Berlin,3,580314.00,01.01.1997,30.11.2011,BMFTR
kiezküchen gmbh,Berlin,Berlin,Berlin,2,577699.00,01.03.2009,31.12.2021,BMFTR
Connected Living e.V.,Berlin,Berlin,Berlin,9,576253.00,01.07.2010,30.06.2018,BMFTR
nyris GmbH,Berlin,Berlin,Berlin,3,572932.00,01.11.2018,30.04.2024,BMFTR
Filt Lungen- und Thoraxdiagnostik GmbH,Berlin,Berlin,Berlin,3,572502.00,01.06.2000,31.01.2006,BMFTR
Institut für Nieren- und Hochdruckforschung Berlin e.V.,Berlin,Berlin,Berlin,1,570720.00,01.10.1991,31.07.1996,BMFTR
Epiios Therapeutics GmbH,Berlin,Berlin,Berlin,1,569528.00,01.01.2013,31.12.2015,BMFTR
Mercedes-Benz CharterWay Gesellschaft mit beschränkter Haftung,Berlin,Berlin,Berlin,1,567876.00,01.05.1996,30.06.1999,BMFTR
Stiftung Planetarium Berlin,Berlin,Berlin,Berlin,2,567661.00,15.11.2022,31.03.2025,BMFTR
MediUm-TECH Ingenieur- und Handelsgesellschaft für Medizin- und Umwelttechnik mbH,Berlin,Berlin,Berlin,1,566786.00,01.05.1996,31.05.1999,BMFTR
Technologiestiftung Berlin,Berlin,Berlin,Berlin,3,565258.00,01.12.2019,31.07.2025,"BMFTR, BMV"
LAR Analytik & Umwelt Meßtechnik GmbH,Berlin,Berlin,Berlin,2,564794.00,01.06.1987,30.11.1993,BMFTR
Evangelische Akademien in Deutschland e.V.,Berlin,Berlin,Berlin,4,564604.00,01.02.2001,31.07.2025,BMFTR
akquinet tech@spree GmbH,Berlin,Berlin,Berlin,3,564444.00,01.09.2010,31.08.2013,BMFTR
Stromnetz Berlin GmbH,Berlin,Berlin,Berlin,5,563547.00,01.09.2009,31.12.2021,"BMFTR, BMV, BMWE"
Gerlach Hybrid Organ GmbH,Berlin,Berlin,Berlin,1,563537.00,01.11.1998,31.12.2002,BMFTR
Global Solutions GmbH,Berlin,Berlin,Berlin,1,563405.00,01.11.2021,30.04.2025,BMFTR
Robot Taktile Greifer GmbH,Berlin,Berlin,Berlin,2,563297.00,01.10.1984,31.12.1988,BMFTR
ADW - Abwicklungsstelle der Institute und Einrichtungen,Berlin,Berlin,Berlin,1,561910.00,01.07.1990,31.12.1990,BMFTR
ITU Forschungsgesellschaft Technischer Umweltschutz mbH,Berlin,Berlin,Berlin,1,561683.00,01.10.1990,31.12.1994,BMFTR
Malik Management Zentrum St. Gallen GmbH,Berlin,Berlin,Berlin,2,560400.00,01.05.2011,31.01.2022,BMFTR
Trustami GmbH,Berlin,Berlin,Berlin,1,560103.00,01.01.2022,31.12.2024,BMFTR
C:1 Secure eBusiness GmbH,Berlin,Berlin,Berlin,2,558321.00,01.04.2002,30.09.2003,BMFTR
snafu Gesellschaft für interaktive Netzwerke mbH,Berlin,Berlin,Berlin,1,557868.00,01.10.2023,30.09.2027,BMFTR
TomTom Location Technology Germany GmbH,Berlin,Berlin,Berlin,2,557550.00,01.12.2016,31.12.2020,"BMFTR, BMWE"
EPC - Projektgesellschaft für Klima.Nachhaltigkeit.Kommunikation mbH (gemeinnützig),Berlin,Berlin,Berlin,3,557351.00,01.07.2021,30.06.2027,BMWE
Bundesverband Naturkost Naturwaren e.V.,Berlin,Berlin,Berlin,9,555806.00,01.12.2006,30.09.2023,BMLEH
LuRaTech Gesellschaft für Luft- und Raumfahrttechnologie & Multimedia mbH,Berlin,Berlin,Berlin,2,552921.00,01.07.1996,30.06.1999,BMFTR
RCDS Bildungs- und Sozialwerk e.V.,Berlin,Berlin,Berlin,21,552899.00,01.10.2000,30.09.2022,BMFTR
VDP Versuchsanstalt für Datenverarbeitung und Prozesstechnik,Berlin,Berlin,Berlin,1,552568.00,01.01.1983,31.10.1986,BMWE
mixed.world GmbH,Berlin,Berlin,Berlin,3,552553.00,01.07.2023,31.03.2028,BMFTR
"Land Berlin, vertreten durch das Bezirksamt Charlottenburg-Wilmersdorf",Berlin,Berlin,Berlin,8,550027.00,01.11.2010,31.03.2021,"BMFTR, BMUKN"
Zentralinstitut für Information und Dokumentation,Berlin,Berlin,Berlin,3,549639.00,01.07.1990,31.12.1990,BMFTR
GE Energy Power Conversion GmbH,Berlin,Berlin,Berlin,4,549446.00,01.09.2008,31.12.2018,"BMFTR, BMWE"
R3 - Reliable Realtime Radio Communications GmbH,Berlin,Berlin,Berlin,2,548295.00,01.05.2017,31.12.2021,BMFTR
Borsig ZM Compression GmbH,Berlin,Berlin,Berlin,1,547712.00,01.11.2019,31.05.2022,BMFTR
ADW - Institut für Informatik und Rechentechnik,Berlin,Berlin,Berlin,4,545992.00,01.07.1990,31.12.1991,BMFTR
Mologen AG,Berlin,Berlin,Berlin,2,545728.00,01.04.2004,31.12.2012,BMFTR
Krebskosmo Gesellschaft für Chemie-Ingenieur-Technik mbH,Berlin,Berlin,Berlin,2,544818.00,01.08.1980,31.12.1988,BMWE
B & O Bau und Gebäudetechnik GmbH & Co. KG,Berlin,Berlin,Berlin,2,542240.00,01.07.2013,30.09.2024,BMWE
Quintra Business Communication & Consulting GmbH,Berlin,Berlin,Berlin,1,542230.00,01.10.2025,30.09.2028,BMFTR
Pädagogische Hochschule Berlin,Berlin,Berlin,Berlin,2,541158.00,01.07.1970,31.12.1976,BMFTR
CHE Consult GmbH,Berlin,Berlin,Berlin,1,540762.00,01.01.2014,30.06.2017,BMFTR
Institut für Bautechnik,Berlin,Berlin,Berlin,1,538805.00,01.01.1988,31.03.1990,BMWE
Georg Neumann GmbH,Berlin,Berlin,Berlin,3,537939.00,01.03.1979,30.04.2010,BMFTR
PSI Production GmbH,Berlin,Berlin,Berlin,3,537898.00,01.04.2000,31.12.2009,"BMFTR, BMWE"
2N2K Deutschland e.V.,Berlin,Berlin,Berlin,1,536421.00,01.11.2021,31.03.2025,BMUKN
Legal OS GmbH,Berlin,Berlin,Berlin,1,536103.00,01.07.2020,30.06.2022,BMFTR
Arbeiterwohlfahrt Berlin Kreisverband Südost e.V.,Berlin,Berlin,Berlin,2,533170.00,01.09.1984,30.04.2015,"BMFTR, BMUKN"
Coolar UG (haftungsbeschränkt),Berlin,Berlin,Berlin,2,533029.00,01.06.2019,31.08.2028,"BMFTR, BMWE"
Bundesverband der Deutschen Tourismuswirtschaft e.V.,Berlin,Berlin,Berlin,1,532158.00,01.10.2022,28.02.2025,BMUKN
Allego GmbH,Berlin,Berlin,Berlin,1,531571.00,01.07.2016,31.05.2019,BMV
Femtec Hochschulkarrierezentrum für Frauen Berlin GmbH,Berlin,Berlin,Berlin,3,531555.00,01.05.2003,30.09.2015,BMFTR
BioteCon Gesellschaft für biotechnologische Entwicklung und Consulting mbH,Berlin,Berlin,Berlin,3,530666.00,01.10.1991,31.10.1998,BMFTR
BIO - Deutschland e.V.,Berlin,Berlin,Berlin,1,530586.00,01.10.2009,30.09.2015,BMFTR
Evangelisches Geriatriezentrum Berlin gGmbH,Berlin,Berlin,Berlin,3,528607.00,01.12.2011,14.08.2025,BMFTR
AJ Innuscreen GmbH,Berlin,Berlin,Berlin,3,526792.00,01.02.2013,31.12.2021,BMFTR
Fürst Donnersmarck-Stiftung zu Berlin,Berlin,Berlin,Berlin,2,526400.00,01.06.2022,30.04.2029,BMFTR
XapiX Software GmbH,Berlin,Berlin,Berlin,2,525377.00,01.08.2018,31.10.2021,"BMV, BMWE"
SfI Systemhaus für Informationsverarbeitung GmbH,Berlin,Berlin,Berlin,1,524124.00,01.01.1992,31.10.1994,BMFTR
Minerva Biolabs GmbH,Berlin,Berlin,Berlin,3,523791.00,01.07.2015,28.02.2019,BMFTR
TEMBRA GmbH & Co. KG,Berlin,Berlin,Berlin,1,520965.00,01.04.2011,30.09.2013,BMWE
OpenSynergy GmbH,Berlin,Berlin,Berlin,2,520459.00,01.12.2011,30.09.2019,BMFTR
IOM Innovative Optische Meßtechnik GmbH,Berlin,Berlin,Berlin,4,518440.00,01.07.1999,31.03.2007,BMFTR
POLAVIS GmbH,Berlin,Berlin,Berlin,2,517954.00,01.09.2017,30.06.2023,BMFTR
"amtec Automatisierungs-, Meß- und Testtechnologien GmbH",Berlin,Berlin,Berlin,3,515787.00,01.03.1996,30.06.2002,BMFTR
Zentralstelle für Berufsbildung im Handel e.V. in Verbindung mit dem Handelsverband Deutschland (HDE) e.V.,Berlin,Berlin,Berlin,4,515694.00,15.06.1994,30.04.2018,BMFTR
European Health Data Alliance e.V.,Berlin,Berlin,Berlin,2,515108.00,01.04.2025,31.12.2028,BMFTR
Technologie- und Ausstellungszentrum Berlin,Berlin,Berlin,Berlin,1,514871.00,01.09.1990,31.12.1990,BMFTR
Verein für Aus- und Weiterbildung der chemischen Industrie in Berlin und Brandenburg e.V.,Berlin,Berlin,Berlin,5,514446.00,01.01.1995,31.12.1999,BMFTR
Xploraytion GmbH,Berlin,Berlin,Berlin,2,514322.00,01.06.2023,30.11.2026,"BMFTR, BMWE"
YACOUB Automation GmbH,Berlin,Berlin,Berlin,3,513991.00,01.09.2008,31.12.2019,BMFTR
XION GmbH,Berlin,Berlin,Berlin,3,513325.00,01.12.2007,31.03.2020,BMFTR
TSI Telematics Solutions International GmbH,Berlin,Berlin,Berlin,2,513145.00,01.02.2009,31.08.2012,BMFTR
Complexium GmbH,Berlin,Berlin,Berlin,2,512996.00,01.01.2012,31.03.2025,BMFTR
Institute for Health Care Systems Management Berlin eG,Berlin,Berlin,Berlin,1,511315.00,01.02.2023,31.07.2026,BMFTR
"GOS Gesellschaft zur Förderung angewandter Optik, Optoelektronik, Quantenelektronik und Spektroskopie e.V.",Berlin,Berlin,Berlin,2,509273.00,01.01.1995,30.09.2003,"BMFTR, BMWE"
FGW Forschungsgesellschaft für Wärmetechnik mbH,Berlin,Berlin,Berlin,1,509247.00,01.10.1985,30.04.1988,BMFTR
EyeLogic GmbH,Berlin,Berlin,Berlin,1,508532.00,01.03.2021,28.02.2023,BMFTR
nova motum Services & Consulting GmbH,Berlin,Berlin,Berlin,2,507287.00,01.08.2014,31.12.2021,BMFTR
Makea Industries GmbH,Berlin,Berlin,Berlin,4,506589.00,01.10.2016,31.05.2020,BMFTR
Lernfabrik NEUE TECHNOLOGIEN Berlin gemeinnützige GmbH,Berlin,Berlin,Berlin,2,506513.00,01.05.2016,30.04.2019,"BMFTR, BMWE"
Visage Imaging GmbH,Berlin,Berlin,Berlin,1,506075.00,01.06.2019,31.12.2022,BMFTR
greateyes GmbH,Berlin,Berlin,Berlin,3,505743.00,01.08.2018,31.03.2028,BMWE
DiAvEn UG (haftungsbeschränkt),Berlin,Berlin,Berlin,2,505649.00,01.02.2021,31.12.2026,BMFTR
ConsulTech Technologieberatung GmbH,Berlin,Berlin,Berlin,2,505179.00,01.11.2017,31.12.2024,BMFTR
Guardini Stiftung e.V.,Berlin,Berlin,Berlin,1,504047.00,01.12.2006,30.11.2009,BMFTR
Fallings Walls Conference Falling Walls Foundation gGmbH i.G.,Berlin,Berlin,Berlin,1,502722.00,01.07.2010,28.02.2011,BMFTR
cii.research gGmbH,Berlin,Berlin,Berlin,2,502235.00,01.02.2026,31.05.2029,BMFTR
DIW econ GmbH,Berlin,Berlin,Berlin,2,501914.00,01.07.2020,30.06.2024,"BMFTR, BMV"
JENOPTIK Diode Lab GmbH,Berlin,Berlin,Berlin,2,500539.00,01.04.2005,31.07.2011,BMFTR
Twin Drums UG (haftungsbeschränkt),Berlin,Berlin,Berlin,1,500250.00,01.08.2021,31.12.2023,BMFTR
Safety io GmbH,Berlin,Berlin,Berlin,3,499746.00,01.07.2016,30.09.2022,"BMFTR, BMWE"
PAR Medizintechnik GmbH & Co. Kommanditgesellschaft,Berlin,Berlin,Berlin,1,498404.00,01.02.2019,31.07.2022,BMFTR
EANTC Aktiengesellschaft,Berlin,Berlin,Berlin,3,498376.00,01.04.2011,31.03.2025,BMFTR
MicroEnergy International GmbH,Berlin,Berlin,Berlin,5,498163.00,01.06.2013,31.12.2025,BMFTR
MAZ Mikroelektronik-Anwendungszentrum GmbH im Land Brandenburg,Berlin,Berlin,Berlin,2,497277.00,01.04.2011,31.12.2017,BMFTR
Doc Cirrus GmbH,Berlin,Berlin,Berlin,2,495603.00,01.04.2017,31.08.2027,BMFTR
Mobility goes Additive e.V.,Berlin,Berlin,Berlin,2,494811.00,01.06.2022,31.08.2026,"BMFTR, BMWE"
BSE Systementwicklung EDV-Beratung GmbH,Berlin,Berlin,Berlin,2,494642.00,01.01.1973,31.12.1975,BMFTR
Berlin-Brandenburg Institut für Sozialforschung und sozialwissenschaftliche Praxis e.V.,Berlin,Berlin,Berlin,2,493706.00,01.07.1994,28.02.1999,BMFTR
Alexianer St. Hedwig Kliniken Berlin GmbH,Berlin,Berlin,Berlin,2,491488.00,15.01.2021,31.12.2028,BMFTR
kreuzwerker GmbH,Berlin,Berlin,Berlin,1,491389.00,01.09.2015,30.11.2017,BMFTR
SOPAT GmbH,Berlin,Berlin,Berlin,4,490049.00,01.10.2016,31.03.2029,BMFTR
"Land Berlin, vertreten durch das Bezirksamt Tempelhof-Schöneberg",Berlin,Berlin,Berlin,16,489559.00,01.09.2013,31.08.2026,BMUKN
Sigmar Mothes Hochdrucktechnik GmbH,Berlin,Berlin,Berlin,4,488802.00,01.01.2016,31.10.2024,"BMFTR, BMWE"
Redknee Germany OS GmbH,Berlin,Berlin,Berlin,2,488606.00,01.12.2011,30.09.2016,BMFTR
labforward GmbH,Berlin,Berlin,Berlin,2,487410.00,01.03.2020,28.02.2023,BMFTR
ELECTROMAGNETIC PIPELINE TESTING GmbH,Berlin,Berlin,Berlin,1,486984.00,01.09.2024,31.08.2026,BMFTR
AS und BE Asphalt- und Betonstraßenbau GmbH,Berlin,Berlin,Berlin,1,486717.00,01.06.2024,31.05.2027,BMV
Sender Freies Berlin,Berlin,Berlin,Berlin,2,486349.00,01.07.1973,30.06.1977,BMFTR
SHI Stein-Hardenberg Institut GmbH,Berlin,Berlin,Berlin,2,485316.00,01.01.2021,31.07.2029,BMFTR
O&O Software GmbH,Berlin,Berlin,Berlin,3,485118.00,01.06.2016,31.12.2022,BMFTR
Sleepiz Germany GmbH,Berlin,Berlin,Berlin,1,484209.00,01.09.2025,31.08.2027,BMFTR
ZLU - Zentrum für Logistik und Unternehmensplanung GmbH & Co. Kommanditgesellschaft,Berlin,Berlin,Berlin,1,484181.00,01.07.2000,31.12.2002,BMFTR
Industrieforschungszentrum Biotechnologie GmbH,Berlin,Berlin,Berlin,5,482080.00,01.07.1990,31.12.1991,BMFTR
Arbeitsgemeinschaft Schweisstechnik Berlin e.V.,Berlin,Berlin,Berlin,2,481398.00,01.11.1976,14.05.1981,BMFTR
IPH Institut Prüffeld für elektrische Hochleistungstechnik GmbH,Berlin,Berlin,Berlin,1,480753.00,01.08.2015,31.12.2019,BMFTR
ACARYON GmbH,Berlin,Berlin,Berlin,1,478877.00,15.12.2023,14.12.2026,BMFTR
Klim GmbH,Berlin,Berlin,Berlin,1,478834.00,01.06.2025,31.05.2028,BMFTR
artop GmbH,Berlin,Berlin,Berlin,2,478259.00,01.12.2003,30.04.2013,BMFTR
NANOVAL GmbH & Co. KG,Berlin,Berlin,Berlin,6,477391.00,15.12.2004,30.06.2024,"BMFTR, BMLEH, BMWE"
azeti GmbH,Berlin,Berlin,Berlin,1,477246.00,01.09.2017,29.02.2020,BMFTR
LGC Genomics GmbH,Berlin,Berlin,Berlin,2,476875.00,01.11.2021,31.10.2027,BMFTR
SZ Schmerzzentrum Berlin GmbH,Berlin,Berlin,Berlin,1,476636.00,01.04.2009,30.09.2012,BMFTR
KUGU Home GmbH,Berlin,Berlin,Berlin,2,476451.00,01.01.2023,14.12.2027,"BMFTR, BMWE"
k.o.s GmbH,Berlin,Berlin,Berlin,3,475658.00,15.11.2010,30.06.2020,BMFTR
GAMEEXPRO UG (haftungsbeschränkt),Berlin,Berlin,Berlin,3,474389.00,01.09.2020,31.07.2023,BMFTR
neurocat GmbH,Berlin,Berlin,Berlin,3,474078.00,15.04.2019,30.09.2024,"BMFTR, BMWE"
Institut für wassergefährdende Stoffe e.V. an der Technischen Universität Berlin,Berlin,Berlin,Berlin,2,472147.00,01.10.1990,30.09.1998,BMFTR
iSAtech water GmbH,Berlin,Berlin,Berlin,2,472091.00,01.08.2018,31.12.2025,BMFTR
Forum Ökologisch-Soziale Marktwirtschaft e.V. (FÖS),Berlin,Berlin,Berlin,2,471360.00,01.11.2024,04.11.2028,"BMLEH, BMUKN"
republica GmbH,Berlin,Berlin,Berlin,4,470906.00,01.03.2014,31.07.2024,BMFTR
Bildungsnetzwerk China gGmbH,Berlin,Berlin,Berlin,1,470554.00,01.10.2024,31.12.2026,BMFTR
Fugro Germany Land GmbH,Berlin,Berlin,Berlin,3,470494.00,01.01.2018,30.04.2023,BMFTR
WINDnovation Engineering Solutions GmbH,Berlin,Berlin,Berlin,4,468462.00,01.01.2017,31.05.2023,"BMFTR, BMWE"
Gröschel Branding GmbH,Berlin,Berlin,Berlin,2,468348.00,01.11.2017,31.03.2024,BMFTR
Brilliance FAB Berlin GmbH,Berlin,Berlin,Berlin,3,467663.00,01.12.2017,31.03.2024,BMFTR
MBB-Gelma Automation GmbH,Berlin,Berlin,Berlin,1,466630.00,01.08.1995,31.12.1997,BMFTR
Piranha Arts AG,Berlin,Berlin,Berlin,3,466114.00,01.11.2008,31.12.2014,BMFTR
FEK Energeieffizienz UG (haftungsbeschränkt) c/o Manfred Hagen,Berlin,Berlin,Berlin,1,465490.00,01.06.2017,31.10.2019,BMWE
Gesellschaft für Technologiefolgenforschung e.V. (GTF),Berlin,Berlin,Berlin,5,464832.00,01.03.1985,31.12.1993,BMFTR
Historikerkommission Prof. Dr. Horst Möller & Prof. Joachim Bitterlich & Prof. Dr. Gustavo Corni & Prof. Dr. Andreas Dornheim & Prof. Dr. Friedrich Kießling & Prof. Dr. Daniela Münkel,Berlin,Berlin,Berlin,1,463666.00,01.11.2016,31.07.2020,BMLEH
Bosque Foods GmbH,Berlin,Berlin,Berlin,1,460573.00,01.05.2023,05.09.2024,BMFTR
TPI Composites Germany GmbH,Berlin,Berlin,Berlin,2,459899.00,01.05.2021,31.12.2028,BMWE
neXenio GmbH,Berlin,Berlin,Berlin,2,459095.00,01.11.2019,29.02.2024,BMFTR
Deutsches Archäologisches Institut (DAI),Berlin,Berlin,Berlin,1,458101.00,01.08.2001,31.07.2003,BMFTR
FGW e.V. - Fördergesellschaft Windenergie und andere Dezentrale Energien,Berlin,Berlin,Berlin,2,457802.00,01.01.2015,31.12.2026,BMWE
LinguaTV GmbH,Berlin,Berlin,Berlin,1,457168.00,01.07.2012,30.06.2014,BMFTR
"Land Berlin, vertreten durch Bezirksamt Charlottenburg-Wilmersdorf von Berlin",Berlin,Berlin,Berlin,4,455388.00,01.04.2017,31.05.2025,"BMFTR, BMUKN, BMV"
EY Consulting GmbH,Berlin,Berlin,Berlin,1,455179.00,01.03.2025,30.06.2028,BMFTR
F & T Fibers and Technology GmbH,Berlin,Berlin,Berlin,2,455020.00,01.03.2007,30.06.2017,BMFTR
FIA Forschungsteam Internationaler Arbeitsmarkt GmbH,Berlin,Berlin,Berlin,1,454743.00,01.09.2009,30.09.2013,BMFTR
Playing History GmbH,Berlin,Berlin,Berlin,2,453500.00,01.06.2022,30.06.2027,BMFTR
MO-SPACE Raumfahrttechnik GmbH,Berlin,Berlin,Berlin,1,453010.00,01.01.2023,31.12.2026,BMFTR
F. H. Incubator GmbH,Berlin,Berlin,Berlin,1,452816.00,01.06.2017,30.11.2018,BMFTR
Archiv der Jugendkulturen e.V.,Berlin,Berlin,Berlin,2,452353.00,01.04.2014,31.12.2017,BMFTR
ImaGenes GmbH,Berlin,Berlin,Berlin,3,451740.00,01.05.2008,31.12.2013,BMFTR
Redimi GmbH,Berlin,Berlin,Berlin,1,449951.00,01.09.2025,31.08.2028,BMFTR
FZB Umweltlabor GmbH,Berlin,Berlin,Berlin,1,448441.00,01.01.1992,31.12.1992,BMFTR
Pumacy Technologies Aktiengesellschaft - Niederlassung Berlin,Berlin,Berlin,Berlin,1,446900.00,01.05.2023,31.07.2026,BMFTR
BOS Berlin Oberspree Sondermaschinenbau-Gesellschaft mit beschränkter Haftung,Berlin,Berlin,Berlin,4,446658.00,01.07.1994,31.03.2004,BMFTR
BBJ CONSULT e.V. & BBJ SERVIS gGmbH für Jugendhilfe,Berlin,Berlin,Berlin,4,445070.00,01.05.1991,31.12.1995,BMFTR
WeltWeitBau Consulting + Lösungen Ingenieurgesellschaft für angewandte Bauinformatik mbH,Berlin,Berlin,Berlin,2,444913.00,01.10.2000,30.09.2006,BMFTR
Shiny Dynamics GmbH,Berlin,Berlin,Berlin,1,443130.00,01.02.2026,31.12.2026,BMFTR
bgmr Landschaftsarchitekten GmbH,Berlin,Berlin,Berlin,2,442870.00,01.03.2019,30.11.2024,BMFTR
CFD Software - Entwicklungs- und Forschungsgesellschaft mbH,Berlin,Berlin,Berlin,1,442650.00,01.10.2020,31.12.2023,BMWE
VIS International GmbH,Berlin,Berlin,Berlin,1,442260.00,01.01.2011,31.12.2014,BMFTR
"Arbeitsgemeinschaft UDS, vertreten durch AEG Westinghouse Transport-Systeme GmbH",Berlin,Berlin,Berlin,1,442259.00,01.07.1985,31.12.1988,BMWE
Senozon Deutschland GmbH,Berlin,Berlin,Berlin,2,442117.00,01.10.2018,31.01.2025,BMV
solocode GmbH,Berlin,Berlin,Berlin,1,440754.00,01.02.2021,31.01.2024,BMFTR
Leibniz-Institut für Molekulare Pharmakologie,Berlin,Berlin,Berlin,1,438924.00,01.07.2015,30.09.2020,BMFTR
IT-Dienstleistungszentrum Berlin,Berlin,Berlin,Berlin,2,437958.00,01.01.2012,28.02.2015,"BMFTR, BMUKN"
Photon Laser Manufacturing GmbH,Berlin,Berlin,Berlin,4,437672.00,01.09.2016,30.06.2023,"BMFTR, BMWE"
microTOOL GmbH,Berlin,Berlin,Berlin,1,436706.00,01.07.2008,31.12.2010,BMFTR
Deutsche Gartenbau-Gesellschaft 1822 e. V.,Berlin,Berlin,Berlin,1,436417.00,01.06.2011,31.05.2017,BMLEH
Eternit GmbH,Berlin,Berlin,Berlin,1,435923.00,01.09.1976,31.08.1978,BMFTR
BIT GmbH Berliner Institut für Technologietransfer,Berlin,Berlin,Berlin,3,435555.00,01.11.2020,31.12.2026,"BMFTR, BMWE"
Lumid Labs UG (haftungsbeschränkt),Berlin,Berlin,Berlin,1,435211.00,15.05.2025,14.11.2026,BMFTR
The New Motion Deutschland GmbH,Berlin,Berlin,Berlin,1,434111.00,08.10.2018,31.12.2020,BMWE
Specht Kalleja + Partner Beratende Ingenieure GmbH,Berlin,Berlin,Berlin,4,433992.00,01.01.2010,30.06.2022,"BMFTR, BMWE"
BAnTec GmbH,Berlin,Berlin,Berlin,1,433758.00,01.01.2025,31.12.2027,BMWE
AURA Health Technologies GmbH,Berlin,Berlin,Berlin,1,433591.00,01.05.2024,30.04.2027,BMFTR
LUMITOS AG,Berlin,Berlin,Berlin,3,432220.00,01.09.2001,31.12.2007,BMFTR
OPENLIMIT SignCubes GmbH,Berlin,Berlin,Berlin,2,432138.00,15.01.2012,31.12.2019,BMFTR
Arbolitics GmbH,Berlin,Berlin,Berlin,1,432076.00,15.10.2023,14.10.2026,BMLEH
difgl Deutsches Institut für Gutes Leben GmbH,Berlin,Berlin,Berlin,2,431537.00,01.01.2024,31.12.2026,BMFTR
NovoCut Systems GmbH,Berlin,Berlin,Berlin,3,430670.00,01.04.2001,31.03.2005,BMFTR
ARXES Information Design Berlin GmbH,Berlin,Berlin,Berlin,3,429025.00,01.04.2008,30.11.2012,"BMFTR, BMLEH"
Evangelisches Werk für Diakonie und Entwicklung e.V.,Berlin,Berlin,Berlin,1,427208.00,01.11.2000,29.02.2004,BMFTR
IFGE Gesellschaft für Innovationsforschung und Beratung mbH,Berlin,Berlin,Berlin,1,427127.00,01.03.1995,28.02.1998,BMFTR
ASI Advanced Semiconductor Instruments GmbH,Berlin,Berlin,Berlin,4,427066.00,01.07.1995,31.12.2006,"BMFTR, BMWE"
acticom GmbH,Berlin,Berlin,Berlin,3,426132.00,01.01.2017,31.12.2022,BMFTR
Zentrum für Stereoselektive Organische Synthese,Berlin,Berlin,Berlin,1,426112.00,01.01.1992,31.03.1995,BMFTR
kubix Gesellschaft für Entwicklung und Produktion temporärer Bauten mbH,Berlin,Berlin,Berlin,1,425264.00,01.08.2019,31.08.2023,BMFTR
G.Ö.K. Consulting AG,Berlin,Berlin,Berlin,1,424768.00,01.05.2001,31.12.2003,BMWE
ImpactNexus GmbH,Berlin,Berlin,Berlin,1,423363.00,01.07.2021,30.06.2024,BMUKN
ACI Analytical Control Instruments GmbH,Berlin,Berlin,Berlin,2,422382.00,01.03.2011,31.10.2020,BMFTR
Medienwerkstatt Berlin e.V.,Berlin,Berlin,Berlin,2,422195.00,01.11.1995,31.12.1998,BMFTR
Stellar Cartography Interactive UG (haftungsbeschränkt),Berlin,Berlin,Berlin,3,422181.00,01.12.2021,31.12.2026,BMFTR
Relimetrics GmbH,Berlin,Berlin,Berlin,2,421985.00,01.01.2020,28.02.2025,BMFTR
Verein zur Förderung der interkulturellen Jugendarbeit e.V.,Berlin,Berlin,Berlin,2,421681.00,01.01.2004,31.08.2007,BMFTR
F. Patzer GmbH & Co. KG,Berlin,Berlin,Berlin,2,421395.00,01.01.1978,08.12.1981,BMFTR
Deutscher Gewerkschaftsbund (DGB) - Bundesvorstand - Abt. Bildung und Qualifizierung,Berlin,Berlin,Berlin,1,420462.00,01.01.2007,31.12.2007,BMFTR
Aaron GmbH,Berlin,Berlin,Berlin,1,420395.00,01.03.2022,31.08.2024,BMFTR
AOKIN AG,Berlin,Berlin,Berlin,3,419914.00,01.05.2005,30.11.2019,"BMFTR, BMLEH"
CryLaS Crystal Laser Systems GmbH,Berlin,Berlin,Berlin,2,419384.00,01.05.2005,31.12.2010,BMFTR
IfG - Institut für Gerätebau GmbH,Berlin,Berlin,Berlin,2,419022.00,01.08.2001,30.09.2008,BMFTR
DMFG Solutions GmbH,Berlin,Berlin,Berlin,1,418487.00,01.11.2025,31.10.2028,BMFTR
BBE Geschäftsstelle gemeinnützige GmbH,Berlin,Berlin,Berlin,1,418470.00,01.10.2012,30.11.2015,BMFTR
Christian Dunkel GmbH,Berlin,Berlin,Berlin,2,417540.00,01.09.1992,31.12.2026,"BMFTR, BMWE"
KBB Kollektorbau GmbH,Berlin,Berlin,Berlin,3,416923.00,01.10.1999,29.02.2020,BMWE
Bundesverband Energiespeicher Systeme e.V.,Berlin,Berlin,Berlin,4,416195.00,01.07.2020,14.10.2028,BMWE
"Arbeitsgemeinschaft UDS I, vertreten durch K. Kolley & Partner",Berlin,Berlin,Berlin,1,415882.00,01.01.1989,30.09.1990,BMWE
LayTec in-line GmbH,Berlin,Berlin,Berlin,2,415453.00,01.08.2011,31.07.2014,"BMFTR, BMWE"
Niles Werkzeugmaschinen GmbH,Berlin,Berlin,Berlin,3,413786.00,01.06.1991,30.09.1996,BMFTR
akademie.de asp GmbH,Berlin,Berlin,Berlin,3,413729.00,01.10.1999,30.06.2005,BMFTR
Krankenhaus Berlin-Zehlendorf,Berlin,Berlin,Berlin,3,411258.00,01.04.1984,29.02.2000,BMFTR
LichterSchatten - Therapiezentrum GmbH,Berlin,Berlin,Berlin,2,410028.00,01.01.2021,31.12.2025,BMFTR
Quantica GmbH,Berlin,Berlin,Berlin,1,409558.00,01.03.2026,29.02.2028,BMFTR
PohlCon GmbH,Berlin,Berlin,Berlin,3,409226.00,01.10.2009,31.05.2024,BMFTR
Wissenschaftsstiftung Ernst Reuter,Berlin,Berlin,Berlin,2,409034.00,01.01.1998,31.12.1999,BMFTR
Siemens Nixdorf Microprocessor Engineering GmbH,Berlin,Berlin,Berlin,1,409034.00,01.01.1982,30.06.1983,BMFTR
Raytek GmbH,Berlin,Berlin,Berlin,1,408520.00,01.11.1999,30.04.2002,BMFTR
Industrie- und Handelskammer zu Berlin,Berlin,Berlin,Berlin,1,408272.00,01.01.1991,31.12.1996,BMFTR
GdW Bundesverband deutscher Wohnungs- und Immobilienunternehmen e.V.,Berlin,Berlin,Berlin,1,407160.00,01.01.2020,30.04.2023,BMFTR
Dahlem Zentrum für Genomforschung und medizinische Systembiologie gemeinnützige GmbH,Berlin,Berlin,Berlin,1,407024.00,01.09.2014,29.02.2020,BMFTR
items project GmbH,Berlin,Berlin,Berlin,3,405929.00,15.11.2022,31.12.2027,"BMFTR, BMWE"
"Sony Europe B.V., Zweigniederlassung Deutschland",Berlin,Berlin,Berlin,2,405831.00,01.05.2015,30.06.2024,BMFTR
Cellogic GmbH,Berlin,Berlin,Berlin,1,405700.00,01.08.2011,31.07.2013,BMFTR
GuD Geotechnik und Dynamik Consult GmbH,Berlin,Berlin,Berlin,4,405461.00,01.03.2020,31.01.2029,BMWE
WBS Training AG,Berlin,Berlin,Berlin,2,404577.00,01.09.2001,31.08.2022,BMFTR
s.Pro - sustainable projects GmbH,Berlin,Berlin,Berlin,2,404366.00,01.06.2020,31.12.2026,BMFTR
SOLYCO TECC GmbH,Berlin,Berlin,Berlin,2,403705.00,01.04.2025,31.03.2028,BMWE
Werk5 GmbH,Berlin,Berlin,Berlin,1,403585.00,01.08.2022,31.07.2025,BMFTR
Bundesverband der Deutschen Industrie e.V.,Berlin,Berlin,Berlin,1,402764.00,01.05.2024,31.07.2026,BMWE
"Senatsverwaltung für Integration, Arbeit und Soziales von Berlin",Berlin,Berlin,Berlin,1,401988.00,01.09.2006,31.12.2009,BMFTR
M-Privacy GmbH,Berlin,Berlin,Berlin,1,401320.00,01.01.2015,31.12.2017,BMFTR
La Red - Vernetzung und Integration e.V.,Berlin,Berlin,Berlin,2,400725.00,01.09.2017,31.12.2019,BMUKN
botiss medical AG,Berlin,Berlin,Berlin,1,400305.00,01.05.2017,31.10.2020,BMFTR
Innung des Berliner Taxigewerbes e.V.,Berlin,Berlin,Berlin,1,400238.00,01.11.1984,30.06.1987,BMFTR
CrowdWorx GmbH,Berlin,Berlin,Berlin,1,400070.00,01.06.2019,31.12.2022,BMFTR
Gamebook Studio HQ GmbH,Berlin,Berlin,Berlin,1,398144.00,15.12.2025,14.03.2027,BMFTR
Technologie-Netzwerk Berlin,Berlin,Berlin,Berlin,2,398106.00,01.07.2001,31.12.2004,BMFTR
PiCA Prüfinstitut Chemische Analytik GmbH,Berlin,Berlin,Berlin,2,396617.00,01.01.2021,31.12.2025,BMFTR
BiosQuant GmbH Unternehmen für Forschung und Entwicklung,Berlin,Berlin,Berlin,2,395583.00,01.01.1993,28.02.1995,BMFTR
Lufthansa Systems Berlin GmbH,Berlin,Berlin,Berlin,2,395114.00,01.02.1994,31.12.1995,BMFTR
Bezirksamt Steglitz-Zehlendorf von Berlin,Berlin,Berlin,Berlin,2,394791.00,01.08.2012,31.08.2016,"BMFTR, BMUKN"
ISInova privates Institut für Sozialinnovation gemeinnützige Unternehmergesellschaft (haftungsbeschränkt),Berlin,Berlin,Berlin,2,394399.00,01.11.2022,30.09.2026,BMFTR
Institut für psychologische Forschung an der SFU Berlin e.V.,Berlin,Berlin,Berlin,1,394269.00,01.06.2020,31.01.2022,BMFTR
Senseven Health GmbH,Berlin,Berlin,Berlin,1,393200.00,01.04.2024,31.03.2027,BMFTR
SIGNON Deutschland GmbH,Berlin,Berlin,Berlin,1,392897.00,01.09.2010,31.08.2013,BMWE
BC Berlin-Consult GmbH,Berlin,Berlin,Berlin,2,391591.00,01.08.1990,31.05.1995,BMFTR
RKW Deutschland GmbH,Berlin,Berlin,Berlin,1,391587.00,01.03.2008,30.04.2011,BMFTR
Evangelischer Kirchenkreis Teltow-Zehlendorf,Berlin,Berlin,Berlin,3,391358.00,01.11.2018,14.07.2030,BMUKN
Cyano Biotech GmbH,Berlin,Berlin,Berlin,2,391100.00,01.06.2006,31.12.2018,BMFTR
sofd GmbH,Berlin,Berlin,Berlin,2,390706.00,01.05.2009,30.09.2014,BMFTR
ML!PA Consulting GmbH,Berlin,Berlin,Berlin,1,389831.00,01.07.2024,31.12.2026,BMWE
MX Healthcare GmbH,Berlin,Berlin,Berlin,1,389811.00,01.08.2020,31.07.2023,BMFTR
Allgemeiner Deutscher Automobil-Club Berlin-Brandenburg e.V.,Berlin,Berlin,Berlin,1,389798.00,01.01.2021,31.12.2024,BMV
GenExpress Gesellschaft für Proteindesign mbH,Berlin,Berlin,Berlin,3,388900.00,01.10.2002,31.12.2011,BMFTR
GoodsTag GmbH,Berlin,Berlin,Berlin,1,388797.00,01.03.2018,28.02.2021,BMFTR
"L.U.M. Gesellschaft für Labor-, Umweltdiagnostik & Medizintechnik mbH",Berlin,Berlin,Berlin,2,388382.00,01.04.1997,31.10.2010,"BMFTR, BMWE"
reverse.fashion GmbH,Berlin,Berlin,Berlin,1,387622.00,01.11.2025,30.09.2026,BMFTR
cargobike.jetzt GmbH,Berlin,Berlin,Berlin,3,387125.00,01.01.2023,30.11.2028,BMV
AMA Fachverband für Sensorik e.V.,Berlin,Berlin,Berlin,1,386749.00,01.01.2008,30.06.2010,BMFTR
Pflegewerk Berlin GmbH,Berlin,Berlin,Berlin,5,385908.00,01.04.2017,30.11.2023,BMFTR
Dr. Lerche KG,Berlin,Berlin,Berlin,2,385482.00,01.05.2015,31.05.2022,"BMFTR, BMWE"
Gesellschaft für transdisziplinäre und partizipative Forschung e.V.,Berlin,Berlin,Berlin,1,385072.00,01.12.2025,30.11.2028,BMFTR
zukunft im zentrum GmbH,Berlin,Berlin,Berlin,1,384743.00,01.09.2010,31.08.2013,BMFTR
Dissens - Institut für Bildung und Forschung e. V.,Berlin,Berlin,Berlin,2,383613.00,01.09.2001,30.09.2026,BMFTR
Arbeitsgemeinschaft Rohholz e.V.,Berlin,Berlin,Berlin,2,383342.00,01.11.2015,31.05.2022,BMLEH
m-click.aero GmbH,Berlin,Berlin,Berlin,3,382924.00,01.10.2019,28.02.2025,BMV
Thiede & Thiede Mittelständische Systemberatung GmbH,Berlin,Berlin,Berlin,1,380961.00,01.01.1986,30.04.1987,BMFTR
ASSMANN BERATEN + PLANEN GmbH,Berlin,Berlin,Berlin,2,379930.00,01.09.2017,31.07.2024,"BMFTR, BMWE"
Pretherm GmbH,Berlin,Berlin,Berlin,5,379275.00,01.12.2010,31.12.2025,"BMFTR, BMV"
Sietec Systemtechnik GmbH & Co. oHG,Berlin,Berlin,Berlin,2,378954.00,01.03.1995,30.09.1996,BMFTR
Inspirient GmbH,Berlin,Berlin,Berlin,1,378852.00,01.08.2018,31.07.2021,BMV
Berlintown Projects GmbH,Berlin,Berlin,Berlin,1,377155.00,01.04.2023,31.03.2025,BMWE
BG BAU Berufsgenossenschaft der Bauwirtschaft,Berlin,Berlin,Berlin,1,376824.00,01.11.2013,29.02.2016,BMWE
alpha-board Gesellschaft für computergestützten Leiterplattenentwurf mbH,Berlin,Berlin,Berlin,3,376183.00,01.03.2013,30.09.2021,BMFTR
ELEKS GmbH,Berlin,Berlin,Berlin,1,375690.00,01.01.2026,31.12.2028,BMFTR
Rehabtech Research Lab GmbH,Berlin,Berlin,Berlin,3,375611.00,01.06.2011,31.10.2017,BMFTR
Harbauer GmbH,Berlin,Berlin,Berlin,3,375265.00,01.09.2014,31.12.2025,BMFTR
Artificial Rome GmbH,Berlin,Berlin,Berlin,1,374762.00,01.03.2025,29.02.2028,BMFTR
Mimotype Technologies GmbH,Berlin,Berlin,Berlin,2,374569.00,01.06.2024,28.02.2029,BMFTR
INVR.SPACE GmbH,Berlin,Berlin,Berlin,2,374539.00,01.07.2019,31.01.2023,BMFTR
Betterguards Technology GmbH,Berlin,Berlin,Berlin,2,374421.00,01.05.2016,31.01.2021,BMFTR
Büro für Angewandte Hydrologie GmbH,Berlin,Berlin,Berlin,2,372571.00,01.12.2021,28.02.2027,"BMFTR, BMV"
DYNAMED Gesellschaft für Management und Logistik im Gesundheitswesen mbH,Berlin,Berlin,Berlin,1,370890.00,01.03.2020,31.12.2022,BMFTR
Advosense GmbH,Berlin,Berlin,Berlin,1,369255.00,01.08.2022,30.11.2024,BMFTR
i-ways sales solutions GmbH,Berlin,Berlin,Berlin,1,368901.00,01.03.2023,30.04.2026,BMV
"Institut Mensch, Ethik und Wissenschaft gGmbH",Berlin,Berlin,Berlin,2,368843.00,01.08.2015,28.02.2023,BMFTR
ADW - Zentralinstitut für Organische Chemie,Berlin,Berlin,Berlin,4,368374.00,01.07.1990,31.12.1990,BMFTR
"Institut für Heizung, Lüftung und Grundlagen der Bautechnik",Berlin,Berlin,Berlin,2,367791.00,01.07.1990,31.12.1991,"BMFTR, BMWE"
Forschungs- und Entwicklungsstelle für Sportgeräte Stiftung des NOK für Deutschland,Berlin,Berlin,Berlin,1,367708.00,01.03.1991,31.10.1994,BMFTR
Code Blau GmbH,Berlin,Berlin,Berlin,1,367200.00,01.07.2022,31.12.2026,BMFTR
Zentralverband Gartenbau e.V. (ZVG),Berlin,Berlin,Berlin,2,365582.00,01.08.2013,31.05.2023,BMLEH
Valentin Software GmbH,Berlin,Berlin,Berlin,4,364958.00,01.05.2005,30.06.2016,BMWE
dive solutions GmbH,Berlin,Berlin,Berlin,1,363166.00,01.05.2023,31.08.2026,BMFTR
Bezirksamt Pankow von Berlin,Berlin,Berlin,Berlin,3,363131.00,01.07.2011,30.09.2026,BMFTR
Ads Zentralgesellschaft mbH,Berlin,Berlin,Berlin,1,362690.00,01.03.1982,31.12.1982,BMFTR
Silicon Sensor International AG,Berlin,Berlin,Berlin,3,362606.00,01.06.1994,31.03.2007,BMFTR
Pneumatik Berlin GmbH PTM,Berlin,Berlin,Berlin,1,362040.00,01.07.2013,31.03.2017,BMWE
B.I.G. Technology Services GmbH,Berlin,Berlin,Berlin,3,361622.00,01.03.2021,31.12.2025,"BMFTR, BMWE"
CrysTec GmbH Kristalltechnologie,Berlin,Berlin,Berlin,3,361017.00,01.07.2010,31.12.2021,BMFTR
Trion-Präzisionselektronik GmbH & Co. KG/Barthel Werkzeugbau GmbH,Berlin,Berlin,Berlin,1,360662.00,01.03.1982,31.12.1984,BMFTR
Intranetz Gesellschaft für Informationslogistik mbH,Berlin,Berlin,Berlin,1,360570.00,01.06.2001,31.12.2004,BMWE
STEREMAT Montageautomatisierung GmbH & Co. KG,Berlin,Berlin,Berlin,2,360241.00,01.04.1992,31.07.2002,BMFTR
Versuchsanstalt der Hefeindustrie e. V.,Berlin,Berlin,Berlin,2,358542.00,01.10.1980,30.09.2017,BMFTR
ORmatiC GmbH,Berlin,Berlin,Berlin,3,357306.00,01.03.2015,31.03.2024,"BMFTR, BMWE"
init AG,Berlin,Berlin,Berlin,1,356714.00,01.11.2025,30.11.2026,BMV
Intellux Berlin GmbH,Berlin,Berlin,Berlin,1,355157.00,01.08.2014,31.07.2018,BMFTR
FoP Consult GmbH,Berlin,Berlin,Berlin,3,354428.00,01.07.2019,31.05.2026,BMFTR
365FarmNet Group KGaA mbH & Co KG,Berlin,Berlin,Berlin,4,354411.00,15.05.2016,30.11.2020,BMLEH
Bulusma ve Danisma yeri türk kadinlar icin - Treff- und Informationsort für türkische Frauen e.V.,Berlin,Berlin,Berlin,1,354385.00,01.01.2004,30.04.2006,BMFTR
PRISMA solutions Deutschland GmbH,Berlin,Berlin,Berlin,1,353460.00,01.09.2017,28.02.2021,BMV
"Basdorf, Lampe & Partner GmbH Formen- und Werkzeugbau",Berlin,Berlin,Berlin,2,353011.00,01.03.2021,31.03.2025,BMWE
LUNATIC Interactive GmbH,Berlin,Berlin,Berlin,1,350729.00,01.03.2001,31.05.2004,BMFTR
European Center for Information and Communcation Technologies - EICT GmbH,Berlin,Berlin,Berlin,2,350041.00,01.08.2010,31.12.2020,BMFTR
InterVal GmbH,Berlin,Berlin,Berlin,1,349943.00,07.12.2010,15.10.2012,BMLEH
Prognos,Berlin,Berlin,Berlin,1,349860.00,01.01.2025,01.02.2027,BMV
Algenol Biofuels Germany GmbH,Berlin,Berlin,Berlin,2,349615.00,01.09.2008,31.03.2016,BMFTR
GHC Global Health Care GmbH,Berlin,Berlin,Berlin,1,348999.00,01.04.2009,30.09.2012,BMFTR
Berndt & Partner GmbH,Berlin,Berlin,Berlin,1,348840.00,01.07.1999,31.12.2002,BMFTR
GEA Group Aktiengesellschaft,Berlin,Berlin,Berlin,2,347080.00,01.04.1992,31.10.1994,"BMFTR, BMWE"
Zebralog GmbH,Berlin,Berlin,Berlin,2,345743.00,01.10.2017,31.07.2021,BMFTR
CAScination Deutschland GmbH,Berlin,Berlin,Berlin,1,345500.00,01.10.2020,30.09.2025,BMFTR
Widis Wissenschaftliche Dienstleistungen für Informatik und Systemtechnik GmbH,Berlin,Berlin,Berlin,2,345196.00,01.01.1995,31.07.1998,BMFTR
HOFFMANN-LEICHTER Ingenieurgesellschaft mit beschränkter Haftung,Berlin,Berlin,Berlin,1,344372.00,01.11.2004,31.05.2008,BMWE
Thyssen Bandstahl Berlin GmbH,Berlin,Berlin,Berlin,1,344048.00,01.11.1978,31.03.1982,BMWE
amd.sigma strategic airport development GmbH,Berlin,Berlin,Berlin,1,342718.00,09.08.2022,30.06.2024,BMV
"MediUm-SENSOR Ingenieur- und Handelsgesellschaft für Medizingeräte, Umweltmeßtechnik und Sensorik mbH",Berlin,Berlin,Berlin,1,342310.00,01.11.1997,31.10.1999,BMFTR
Femna Health M.E. GmbH,Berlin,Berlin,Berlin,1,341782.00,01.11.2025,31.10.2028,BMFTR
Bundesverband Medizintechnologie e.V.,Berlin,Berlin,Berlin,1,341710.00,01.08.2012,30.11.2015,BMWE
"Land Berlin vertreten durch Senatsverwaltung für Wirtschaft, Technologie und Forschung",Berlin,Berlin,Berlin,2,341500.00,25.01.2016,30.06.2020,BMV
Tech Innosphere GmbH,Berlin,Berlin,Berlin,1,341470.00,01.07.2019,30.06.2022,BMFTR
sincEARe UG (haftungsbeschränkt),Berlin,Berlin,Berlin,1,341113.00,15.03.2023,14.03.2026,BMFTR
Rapid Cubes GmbH,Berlin,Berlin,Berlin,2,340921.00,01.02.2026,31.07.2027,BMFTR
"Land Berlin, vertreten durch das Bezirksamt Friedrichshain-Kreuzberg von Berlin",Berlin,Berlin,Berlin,1,340612.00,01.07.2023,31.07.2025,BMUKN
Pedalpower GmbH,Berlin,Berlin,Berlin,1,340569.00,16.04.2018,15.06.2021,BMFTR
IXDS GmbH,Berlin,Berlin,Berlin,2,340493.00,01.03.2015,31.03.2019,BMFTR
Forschungs- und Anwendungsverbund Verkehrssystemtechnik (FAV) Berlin,Berlin,Berlin,Berlin,3,340286.00,01.08.1997,30.09.2004,BMWE
Analytisches Zentrum Berlin-Adlershof,Berlin,Berlin,Berlin,1,340055.00,01.08.1991,31.12.1991,BMFTR
Castlabs GmbH,Berlin,Berlin,Berlin,1,339687.00,15.03.2026,31.03.2029,BMFTR
PsyAiHance GmbH,Berlin,Berlin,Berlin,1,339678.00,01.09.2024,31.03.2026,BMFTR
Ferrous Systems GmbH,Berlin,Berlin,Berlin,1,339623.00,01.09.2023,30.06.2026,BMWE
Electric Mobility Concepts GmbH,Berlin,Berlin,Berlin,1,339246.00,01.08.2017,30.06.2020,BMV
"Land Berlin, vertreten durch Sondervermögen Immobilien des Landes Berlin c/o BIM Berliner Immobilienmanagement GmbH",Berlin,Berlin,Berlin,2,338680.00,01.11.2013,30.11.2015,BMUKN
aquinto AG,Berlin,Berlin,Berlin,2,337415.00,01.11.1996,31.08.2003,BMFTR
Stem Cell Systems GmbH,Berlin,Berlin,Berlin,2,336922.00,01.05.2012,31.10.2018,BMFTR
Bildungsakademie der Tafel Deutschland gGmbH,Berlin,Berlin,Berlin,1,336677.00,01.03.2019,31.12.2022,BMLEH
ATP Arbeitsgruppe Technische Photosynthese GmbH & Co. Produktions KG,Berlin,Berlin,Berlin,1,336596.00,01.02.1982,31.12.1984,BMFTR
Verlag für Technische Regelwerke GmbH,Berlin,Berlin,Berlin,2,336430.00,01.10.1983,30.06.1986,BMFTR
Alexandrow & Glauert GmbH Film u. AV Produktion GmbH,Berlin,Berlin,Berlin,3,336137.00,29.11.1984,31.05.1993,BMFTR
Baumer Hübner GmbH,Berlin,Berlin,Berlin,3,335801.00,01.09.1988,31.12.2011,BMFTR
IOLITE GmbH,Berlin,Berlin,Berlin,2,335746.00,01.07.2018,31.01.2023,BMFTR
Bundesverband der Arbeitgeberzusammenschlüsse Deutschland e.V.,Berlin,Berlin,Berlin,1,335681.00,01.11.2015,31.12.2018,BMFTR
Motognosis GmbH,Berlin,Berlin,Berlin,1,335503.00,01.05.2021,30.09.2024,BMFTR
luckycloud GmbH,Berlin,Berlin,Berlin,1,334379.00,01.11.2025,31.10.2028,BMFTR
oculid UG (haftungsbeschränkt),Berlin,Berlin,Berlin,1,334309.00,01.12.2018,30.11.2020,BMFTR
BIOTRONIK Vertriebs GmbH & Co. KG,Berlin,Berlin,Berlin,2,334273.00,01.12.2018,31.12.2026,"BMFTR, BMWE"
Spark Games UG (haftungsbeschränkt),Berlin,Berlin,Berlin,1,334013.00,01.06.2023,31.07.2024,BMFTR
5micron GmbH,Berlin,Berlin,Berlin,3,333785.00,01.01.2021,31.12.2028,"BMV, BMWE"
predict.io GmbH,Berlin,Berlin,Berlin,1,333088.00,15.03.2017,31.12.2018,BMV
MEVOR Metallbearbeitung und Vorrichtungsbau GmbH,Berlin,Berlin,Berlin,1,333014.00,01.01.2026,31.12.2028,BMFTR
cadcom Systemhaus GmbH,Berlin,Berlin,Berlin,1,332513.00,01.12.2021,28.02.2025,BMV
NAVASTO GmbH,Berlin,Berlin,Berlin,1,331616.00,01.01.2022,31.12.2024,BMWE
Pfefferwerk Stadtkultur gGmbH - Gemeinnützige Gesellschaft zur Förderung von Stadtkultur,Berlin,Berlin,Berlin,2,331259.00,01.04.2007,30.09.2014,"BMFTR, BMUKN"
Aid Electronic GmbH,Berlin,Berlin,Berlin,1,331004.00,01.03.1978,31.08.1982,BMFTR
ATLAS Biolabs GmbH,Berlin,Berlin,Berlin,1,330947.00,01.01.2021,30.06.2023,BMFTR
Concular GmbH,Berlin,Berlin,Berlin,1,330578.00,01.11.2025,30.04.2028,BMFTR
UseTree GmbH,Berlin,Berlin,Berlin,1,330015.00,01.07.2022,31.12.2025,BMFTR
Drogenhilfe Tannenhof Berlin e.V.,Berlin,Berlin,Berlin,9,329752.00,01.02.1983,31.12.1987,BMFTR
Fox & Sheep GmbH,Berlin,Berlin,Berlin,3,329701.00,01.10.2020,14.02.2023,BMFTR
Klimasystemtechnik Esdorn Jahn Ingenieurgesellschaft mbH,Berlin,Berlin,Berlin,2,329666.00,01.08.1991,31.12.1999,"BMFTR, BMWE"
Schempp & Decker Präzisionsteile und Oberflächentechnik GmbH,Berlin,Berlin,Berlin,2,328740.00,01.07.1994,31.12.2002,BMFTR
EGB Bauenergie GmbH,Berlin,Berlin,Berlin,1,328075.00,01.03.2026,28.02.2029,BMWE
Crystal-Photonics GmbH,Berlin,Berlin,Berlin,2,327266.00,01.01.2009,31.08.2013,BMFTR
ALVDIGITAL Systems UG (haftungsbeschränkt),Berlin,Berlin,Berlin,1,327110.00,01.05.2019,31.08.2021,BMFTR
Organical CAD/CAM GmbH,Berlin,Berlin,Berlin,1,326384.00,01.12.2020,31.03.2023,BMFTR
LAT Funkanlagen-Service Gesellschaft mit beschränkter Haftung,Berlin,Berlin,Berlin,3,325679.00,01.03.2019,31.07.2027,BMV
Zentrum für Kardiovaskuläre Telemedizin GmbH,Berlin,Berlin,Berlin,2,325602.00,01.09.2009,30.06.2014,BMFTR
defa-spektrum Gesellschaft mit beschränkter Haftung,Berlin,Berlin,Berlin,1,325444.00,01.09.2009,31.05.2012,BMFTR
NAHhaft ? für eine nachhaltige Land- und Ernährungswissenschaft e.V.,Berlin,Berlin,Berlin,4,325322.00,01.09.2016,30.09.2022,"BMFTR, BMUKN"
Bundesverband Deutscher Berufsförderungswerke e. V.,Berlin,Berlin,Berlin,1,324901.00,01.04.2016,30.04.2019,BMFTR
Rulemapping Solutions GmbH,Berlin,Berlin,Berlin,1,324726.00,01.03.2025,28.02.2027,BMFTR
VdZ - Wirtschaftsvereinigung Gebäude und Energie e.V.,Berlin,Berlin,Berlin,1,324447.00,01.06.2026,31.05.2029,BMWE
"ID Praxis, Agentur für Werbung, Public Relations & New Media GmbH",Berlin,Berlin,Berlin,2,324241.00,01.10.2007,30.01.2014,BMFTR
Younicos GmbH,Berlin,Berlin,Berlin,3,323797.00,01.08.2013,31.08.2019,BMWE
INWT Statistics GmbH,Berlin,Berlin,Berlin,1,323119.00,01.02.2026,31.01.2029,BMFTR
Impact Hub Berlin GmbH,Berlin,Berlin,Berlin,1,323118.00,01.01.2023,31.12.2027,BMFTR
acs plus GmbH,Berlin,Berlin,Berlin,3,322545.00,01.03.2019,30.06.2023,BMFTR
Vereinigte Molkereizentralen GmbH & Co. Kommanditgesellschaft,Berlin,Berlin,Berlin,1,322466.00,01.07.2008,31.03.2012,BMFTR
Nanocosmos Informationstechnologien GmbH,Berlin,Berlin,Berlin,2,322365.00,01.09.2019,31.07.2024,BMFTR
Market Logic Software AG,Berlin,Berlin,Berlin,1,322168.00,01.05.2010,30.04.2013,BMFTR
TGM Lightweight Solutions GmbH - Beratungsbüro,Berlin,Berlin,Berlin,2,322009.00,01.09.2016,31.05.2023,BMFTR
Ebee Smart Technologies GmbH,Berlin,Berlin,Berlin,2,320514.00,01.01.2016,31.12.2020,"BMFTR, BMWE"
"Land Berlin, vertreten durch das Bezirksamt Mitte von Berlin",Berlin,Berlin,Berlin,3,319674.00,29.11.2017,31.12.2024,"BMUKN, BMV"
Zentralrat der Juden in Deutschland,Berlin,Berlin,Berlin,2,319652.00,01.03.2015,31.03.2024,BMFTR
BAUFACHFRAU Berlin e.V.,Berlin,Berlin,Berlin,2,318542.00,01.10.2017,14.05.2023,BMUKN
CheckImmune GmbH,Berlin,Berlin,Berlin,2,318076.00,01.03.2021,30.06.2027,BMFTR
Saint Elmo?s Berlin GmbH & Co. KG,Berlin,Berlin,Berlin,1,317951.00,01.08.2014,31.12.2017,BMFTR
Kiwa PI Berlin GmbH,Berlin,Berlin,Berlin,1,317334.00,01.06.2026,31.05.2029,BMWE
BEKUM - Maschinenfabriken GmbH,Berlin,Berlin,Berlin,2,317301.00,01.04.1984,29.02.2004,BMFTR
Verein für die Normung und Weiterentwicklung des Bahnwesens - NWB e.V.,Berlin,Berlin,Berlin,1,316974.00,01.01.2023,31.12.2028,BMWE
InnoRa Gesellschaft mbH,Berlin,Berlin,Berlin,1,316904.00,01.09.2017,28.02.2021,BMFTR
Imtox Privatinstitut für Immunbiologische Forschung GmbH,Berlin,Berlin,Berlin,1,316164.00,01.06.1995,31.05.1998,BMFTR
SRM-Technik GmbH,Berlin,Berlin,Berlin,1,315518.00,01.10.1990,30.09.1994,BMFTR
BBB Management GmbH Campus Berlin-Buch,Berlin,Berlin,Berlin,2,314921.00,01.03.2004,31.12.2006,BMFTR
FrauenComputerZentrumBerlin e.V.,Berlin,Berlin,Berlin,2,314502.00,01.08.2021,30.09.2026,BMFTR
Happold Ingenieurbüro GmbH,Berlin,Berlin,Berlin,1,314152.00,01.01.2012,31.03.2014,BMV
PROSPEKTIV Gesellschaft für betriebliche Zukunftsgestaltungen mbH,Berlin,Berlin,Berlin,2,313966.00,01.07.2001,31.03.2004,BMFTR
buildingSMART e.V.,Berlin,Berlin,Berlin,1,313056.00,01.11.2013,28.02.2017,BMWE
Zukunft im Beruf - ZiB e.V.,Berlin,Berlin,Berlin,5,312946.00,17.12.1984,31.12.1987,BMFTR
Big Picture GmbH,Berlin,Berlin,Berlin,1,310950.00,15.03.2023,14.03.2027,BMFTR
Laser Electronics LE GmbH,Berlin,Berlin,Berlin,1,310777.00,01.10.2024,30.09.2027,BMLEH
Weierstraß-Institut für Angewandte Analysis und Stochastik im Forschungsverbund Berlin e. V.,Berlin,Berlin,Berlin,1,310673.00,01.10.2024,30.09.2027,BMFTR
deepset GmbH,Berlin,Berlin,Berlin,2,309746.00,01.08.2022,15.04.2026,BMFTR
CLIMCOM Berlin - Climate & Company - the private Institute for climate research and training gGmbH,Berlin,Berlin,Berlin,2,309138.00,01.09.2022,30.06.2026,BMFTR
Autarsys GmbH,Berlin,Berlin,Berlin,3,309051.00,01.10.2016,31.07.2024,BMWE
Netzpanda GmbH,Berlin,Berlin,Berlin,1,308748.00,01.01.2026,31.12.2028,BMFTR
Evangelisches Johannesstift Pflegen und Wohnen gGmbH,Berlin,Berlin,Berlin,1,308619.00,01.01.2023,31.12.2027,BMFTR
mediale pfade.org - Verein für Medienbildung eingetragener Verein,Berlin,Berlin,Berlin,2,307200.00,01.08.2020,31.05.2026,BMFTR
LOEWI GmbH,Berlin,Berlin,Berlin,1,307187.00,01.04.2021,31.07.2023,BMFTR
Biotechnologie-Kempe GmbH,Berlin,Berlin,Berlin,1,306775.00,01.08.1986,31.07.1989,BMFTR
Socop Nahrungsmittel Handelsgesellschaft mbH,Berlin,Berlin,Berlin,1,306775.00,01.11.1986,31.12.1989,BMFTR
Paech GmbH,Berlin,Berlin,Berlin,1,306775.00,01.07.1988,31.12.1989,BMFTR
eTASK Service-Management GmbH,Berlin,Berlin,Berlin,1,306770.00,01.02.2007,30.11.2009,BMFTR
ESS Energie-Sicherungs-Systeme GmbH,Berlin,Berlin,Berlin,1,306767.00,01.01.1985,31.12.1988,BMWE
Christliches Jugenddorfwerk Deutschlands gemeinnütziger e.V. (CJD),Berlin,Berlin,Berlin,2,306460.00,02.05.2011,30.09.2015,BMFTR
macmon secure gmbh,Berlin,Berlin,Berlin,2,306032.00,01.10.2010,30.09.2015,BMFTR
Ammonit Measurement GmbH,Berlin,Berlin,Berlin,2,305430.00,01.10.2007,30.04.2016,"BMFTR, BMWE"
Witega Angewandte Werkstoff-Forschung gemeinnützige GmbH Adlershof,Berlin,Berlin,Berlin,1,305373.00,01.05.1998,30.06.2002,BMWE
Lankwitzer Lackfabrik GmbH,Berlin,Berlin,Berlin,1,305141.00,01.07.2004,30.11.2007,BMFTR
BTK Berliner Technische Kunsthochschule GmbH,Berlin,Berlin,Berlin,1,304723.00,01.10.2013,30.09.2016,BMFTR
Planet Labs Germany GmbH,Berlin,Berlin,Berlin,2,302520.00,01.01.2014,31.12.2024,BMFTR
Turbit Systems GmbH,Berlin,Berlin,Berlin,1,301258.00,01.05.2023,30.04.2025,BMFTR
RooWalk Mobility GmbH,Berlin,Berlin,Berlin,1,301000.00,01.02.2023,31.07.2026,BMFTR
Technik & Design GmbH Entwicklungs- und Vertriebsgesellschaft für innovative Branchenlösungen,Berlin,Berlin,Berlin,1,300906.00,01.09.2016,31.08.2019,BMFTR
Litejoy Games UG (haftungsbeschränkt),Berlin,Berlin,Berlin,1,300636.00,01.09.2025,28.02.2027,BMFTR
Deutscher Tourismusverband e.V. (DTV),Berlin,Berlin,Berlin,1,300000.00,15.07.2008,30.09.2012,BMV
UTT - Umwelttechnologietransfer GmbH,Berlin,Berlin,Berlin,1,299547.00,01.04.2001,31.05.2005,BMFTR
TIMAP Technisches Ingenieurbüro für Maschinen- und Anlagenprojektierung GmbH,Berlin,Berlin,Berlin,1,298761.00,01.01.2018,30.04.2020,BMFTR
BEST Data Engineering GmbH,Berlin,Berlin,Berlin,1,298600.00,01.03.1993,30.09.1995,BMFTR
nextlearning e.V.,Berlin,Berlin,Berlin,1,297865.00,01.12.2025,31.08.2028,BMFTR
Bezirksamt Marzahn-Hellersdorf von Berlin,Berlin,Berlin,Berlin,3,297370.00,01.05.2007,13.04.2026,"BMFTR, BMUKN, BMV"
Bundesverband Öffentlicher Binnenhäfen e.V.,Berlin,Berlin,Berlin,3,296964.00,01.05.2019,31.10.2023,BMV
botspot AG,Berlin,Berlin,Berlin,1,296910.00,01.10.2019,30.09.2022,BMFTR
ADTRAN GmbH,Berlin,Berlin,Berlin,1,296458.00,01.01.2023,31.12.2025,BMFTR
ISIOS GmbH,Berlin,Berlin,Berlin,1,296040.00,01.09.2020,31.12.2022,BMFTR
EDF Renewables Storage Deutschland GmbH,Berlin,Berlin,Berlin,1,295255.00,01.12.2020,31.05.2024,BMWE
Deutsche Allianz Meeresforschung e.V.,Berlin,Berlin,Berlin,1,294979.00,01.05.2026,30.04.2028,BMFTR
Center for Research on Innovation & Society (CRIS) gemeinnützige GmbH,Berlin,Berlin,Berlin,1,294487.00,01.04.2000,15.06.2001,BMFTR
SCW Process Technology Development GmbH,Berlin,Berlin,Berlin,1,294205.00,01.07.1999,30.09.2002,BMFTR
OrelTech GmbH,Berlin,Berlin,Berlin,2,294066.00,01.11.2022,31.03.2026,BMFTR
Heiko Schlichting Wasserpflanzenkulturen,Berlin,Berlin,Berlin,2,293458.00,01.09.1988,31.07.1994,BMFTR
PECO-Institut e. V.,Berlin,Berlin,Berlin,1,292867.00,01.05.2025,30.04.2028,BMUKN
Steiner & Co. Deutsche Arzneimittel Gesellschaft,Berlin,Berlin,Berlin,1,292676.00,01.05.1987,31.12.1989,BMFTR
naturtrip GmbH,Berlin,Berlin,Berlin,2,292594.00,01.01.2015,30.06.2022,"BMUKN, BMV"
Grone-Schule Berlin GmbH -Gemeinnützig-,Berlin,Berlin,Berlin,1,292114.00,01.04.2007,31.03.2009,BMFTR
"AUBA-consult GmbH Gesellschaft für Arbeitssicherheit und Umweltschutz, Betriebsorganisation und Arbeitseffizienz",Berlin,Berlin,Berlin,2,291754.00,01.07.1995,31.01.1999,BMFTR
inno-focus businessconsulting gmbh,Berlin,Berlin,Berlin,2,291524.00,01.07.2015,31.03.2018,BMFTR
Technische Universität Berlin - Zentrale Universitätsverwaltung - Abt. für Forschung und Technologietransfer (V) - Servicebereich Forschung,Berlin,Berlin,Berlin,1,291469.00,01.11.2022,30.04.2025,BMFTR
FDX Fluid Dynamix GmbH,Berlin,Berlin,Berlin,2,290835.00,01.06.2017,31.05.2028,"BMFTR, BMWE"
pianini Edutainment GmbH,Berlin,Berlin,Berlin,1,290036.00,01.11.2021,28.02.2023,BMFTR
Digimind GmbH,Berlin,Berlin,Berlin,1,289777.00,01.08.2022,31.07.2025,BMFTR
Berlin-Chemie AG,Berlin,Berlin,Berlin,2,288828.00,01.07.1990,31.12.1990,BMFTR
fibrisTerre GmbH,Berlin,Berlin,Berlin,2,288715.00,01.12.2010,31.07.2014,"BMFTR, BMWE"
MonitorFish GmbH,Berlin,Berlin,Berlin,2,287308.00,01.09.2020,31.07.2023,"BMFTR, BMLEH"
Affina Immuntechnik GmbH,Berlin,Berlin,Berlin,1,286925.00,01.09.2001,28.10.2003,BMFTR
Changing Cities e. V.,Berlin,Berlin,Berlin,2,286902.00,01.06.2019,30.06.2024,"BMFTR, BMV"
ES-TE Folding Systems GmbH,Berlin,Berlin,Berlin,1,286297.00,01.06.2019,31.05.2022,BMFTR
Quadriga Hochschule Berlin GmbH,Berlin,Berlin,Berlin,1,286249.00,01.01.2016,30.06.2018,BMFTR
W. Haldenwanger Technische Keramik GmbH & Co. KG,Berlin,Berlin,Berlin,1,285848.00,01.12.1987,31.08.1990,BMFTR
Bundesstiftung Magnus Hirschfeld,Berlin,Berlin,Berlin,1,285753.00,01.03.2013,31.03.2014,BMFTR
Evangelischer Kirchenkreis Charlottenburg-Wilmersdorf,Berlin,Berlin,Berlin,1,285538.00,01.06.2026,31.05.2030,BMUKN
GEA Refrigeration Germany GmbH,Berlin,Berlin,Berlin,1,283839.00,01.09.2010,31.12.2013,BMWE
VoxGen GmbH,Berlin,Berlin,Berlin,3,283443.00,01.02.2007,31.01.2015,BMFTR
Berliner Institut für Bankunternehmensführung (BlfBU e.V.),Berlin,Berlin,Berlin,1,283153.00,01.11.2007,31.10.2010,BMV
taskit GmbH,Berlin,Berlin,Berlin,1,282788.00,01.05.2017,31.12.2019,BMFTR
tevitel AG,Berlin,Berlin,Berlin,1,282765.00,01.07.2011,30.06.2013,BMFTR
Maon GmbH,Berlin,Berlin,Berlin,2,282653.00,01.11.2023,31.08.2027,BMWE
Verband der Anbieter von Telekommunikations- und Mehrwertdiensten (VATM) e.V.,Berlin,Berlin,Berlin,1,282596.00,01.09.2014,30.11.2018,BMFTR
Dataciders ixto GmbH,Berlin,Berlin,Berlin,1,282316.00,01.01.2020,30.04.2023,BMFTR
Sprecher Automation Deutschland GmbH,Berlin,Berlin,Berlin,3,282164.00,01.10.2014,28.02.2027,"BMFTR, BMWE"
ZEISS Ikon AG,Berlin,Berlin,Berlin,1,281238.00,01.02.1982,30.09.1984,BMFTR
Konstruktiv GmbH,Berlin,Berlin,Berlin,2,281191.00,01.07.2018,30.09.2024,BMFTR
Minor - Projektkontor für Bildung und Forschung gemeinnützige GmbH,Berlin,Berlin,Berlin,1,280864.00,01.11.2014,30.04.2016,BMFTR
Computerm KG PDT-Gesellschaft für Periphere Datentechnik mbH & Co.,Berlin,Berlin,Berlin,1,280695.00,01.07.1977,31.03.1979,BMFTR
Steel Pro Maschinenbau GmbH,Berlin,Berlin,Berlin,1,280089.00,01.10.2022,31.03.2026,BMFTR
Tonindustrie Prüftechnik GmbH,Berlin,Berlin,Berlin,2,279070.00,01.09.1979,31.12.1984,BMFTR
Institut für Gesundheitsanalysen und soziale Konzepte e.V.,Berlin,Berlin,Berlin,2,279040.00,01.12.1996,28.02.2001,BMFTR
MWA Nova GmbH,Berlin,Berlin,Berlin,1,278960.00,01.11.2023,30.04.2026,BMFTR
European Health Data Platform (EHDP) GmbH,Berlin,Berlin,Berlin,1,278645.00,01.01.2026,31.12.2028,BMFTR
Evangelischer Kirchenkreis Tempelhof-Schöneberg,Berlin,Berlin,Berlin,1,278538.00,01.06.2026,31.05.2030,BMUKN
Humboldt-Viadrina School of Governance gemeinnützige GmbH,Berlin,Berlin,Berlin,2,278241.00,01.03.2012,31.05.2014,BMFTR
Proof of Taste GmbH,Berlin,Berlin,Berlin,2,278238.00,01.01.2022,28.02.2025,BMFTR
Deutsche Mathematiker- Vereinigung (DMV),Berlin,Berlin,Berlin,3,277532.00,01.01.1996,15.03.2016,BMFTR
#BIKEYGEES e.V.,Berlin,Berlin,Berlin,1,277076.00,01.10.2025,30.09.2028,BMV
Evangelische Kirche Spandau,Berlin,Berlin,Berlin,1,276648.00,01.05.2026,30.04.2030,BMUKN
Teach First Deutschland gGmbH,Berlin,Berlin,Berlin,2,276578.00,01.09.2021,31.07.2025,"BMFTR, BMUKN"
DBM Energy GmbH,Berlin,Berlin,Berlin,1,276105.00,01.06.2010,30.11.2010,BMFTR
GET a GIG GmbH,Berlin,Berlin,Berlin,2,275903.00,01.12.2022,31.03.2025,BMFTR
Dutyfarm GmbH,Berlin,Berlin,Berlin,2,275573.00,03.03.2020,31.07.2025,BMFTR
Chemulack Chemische und Lackfabrik GmbH & Co. KG,Berlin,Berlin,Berlin,2,275024.00,01.10.1975,30.04.1980,BMFTR
eMessage Wireless Information Services Deutschland GmbH,Berlin,Berlin,Berlin,1,274776.00,01.02.2015,31.01.2018,BMFTR
Madaster Germany GmbH,Berlin,Berlin,Berlin,2,274736.00,01.09.2024,29.02.2028,"BMV, BMWE"
Nawrocki Alpin GmbH,Berlin,Berlin,Berlin,2,274455.00,01.09.2015,30.06.2023,BMWE
DHGS Deutsche Hochschule für Gesundheit und Sport GmbH,Berlin,Berlin,Berlin,1,274155.00,01.10.2011,30.09.2014,BMFTR
ONOMOTION GmbH,Berlin,Berlin,Berlin,1,273410.00,01.02.2022,30.11.2024,BMFTR
GRÜN BERLIN GmbH,Berlin,Berlin,Berlin,1,273143.00,01.04.2019,30.06.2022,BMFTR
IUT-Institut für Umwelttoxikologie GmbH,Berlin,Berlin,Berlin,1,273131.00,01.08.1997,31.08.2000,BMFTR
Erinnern für die Zukunft - Trägerverein des Hauses der Wannseekonferenz e.V.,Berlin,Berlin,Berlin,1,272645.00,01.04.2026,31.03.2030,BMFTR
ADW - Zentralinstitut für Kybernetik und Informationsprozesse,Berlin,Berlin,Berlin,7,272163.00,01.07.1990,31.12.1991,BMFTR
ok Optikkomponenten & Kristalle GmbH,Berlin,Berlin,Berlin,1,271856.00,01.03.2001,31.01.2004,BMFTR
complevo GmbH,Berlin,Berlin,Berlin,1,271091.00,01.03.2015,31.05.2017,BMFTR
"Deutsches Rotes Kreuz, Kreisverband Berlin Schöneberg-Wilmersdorf e.V.",Berlin,Berlin,Berlin,1,270700.00,01.01.2023,31.03.2025,BMFTR
Tigris Elektronik GmbH,Berlin,Berlin,Berlin,2,270384.00,01.09.2016,31.07.2020,BMFTR
GSMK Gesellschaft für sichere mobile Kommunikation mit beschränkter Haftung,Berlin,Berlin,Berlin,2,270365.00,01.09.2010,31.12.2017,BMFTR
BCIX Management GmbH,Berlin,Berlin,Berlin,1,269980.00,01.01.2026,31.12.2028,BMFTR
Vobra-Druckguss GmbH & Co. KG,Berlin,Berlin,Berlin,1,269418.00,01.01.1986,31.12.1989,BMFTR
LifeGlimmer GmbH,Berlin,Berlin,Berlin,2,269019.00,01.09.2014,30.04.2023,"BMFTR, BMWE"
IBL Innovative Berlin Laser GmbH,Berlin,Berlin,Berlin,1,268643.00,01.08.2006,30.04.2008,BMFTR
Merantix AG,Berlin,Berlin,Berlin,1,268380.00,01.06.2018,31.10.2021,BMFTR
Augmented Robotics GmbH,Berlin,Berlin,Berlin,1,267909.00,01.04.2023,08.12.2025,BMFTR
Adlershofer Umweltschutztechnik- und Forschungsgesellschaft mbH,Berlin,Berlin,Berlin,1,267836.00,01.09.1993,31.05.1995,BMWE
Permutit GmbH,Berlin,Berlin,Berlin,1,267041.00,01.02.1979,30.06.1981,BMFTR
District Games GmbH,Berlin,Berlin,Berlin,1,266857.00,01.06.2025,30.11.2027,BMFTR
ADAKOM GmbH Angewandte Daten- und Kommunikationssysteme,Berlin,Berlin,Berlin,1,266737.00,01.11.2015,30.06.2019,BMWE
Karl Rabofsky Gesellschaft mit beschränkter Haftung,Berlin,Berlin,Berlin,2,266646.00,01.09.1982,31.03.2022,BMFTR
SKS Sondermaschinen- und Fördertechnikvertriebs-GmbH,Berlin,Berlin,Berlin,3,266529.00,01.09.2018,30.06.2024,"BMFTR, BMLEH"
EAB Energie-Anlagen Berlin GmbH,Berlin,Berlin,Berlin,2,266501.00,19.01.1979,31.12.1990,BMWE
CANLAS Laser Processing GmbH,Berlin,Berlin,Berlin,2,266435.00,01.05.2005,31.05.2021,BMFTR
PAV Plasticaufbereitungs- und Verarbeitungsgesellschaft mbH & Co. Vertriebs KG,Berlin,Berlin,Berlin,2,266203.00,01.03.2008,31.07.2015,BMFTR
Allianz für Sicherheit in der Wirtschaft e.V. - ASW Bundesverband,Berlin,Berlin,Berlin,2,265981.00,01.01.2017,31.07.2020,BMFTR
mp mimic productions GmbH,Berlin,Berlin,Berlin,1,265782.00,01.10.2018,30.11.2021,BMFTR
Enway GmbH,Berlin,Berlin,Berlin,1,264620.00,15.03.2020,30.09.2023,BMFTR
team red Deutschland GmbH,Berlin,Berlin,Berlin,3,263993.00,01.08.2015,31.01.2023,BMV
Velo Stiftung gGmbH,Berlin,Berlin,Berlin,1,263888.00,01.11.2025,30.09.2028,BMV
codetekt e.V.,Berlin,Berlin,Berlin,1,263355.00,15.03.2026,31.03.2029,BMFTR
Ro-Ber Industrieroboter GmbH,Berlin,Berlin,Berlin,2,263247.00,01.08.1984,31.12.1988,BMFTR
BOC Information Technologies Consulting GmbH,Berlin,Berlin,Berlin,1,263220.00,01.11.2025,31.10.2028,BMFTR
welevel GmbH,Berlin,Berlin,Berlin,1,262555.00,01.04.2021,30.09.2022,BMFTR
"Die Netz-Werker, Systemmanagement und Datennetze AG",Berlin,Berlin,Berlin,2,262475.00,01.09.2019,30.11.2023,BMFTR
equeo GmbH,Berlin,Berlin,Berlin,1,262099.00,01.11.2025,31.10.2028,BMFTR
German Orbital Systems GmbH,Berlin,Berlin,Berlin,1,261812.00,01.04.2020,30.09.2021,BMFTR
auticon Deutschland GmbH,Berlin,Berlin,Berlin,1,261102.00,01.09.2021,28.02.2025,BMFTR
Vereinigte Kesselwerke AG (VKW),Berlin,Berlin,Berlin,1,261099.00,17.12.1970,31.12.1972,BMFTR
ecorev GmbH,Berlin,Berlin,Berlin,2,261098.00,01.04.2023,30.09.2028,BMWE
EcoDevelopment - Gesellschaft für internationale Entwicklungsforschung und -planung mbH,Berlin,Berlin,Berlin,2,261012.00,01.01.2009,28.02.2013,BMFTR
EUREF-Consulting Gesellschaft von Architekten und Ingenieuren mbH,Berlin,Berlin,Berlin,2,260846.00,01.01.2016,28.02.2027,BMFTR
Justice Collective e. V.,Berlin,Berlin,Berlin,2,260457.00,01.01.2023,31.12.2025,BMFTR
Advanced Laserdiode Systems A.L.S. GmbH,Berlin,Berlin,Berlin,1,259971.00,01.10.2012,30.06.2016,BMFTR
Berliner Herzinfarktregister e. V.,Berlin,Berlin,Berlin,1,259671.00,01.02.2012,31.01.2015,BMFTR
INER e.V.,Berlin,Berlin,Berlin,1,258754.00,01.05.2013,30.09.2016,BMWE
Carbon Instead UG (haftungsbeschränkt),Berlin,Berlin,Berlin,3,257976.00,01.02.2023,31.01.2028,"BMFTR, BMWE"
cpc baulogistik GmbH,Berlin,Berlin,Berlin,1,257132.00,01.03.2026,28.02.2029,BMWE
Sustainum- Institut für zukunftsfähiges Wirtschaften Berlin e.V.,Berlin,Berlin,Berlin,1,256386.00,01.10.2014,30.09.2017,BMFTR
Asaphus Vision GmbH,Berlin,Berlin,Berlin,1,255512.00,01.06.2017,31.05.2019,BMFTR
Krakentanz UG (haftungsbeschränkt),Berlin,Berlin,Berlin,2,255290.00,01.08.2020,29.02.2024,BMFTR
BIM Berliner Immobilienmanagement GmbH,Berlin,Berlin,Berlin,2,255168.00,01.01.2010,30.04.2028,"BMFTR, BMUKN"
Holzmarkt Quartier Versorgungs GmbH,Berlin,Berlin,Berlin,1,255145.00,01.02.2017,31.03.2020,BMFTR
Bezirksamt Neukölln von Berlin,Berlin,Berlin,Berlin,2,254926.00,01.08.2020,30.04.2028,"BMFTR, BMUKN"
SEMI Europe GmbH,Berlin,Berlin,Berlin,1,254746.00,01.01.2023,30.09.2026,BMFTR
Baugenossenschaft Reinickes Hof eG,Berlin,Berlin,Berlin,1,254552.00,01.11.1998,31.08.2003,BMWE
Berlinische Galerie,Berlin,Berlin,Berlin,1,254262.00,01.12.2017,31.01.2020,BMFTR
[j] karef GmbH,Berlin,Berlin,Berlin,1,253835.00,01.07.2016,31.10.2018,BMFTR
airsight GmbH,Berlin,Berlin,Berlin,1,253768.00,01.02.2025,31.10.2025,BMV
WARETEX-Textilreinlichkeit aus einer Hand GmbH Berlin,Berlin,Berlin,Berlin,1,253415.00,01.05.2013,30.04.2016,BMFTR
IQ Technologies for Earth and Space GmbH,Berlin,Berlin,Berlin,1,252727.00,01.08.2024,31.12.2026,BMFTR
IPB Internet Provider in Berlin GmbH,Berlin,Berlin,Berlin,1,252698.00,01.01.2026,31.12.2028,BMFTR
Modus - Zentrum für angewandte Deradikalisierungsforschung gGmbH,Berlin,Berlin,Berlin,1,252570.00,01.05.2023,30.04.2026,BMFTR
BISS e.V. - Brandenburg-Berliner Institut für Sozialwissenschaftliche Studien,Berlin,Berlin,Berlin,1,252557.00,01.06.2007,30.06.2010,BMFTR
IOTA Stiftung,Berlin,Berlin,Berlin,2,252422.00,01.07.2021,30.06.2024,BMWE
Mathematikwettbewerb Känguru e.V. - c/o Humboldt-Universität zu Berlin - Mathematisch-Naturwissenschaftliche Fakultät II - Institut für Mathematik,Berlin,Berlin,Berlin,1,252397.00,01.10.2007,31.12.2010,BMFTR
STATTwerke e.V.,Berlin,Berlin,Berlin,1,252388.00,01.05.2003,31.10.2004,BMFTR
CANDID Foundation gGmbH,Berlin,Berlin,Berlin,2,252313.00,01.01.2025,31.05.2027,BMFTR
Institut für Wasserwirtschaft Berlin an der FU Berlin,Berlin,Berlin,Berlin,5,251852.00,01.07.1990,31.12.1990,BMFTR
"Biopract GmbH, Berlin",Berlin,Berlin,Berlin,2,250274.00,01.04.2009,30.06.2026,BMFTR
Formula Pharmazeutische und chemische Entwicklungs GmbH,Berlin,Berlin,Berlin,1,250271.00,01.12.2010,30.11.2013,BMFTR
ecoglobe GmbH,Berlin,Berlin,Berlin,1,250238.00,01.02.2018,31.05.2020,BMFTR
WHS Foundation GmbH,Berlin,Berlin,Berlin,1,250000.00,01.10.2014,31.12.2014,BMFTR
GenPat77 Pharmacogenetics Aktiengesellschaft,Berlin,Berlin,Berlin,1,249984.00,01.09.2005,31.12.2006,BMFTR
The Decoding China Project gGmbH,Berlin,Berlin,Berlin,1,249984.00,01.10.2024,30.09.2025,BMFTR
Stiftung Sozialpädagogisches Institut Berlin - Walter May,Berlin,Berlin,Berlin,1,249790.00,01.07.2018,30.06.2021,BMFTR
DRO Deutsche Rail Operations GmbH,Berlin,Berlin,Berlin,1,249697.00,31.12.2023,01.12.2025,BMV
"WeTeK Berlin gGmbH, gemeinnützige Gesellschaft für Qualifizierung, Ausbildung und Jugendkultur",Berlin,Berlin,Berlin,1,249303.00,01.05.2026,31.12.2028,BMFTR
MfW Studio ix gUG,Berlin,Berlin,Berlin,2,247889.00,15.12.2021,31.10.2024,BMFTR
DUZ Verlags- und Medienhaus GmbH,Berlin,Berlin,Berlin,1,247432.00,01.01.2018,31.05.2020,BMFTR
Peucon GmbH - Unternehmensberatung und Entwicklung von Kommunikationstechnik,Berlin,Berlin,Berlin,1,247182.00,01.01.2011,30.04.2015,BMFTR
BTB Recycling-Hof GmbH,Berlin,Berlin,Berlin,1,247076.00,01.02.2021,31.07.2024,BMFTR
C. Leis s GmbH,Berlin,Berlin,Berlin,1,246846.00,01.08.1979,31.10.1981,BMFTR
Punktum Digital GmbH,Berlin,Berlin,Berlin,1,246685.00,01.11.2025,31.10.2028,BMLEH
DEPI Deutsches Pelletinstitut GmbH,Berlin,Berlin,Berlin,2,246667.00,01.02.2015,30.09.2022,BMLEH
Institut für prozeßadaptive und erfahrungsgeleitete Automatisierung GmbH,Berlin,Berlin,Berlin,2,246253.00,01.11.1994,31.07.2000,BMFTR
newtec Umwelttechnik GmbH,Berlin,Berlin,Berlin,1,245511.00,01.03.2013,30.06.2015,BMLEH
Bosse Telefonbau GmbH,Berlin,Berlin,Berlin,1,245268.00,01.04.1982,31.12.1983,BMFTR
Forum Nachhaltige Geldanlagen e.V.,Berlin,Berlin,Berlin,3,244945.00,01.09.2015,31.12.2021,"BMFTR, BMUKN"
Tatort Zukunft e.V.,Berlin,Berlin,Berlin,2,244744.00,15.12.2021,28.02.2025,BMFTR
Bundesverband Liberaler Hochschulgruppen (LHG),Berlin,Berlin,Berlin,13,244637.00,01.10.1999,30.09.2012,BMFTR
European IT Consultancy EITCO GmbH,Berlin,Berlin,Berlin,1,244515.00,01.04.2017,30.06.2020,BMFTR
Terra Concordia gemeinnützige GmbH,Berlin,Berlin,Berlin,2,244172.00,01.04.2015,31.07.2021,"BMFTR, BMV"
Retresco GmbH,Berlin,Berlin,Berlin,1,243970.00,01.04.2020,30.09.2023,BMFTR
Kelso Institute Europe gemeinnützige GmbH,Berlin,Berlin,Berlin,1,243520.00,01.12.2024,30.11.2027,BMWE
adisoft AG,Berlin,Berlin,Berlin,1,242419.00,01.09.2000,31.10.2002,BMFTR
Siemens Enterprise Communications GmbH & Co. KG,Berlin,Berlin,Berlin,1,242412.00,01.08.2008,31.12.2011,BMFTR
Barthel Werkzeugbau GmbH,Berlin,Berlin,Berlin,2,241373.00,01.09.1986,31.03.1989,BMFTR
Bildungswerk Walter-Friedländer Arbeiterwohlfahrt Berlin e.V.,Berlin,Berlin,Berlin,2,241184.00,01.09.1986,31.12.1987,BMFTR
BlackForest Solutions GmbH,Berlin,Berlin,Berlin,1,240978.00,01.11.2020,30.04.2024,BMV
Institut Kirchhoff Berlin GmbH,Berlin,Berlin,Berlin,1,239309.00,15.10.2024,15.04.2025,BMLEH
YOPIC - Young People for International Cooperation e.V.,Berlin,Berlin,Berlin,1,238480.00,01.01.2018,31.12.2019,BMUKN
Arbeiterwohlfahrt Kreisverband Berlin-Mitte e.V.,Berlin,Berlin,Berlin,2,238095.00,01.05.2024,30.06.2029,BMUKN
CTB CAMTEC Software GmbH Berlin,Berlin,Berlin,Berlin,1,237485.00,01.07.1998,31.03.2001,BMFTR
Brighter AI Technologies GmbH,Berlin,Berlin,Berlin,1,236432.00,01.12.2022,31.12.2025,BMWE
Gesellschaft für sozialen Wohnungsbau gemeinnützige AG,Berlin,Berlin,Berlin,1,236306.00,01.11.1986,30.09.1990,BMWE
Arup Deutschland GmbH,Berlin,Berlin,Berlin,1,235836.00,01.03.2015,30.04.2019,BMWE
AGENTS HQ GmbH,Berlin,Berlin,Berlin,1,235693.00,01.01.2020,31.12.2022,BMFTR
Gebrüder Kemmer GmbH,Berlin,Berlin,Berlin,1,235238.00,01.12.2006,31.08.2009,BMFTR
Minddistrict GmbH,Berlin,Berlin,Berlin,2,235190.00,01.04.2022,31.12.2025,BMFTR
snom technology GmbH,Berlin,Berlin,Berlin,1,235187.00,01.01.2015,31.12.2016,BMFTR
Kasse des Bundesverbandes Liberaler Hochschulgruppen e. V.,Berlin,Berlin,Berlin,14,233859.00,28.09.2012,30.09.2026,BMFTR
Digital Charging Solutions GmbH,Berlin,Berlin,Berlin,2,233798.00,01.11.2020,31.05.2026,BMV
Freie Universität Berlin - Fachbereich Politik- und Sozialwissenschaften - Institut für Publizistik- und Kommunikationswissenschaft,Berlin,Berlin,Berlin,1,233584.00,01.01.1974,31.05.1975,BMFTR
CircularTree GmbH,Berlin,Berlin,Berlin,1,233073.00,01.03.2020,31.08.2023,BMFTR
NEEEU Spaces GmbH,Berlin,Berlin,Berlin,1,232764.00,01.02.2025,31.01.2028,BMFTR
PIRCHE AG,Berlin,Berlin,Berlin,1,232380.00,01.02.2021,31.01.2023,BMFTR
ettex GmbH - ALT,Berlin,Berlin,Berlin,1,232273.00,01.05.2012,31.07.2014,BMFTR
DCC Risikoanalytik GmbH,Berlin,Berlin,Berlin,1,231845.00,01.09.2020,31.08.2022,BMFTR
Labor Berlin ? Charité Vivantes Services GmbH,Berlin,Berlin,Berlin,3,231745.00,01.09.2017,30.06.2025,"BMFTR, BMLEH, BMV"
PanTrac GmbH,Berlin,Berlin,Berlin,1,231722.00,01.12.2005,28.02.2009,BMFTR
Mucos Emulsionsgesellschaft mit beschränkter Haftung chemische-pharmazeutische Betrieb,Berlin,Berlin,Berlin,1,231636.00,01.08.1988,31.12.1989,BMFTR
Ingenieurbüro Grassl GmbH Beratende Ingenieure für Bauingenieurwesen,Berlin,Berlin,Berlin,3,231209.00,01.01.2015,31.10.2020,BMFTR
Institut für Prozeßoptimierung und Informationstechnologien GmbH,Berlin,Berlin,Berlin,1,230867.00,01.07.2013,31.12.2016,BMFTR
Krallmann AG,Berlin,Berlin,Berlin,1,230646.00,01.02.2016,31.01.2019,BMFTR
System Consult Gesellschaft für Datenverarbeitung und Produktionstechnik mbH,Berlin,Berlin,Berlin,1,230317.00,01.01.1989,31.05.1990,BMFTR
Deutsches Herzzentrum der Charité (DHZC),Berlin,Berlin,Berlin,1,230196.00,15.03.2021,31.12.2024,BMFTR
"HATI GbR für Handwerk, Technik und Innovation",Berlin,Berlin,Berlin,1,230182.00,01.06.1995,31.10.1998,BMFTR
Canto GmbH,Berlin,Berlin,Berlin,1,230104.00,01.04.2002,31.03.2005,BMFTR
EoT Labs GmbH,Berlin,Berlin,Berlin,1,230074.00,01.07.2022,30.09.2025,BMWE
ias Aktiengesellschaft,Berlin,Berlin,Berlin,1,229569.00,01.10.2017,31.03.2021,BMFTR
Gamat-Schwank Wärmegeräte GmbH,Berlin,Berlin,Berlin,2,229434.00,01.03.1992,31.12.1995,BMFTR
Verein zur Durchführung des International Congress of Mathematicians e.V. (VICM 98),Berlin,Berlin,Berlin,1,229420.00,01.09.1997,31.10.1998,BMFTR
Coreon GmbH,Berlin,Berlin,Berlin,1,229123.00,01.08.2025,31.07.2027,BMFTR
Institut für Technik & Journalismus e.V.,Berlin,Berlin,Berlin,1,228797.00,01.05.2020,31.07.2023,BMFTR
2txt - natural language generation GmbH,Berlin,Berlin,Berlin,1,228763.00,01.04.2023,31.03.2026,BMFTR
Cornelsen Software GmbH & Co.,Berlin,Berlin,Berlin,2,228599.00,01.04.1996,31.12.1999,BMFTR
Green City Solutions GmbH,Berlin,Berlin,Berlin,1,228560.00,01.12.2017,30.09.2019,BMFTR
MBition GmbH,Berlin,Berlin,Berlin,1,228121.00,01.10.2023,31.12.2025,BMV
Vyld GmbH,Berlin,Berlin,Berlin,1,227463.00,01.10.2023,30.06.2025,BMFTR
GSE Gräbert Software + Engineering GmbH,Berlin,Berlin,Berlin,1,227205.00,01.03.1982,31.12.1984,BMFTR
diamond inventics GmbH,Berlin,Berlin,Berlin,1,226875.00,01.07.2018,31.10.2020,BMFTR
"Bezirksamt Charlottenburg-Wilmersdorf von Berlin Abteilung Ordnung, Umwelt, Straßen und Grünflächen",Berlin,Berlin,Berlin,1,226576.00,01.05.2022,31.12.2023,BMV
Elisi Evi e.V. für Mädchen und Frauen aus der Türkei,Berlin,Berlin,Berlin,1,225527.00,01.06.2003,28.02.2005,BMFTR
Fein Games GmbH,Berlin,Berlin,Berlin,2,225410.00,01.06.2021,30.04.2023,BMFTR
Bundesverband der Recherche- und Informationsstellen Antisemitismus e.V.,Berlin,Berlin,Berlin,1,225355.00,01.08.2021,31.01.2025,BMFTR
Nocturne GmbH,Berlin,Berlin,Berlin,2,225227.00,01.03.2019,30.09.2022,"BMFTR, BMWE"
JustFair GmbH,Berlin,Berlin,Berlin,1,225036.00,01.09.2001,20.06.2003,BMFTR
FMB Feinwerk- und Meßtechnik GmbH,Berlin,Berlin,Berlin,1,224635.00,01.04.2002,31.03.2005,BMFTR
ALSTOM Power Conversion GmbH,Berlin,Berlin,Berlin,1,224566.00,01.02.1996,30.09.1999,BMWE
Deutsche Gesellschaft für Telemedizin e.V. (DGTelemed),Berlin,Berlin,Berlin,2,224392.00,01.07.2021,31.12.2027,BMFTR
Institut zur Qualitätsentwicklung im Bildungswesen - Wissenschaftliche Einrichtung der Länder an der Humboldt-Universität zu Berlin e. V.,Berlin,Berlin,Berlin,2,224291.00,01.07.2015,31.05.2022,BMFTR
Parasoft Deutschland GmbH,Berlin,Berlin,Berlin,1,224197.00,01.10.2017,31.12.2020,BMFTR
HealthTwiSt GmbH,Berlin,Berlin,Berlin,1,224102.00,01.01.2004,30.06.2006,BMFTR
HeGo Biotec GmbH Wirkstoffe für den Umweltschutz,Berlin,Berlin,Berlin,1,224014.00,01.01.2024,31.12.2026,BMFTR
OSPIN GmbH,Berlin,Berlin,Berlin,1,223904.00,01.10.2022,31.12.2023,BMFTR
SEPSERV Separation Service Berlin Dr. Eppert & Co.,Berlin,Berlin,Berlin,2,223853.00,01.10.1991,30.09.1994,BMFTR
Institut für Produktives Lernen in Europa e.V.,Berlin,Berlin,Berlin,2,222156.00,01.10.1994,31.12.1997,BMFTR
Epimune GmbH,Berlin,Berlin,Berlin,3,221755.00,01.07.2017,31.12.2023,BMFTR
Neulandia UG (haftungsbeschränkt),Berlin,Berlin,Berlin,1,221698.00,01.09.2025,31.08.2028,BMFTR
Körber Beteiligungen GmbH,Berlin,Berlin,Berlin,2,221627.00,01.05.1992,30.04.1998,BMFTR
SozDia Stiftung Berlin - Gemeinsam Leben Gestalten,Berlin,Berlin,Berlin,1,221544.00,01.05.2023,31.03.2027,BMUKN
Thelemann GmbH Systemanalysen & Fuzzy-Applikationen,Berlin,Berlin,Berlin,3,221447.00,01.03.1992,31.12.1995,BMFTR
AFT Fertigungstechnik und Handel GmbH,Berlin,Berlin,Berlin,1,221137.00,01.04.2023,31.03.2025,BMWE
Arbeiterwohlfahrt Landesverband Berlin e.V.,Berlin,Berlin,Berlin,1,221031.00,01.06.2026,31.05.2030,BMUKN
PROMESS Gesellschaft für Montage- und Prüfsysteme mbH,Berlin,Berlin,Berlin,3,220562.00,01.12.2009,30.09.2024,"BMFTR, BMWE"
ATN Automatisierungstechnik Niemeier GmbH,Berlin,Berlin,Berlin,1,220442.00,01.01.2026,30.06.2028,BMFTR
Verysys Electronic Design Automation GmbH,Berlin,Berlin,Berlin,2,220108.00,01.03.1997,31.12.2000,BMFTR
Deutscher Tourismusmusverband e.V.,Berlin,Berlin,Berlin,1,220000.00,01.07.2024,15.02.2027,BMV
PlasmaChem Produktions- und Handel GmbH,Berlin,Berlin,Berlin,2,219429.00,01.10.2014,31.05.2021,"BMFTR, BMWE"
Trägerverein des Institut für wassergefährdende Stoffe e.V. an der Technischen Universität Berlin,Berlin,Berlin,Berlin,1,218987.00,01.04.1996,30.09.1998,BMFTR
Zoologischer Garten Berlin Aktiengesellschaft,Berlin,Berlin,Berlin,1,217115.00,01.09.2018,31.12.2021,BMFTR
Phoenicon Photoaktive Systeme GmbH,Berlin,Berlin,Berlin,1,216788.00,01.03.1994,28.02.1997,BMFTR
NVIDIA ARC GmbH,Berlin,Berlin,Berlin,1,216400.00,01.09.2019,31.12.2022,BMFTR
Ingenieur- und Wirtschaftsakademie Johann Beckmann e.V.,Berlin,Berlin,Berlin,1,216391.00,01.10.1995,31.12.1998,BMFTR
"Arbeitsgemeinschaft Deutscher Waldbesitzerverbände, AGDW - Die Waldeigentümer e. V.",Berlin,Berlin,Berlin,1,216042.00,01.08.2019,31.12.2022,BMLEH
UP19 Stadtforschung + Beratung GmbH,Berlin,Berlin,Berlin,1,214533.00,01.06.2018,31.07.2021,BMFTR
transresch Antriebssysteme Berlin GmbH,Berlin,Berlin,Berlin,1,214514.00,01.07.2000,31.08.2001,BMWE
NOWTILUS Onlinevertriebsgesellschaft mbH,Berlin,Berlin,Berlin,1,214355.00,01.09.2019,31.12.2021,BMFTR
FLEXIM Flexible Industriemeßtechnik GmbH,Berlin,Berlin,Berlin,2,214264.00,01.10.2018,30.09.2028,BMWE
Famedly GmbH,Berlin,Berlin,Berlin,1,213583.00,01.09.2023,31.08.2026,BMFTR
Recurity Labs GmbH,Berlin,Berlin,Berlin,2,213374.00,01.09.2010,30.06.2013,BMFTR
bao - Büro für Arbeits- und Organisationspsychologie GmbH,Berlin,Berlin,Berlin,1,213350.00,01.11.2012,31.10.2015,BMWE
JRC Capital Management Consultancy & Research GmbH,Berlin,Berlin,Berlin,1,213246.00,01.11.2017,31.10.2019,BMFTR
"Land Berlin, vertreten durch Bezirksamt Treptow-Köpenick von Berlin",Berlin,Berlin,Berlin,2,213181.00,29.11.2017,30.09.2025,BMV
NursIT Institute GmbH,Berlin,Berlin,Berlin,1,213006.00,01.03.2018,28.02.2023,BMFTR
"Bund Deutscher Architekten BDA, Landesverband Berlin e. V.",Berlin,Berlin,Berlin,1,212936.00,01.11.1988,30.09.1992,BMWE
Soft Gene Entwicklungs- und Vertriebsgesellschaft für Molekularbiologische Software mbH,Berlin,Berlin,Berlin,2,212758.00,01.11.1987,31.01.1994,BMFTR
Institut für Landwirtschaftliche Information und Dokumentation,Berlin,Berlin,Berlin,1,211675.00,01.11.1990,31.12.1990,BMFTR
ADW - Zentrum für Wissenschaftlichen Gerätebau,Berlin,Berlin,Berlin,9,210993.00,01.07.1990,31.12.1991,BMFTR
Allianz Chronischer Seltener Erkrankungen (ACHSE) e.V.,Berlin,Berlin,Berlin,2,210659.00,04.02.2011,31.01.2029,BMFTR
Gemeinschaft für Überwachung im Bauwesen E.V.,Berlin,Berlin,Berlin,1,210625.00,01.04.2020,30.09.2023,BMFTR
Paulinenhaus Krankenanstalt e. V.,Berlin,Berlin,Berlin,1,209675.00,01.03.2012,31.12.2015,BMFTR
"RRP Reul, Reinking Programmsysteme GmbH",Berlin,Berlin,Berlin,1,209527.00,01.04.1979,31.12.1981,BMFTR
Lohmann & Birkner Software Solutions GmbH,Berlin,Berlin,Berlin,1,209427.00,01.11.2017,31.01.2021,BMFTR
VIAVI Solutions GmbH,Berlin,Berlin,Berlin,1,209400.00,01.06.2026,31.05.2029,BMFTR
Robert-Havemann-Gesellschaft e.V.,Berlin,Berlin,Berlin,1,209218.00,01.01.2019,30.04.2023,BMFTR
Werk für Fernsehelektronik GmbH,Berlin,Berlin,Berlin,1,209205.00,01.07.1990,31.12.1990,BMFTR
"Appsys GmbH Mess-, Versorgungs- und Prozesstechnik",Berlin,Berlin,Berlin,1,209080.00,01.11.1988,31.12.1990,BMFTR
Musikkindergarten Berlin e.V.,Berlin,Berlin,Berlin,2,208400.00,01.01.2006,31.12.2008,BMFTR
SNTL Publishing GmbH & Co. KG,Berlin,Berlin,Berlin,1,208034.00,01.04.2017,31.07.2020,BMFTR
GSan - ökologische Gewässersanierung GmbH,Berlin,Berlin,Berlin,1,207496.00,01.01.2008,30.06.2010,BMFTR
EPS Environmental-Protection-Services,Berlin,Berlin,Berlin,1,207454.00,01.10.1992,31.12.1992,BMFTR
PCS Power Converter Solutions GmbH,Berlin,Berlin,Berlin,1,207046.00,01.04.2010,30.06.2013,BMFTR
Deuretzbacher GmbH & Co. Engineering KG,Berlin,Berlin,Berlin,1,206921.00,01.01.1996,31.12.1998,BMFTR
Silica Verfahrenstechnik GmbH,Berlin,Berlin,Berlin,1,206580.00,01.12.2020,30.11.2022,BMWE
Deutscher Beton- und Bautechnik Verein e.V. - DBV,Berlin,Berlin,Berlin,1,206470.00,01.12.2019,31.03.2022,BMWE
Razorcat Development GmbH,Berlin,Berlin,Berlin,1,206346.00,01.11.2022,30.04.2026,BMFTR
BJÖRN SCHULZ STIFTUNG,Berlin,Berlin,Berlin,1,206105.00,01.03.2017,29.02.2020,BMFTR
durakult Gesellschaft für Biologische Technologien mbH,Berlin,Berlin,Berlin,2,205624.00,01.10.2010,31.10.2013,"BMLEH, BMWE"
BEAPLAS GmbH,Berlin,Berlin,Berlin,2,205526.00,01.07.2016,31.12.2024,BMFTR
twigbit technologies GmbH,Berlin,Berlin,Berlin,1,205390.00,01.01.2021,31.12.2023,BMWE
Klinikum Berlin-Buch,Berlin,Berlin,Berlin,1,205361.00,01.04.1993,31.05.1996,BMFTR
VF Nutrition GmbH,Berlin,Berlin,Berlin,1,205351.00,01.11.2022,30.04.2025,BMFTR
Fair Spaces GmbH,Berlin,Berlin,Berlin,2,205163.00,01.01.2022,31.08.2024,BMV
Conworx Technology GmbH,Berlin,Berlin,Berlin,1,205039.00,01.05.2011,31.01.2015,BMFTR
sglux GmbH,Berlin,Berlin,Berlin,1,204993.00,01.01.2023,30.06.2025,BMFTR
Cellphenomics GmbH,Berlin,Berlin,Berlin,1,204556.00,01.06.2021,31.05.2024,BMFTR
OTIS GmbH & Co. OHG,Berlin,Berlin,Berlin,1,204517.00,01.08.1984,31.07.1986,BMFTR
Comet Werkzeugbau GmbH,Berlin,Berlin,Berlin,2,204517.00,01.04.1984,31.12.1987,BMFTR
GAM Gesellschaft für Angewandte Mikroelektronik mbH,Berlin,Berlin,Berlin,1,204517.00,01.07.1991,30.06.1993,BMFTR
Trion Präzisionselektronik GmbH & Co. KG,Berlin,Berlin,Berlin,1,204517.00,01.08.1991,30.06.1993,BMFTR
Microparticles GmbH,Berlin,Berlin,Berlin,1,204440.00,01.06.1999,31.05.2002,BMFTR
Berlecon Research GmbH,Berlin,Berlin,Berlin,1,204262.00,01.09.2005,31.12.2008,BMFTR
salvevita Managementgesellschaft mbH,Berlin,Berlin,Berlin,1,203932.00,01.04.2025,31.03.2028,BMFTR
Bildungszentrum für Berufe im Gesundheitswesen Berlin-Brandenburg e.V.,Berlin,Berlin,Berlin,1,203342.00,01.03.2002,29.02.2004,BMFTR
Akhetonics GmbH,Berlin,Berlin,Berlin,1,202998.00,01.10.2024,30.09.2027,BMFTR
AIOTEC GmbH,Berlin,Berlin,Berlin,1,202683.00,01.09.2017,31.01.2021,BMFTR
design akademie berlin SRH Hochschule für Kommunikation und Design GmbH,Berlin,Berlin,Berlin,1,202540.00,15.11.2014,14.11.2016,BMFTR
Tornado Antriebstechnik GmbH,Berlin,Berlin,Berlin,1,202518.00,01.03.1996,31.07.1998,BMFTR
Anstalt für Verkehrsentwicklung Berlin,Berlin,Berlin,Berlin,3,202393.00,01.07.1990,31.12.1990,BMFTR
Schnelle Medizinische Hilfe Krankentransport GmbH,Berlin,Berlin,Berlin,1,202336.00,01.04.2009,30.09.2012,BMFTR
Preprint Publishing Consulting GmbH,Berlin,Berlin,Berlin,1,202049.00,01.04.1990,30.06.1991,BMFTR
gsub - Gesellschaft für soziale Unternehmensberatung mbH,Berlin,Berlin,Berlin,1,201788.00,01.07.2001,30.06.2002,BMFTR
Institut für Angewandte Chromatographie,Berlin,Berlin,Berlin,3,201745.00,01.08.1987,31.03.1995,BMFTR
Institut für Energie- und Wettbewerbsrecht in der Kommunalen Wirtschaft e.V. (EWeRK) an der Humboldt-Universität zu Berlin,Berlin,Berlin,Berlin,1,201501.00,01.08.2021,31.01.2024,BMWE
Quantum Galactics GmbH,Berlin,Berlin,Berlin,1,201314.00,01.03.2026,28.02.2027,BMFTR
Geo-En Energy Technologies GmbH,Berlin,Berlin,Berlin,1,201206.00,01.12.2015,31.10.2018,BMFTR
PlayPack GmbH c/o Mindspace,Berlin,Berlin,Berlin,1,200985.00,01.01.2026,31.12.2026,BMFTR
Deutscher Energieholz- und Pellet-Verband e.V. (DEPV),Berlin,Berlin,Berlin,1,200850.00,01.06.2009,30.09.2012,BMLEH
digital spirit GmbH,Berlin,Berlin,Berlin,2,200010.00,01.07.2003,30.06.2005,BMFTR
Storm Chaser UG (haftungsbeschränkt),Berlin,Berlin,Berlin,1,200000.00,01.07.2020,31.05.2021,BMFTR
technet GmbH gründig + partner,Berlin,Berlin,Berlin,1,199906.00,01.10.2020,30.06.2023,BMWE
Airborn Studios GmbH,Berlin,Berlin,Berlin,1,199367.00,01.09.2020,31.08.2021,BMFTR
INFO GmbH Markt- und Meinungsforschung,Berlin,Berlin,Berlin,2,198770.00,30.05.2019,31.01.2024,BMLEH
Human Gesellschaft für Biochemica und Diagnostica mbH,Berlin,Berlin,Berlin,1,198744.00,01.06.1996,31.12.1999,BMFTR
PIKK-Systems GmbH,Berlin,Berlin,Berlin,1,198433.00,01.03.2025,29.02.2028,BMFTR
Green Coding Solutions GmbH,Berlin,Berlin,Berlin,1,198045.00,01.08.2026,31.07.2028,BMWE
Comgy GmbH,Berlin,Berlin,Berlin,1,197797.00,01.10.2018,30.06.2021,BMWE
In Good Company GmbH,Berlin,Berlin,Berlin,1,197629.00,01.12.2020,31.08.2022,BMFTR
Naturwald Akademie gGmbH,Berlin,Berlin,Berlin,1,196554.00,01.02.2020,31.03.2025,BMFTR
Lumenaza GmbH,Berlin,Berlin,Berlin,1,195850.00,01.12.2019,30.11.2022,BMWE
Documentary Campus gGmbH,Berlin,Berlin,Berlin,2,195374.00,01.04.2025,31.12.2026,BMFTR
Pioneer Medical Devices AG,Berlin,Berlin,Berlin,1,195333.00,01.04.2011,30.09.2014,BMFTR
BDEW Bundesverband der Energie- und Wasserwirtschaft e.V.,Berlin,Berlin,Berlin,1,195293.00,01.06.2017,31.07.2021,BMFTR
NATURCOSMO GmbH,Berlin,Berlin,Berlin,1,195073.00,01.10.2024,30.09.2026,BMWE
Ormig Organisationsmittel GmbH,Berlin,Berlin,Berlin,1,194866.00,01.05.1982,31.12.1983,BMFTR
REFLEX aerospace GmbH,Berlin,Berlin,Berlin,1,194736.00,01.05.2026,30.04.2028,BMFTR
RFT SEL Nachrichtenelektronik GmbH,Berlin,Berlin,Berlin,1,194544.00,01.09.1992,31.12.1995,BMFTR
FEB Handels- und Vertriebs-- GmbH,Berlin,Berlin,Berlin,2,194261.00,16.04.1993,31.12.1995,BMFTR
Tigerbytes GmbH,Berlin,Berlin,Berlin,2,194160.00,01.07.2017,28.02.2023,"BMFTR, BMV"
Bezirksamt Tempelhof-Schöneberg von Berlin,Berlin,Berlin,Berlin,2,194112.00,21.04.2020,31.12.2027,"BMV, BMWE"
Forschungs-Gesellschaft für Automatische Bildverarbeitung mbH,Berlin,Berlin,Berlin,1,194071.00,01.11.1982,31.12.1984,BMFTR
Limebit GmbH,Berlin,Berlin,Berlin,1,192872.00,01.10.2022,30.09.2025,BMFTR
WESOUND GmbH,Berlin,Berlin,Berlin,1,192738.00,01.03.2012,28.02.2014,BMFTR
BioNukleo GmbH,Berlin,Berlin,Berlin,2,191739.00,01.11.2018,31.05.2026,BMFTR
Ingenieurbüro Dr. Fechter GmbH,Berlin,Berlin,Berlin,1,191716.00,01.07.1994,30.06.1996,BMFTR
TSB Technologiestiftung Berlin,Berlin,Berlin,Berlin,4,191707.00,01.06.2011,28.02.2013,BMFTR
Deutscher Mieterbund e. V.,Berlin,Berlin,Berlin,3,191672.00,01.07.2012,31.05.2022,BMUKN
Bundesarbeitsgemeinschaft Arbeit e.V. - Koordinierungsstelle Ost-West,Berlin,Berlin,Berlin,1,191540.00,01.05.1996,31.12.2001,BMFTR
Tunermaxx Media GmbH,Berlin,Berlin,Berlin,2,191497.00,01.05.2021,14.05.2028,BMFTR
dCADE Gesellschaft für Produktionsinformatik mbH,Berlin,Berlin,Berlin,1,191130.00,01.02.1997,31.05.2000,BMFTR
IL Innovationslabor GmbH,Berlin,Berlin,Berlin,1,190645.00,01.09.2022,31.12.2026,BMFTR
Advanced Sleep Research GmbH,Berlin,Berlin,Berlin,1,190433.00,01.05.2009,31.07.2012,BMFTR
iventic GmbH,Berlin,Berlin,Berlin,1,189935.00,01.05.2022,31.07.2024,BMFTR
inav - privates Institut für angewandte Versorgungsforschung GmbH,Berlin,Berlin,Berlin,1,189856.00,01.03.2024,28.02.2027,BMFTR
Borsig Process Heat Exchanger GmbH,Berlin,Berlin,Berlin,3,189254.00,01.07.2003,31.03.2010,"BMFTR, BMWE"
Palladium-med GmbH,Berlin,Berlin,Berlin,1,189249.00,01.09.2015,30.06.2018,BMFTR
nanopartica GmbH,Berlin,Berlin,Berlin,2,188968.00,01.09.2012,30.06.2016,BMFTR
JSW Consulting GmbH,Berlin,Berlin,Berlin,2,188801.00,01.08.2012,30.11.2016,"BMFTR, BMWE"
PREVAC Präzisionsmechanik und Vakuum GmbH,Berlin,Berlin,Berlin,1,188687.00,01.03.1992,31.03.1993,BMFTR
BTS Systementwicklungs-GmbH,Berlin,Berlin,Berlin,3,188612.00,01.01.1978,30.06.1984,BMFTR
CELARES GmbH,Berlin,Berlin,Berlin,1,188537.00,01.04.2011,31.12.2014,BMFTR
Cislogic GmbH,Berlin,Berlin,Berlin,1,188271.00,01.12.2008,31.05.2012,BMFTR
Humboldt-Viadrina Governance Platform gGmbH,Berlin,Berlin,Berlin,1,187913.00,01.01.2015,29.02.2016,BMFTR
R. Stock AG,Berlin,Berlin,Berlin,1,187792.00,01.10.1980,31.12.1982,BMFTR
"SozDia Jugendhilfe, Bildung und Arbeit gGmbH",Berlin,Berlin,Berlin,2,187675.00,01.01.2020,31.12.2023,BMUKN
ADW - Institut für Chemische Technologie,Berlin,Berlin,Berlin,3,187493.00,01.07.1990,31.12.1991,"BMFTR, BMWE"
ProVeg e.V.,Berlin,Berlin,Berlin,1,187059.00,01.05.2016,30.04.2019,BMUKN
Johanniter Seniorenhäuser GmbH,Berlin,Berlin,Berlin,1,187051.00,01.01.2016,30.04.2019,BMFTR
Eolane SysCom GmbH,Berlin,Berlin,Berlin,1,186319.00,01.07.2013,30.06.2016,BMFTR
SOLYCO Solar AG,Berlin,Berlin,Berlin,1,186316.00,01.10.2025,30.09.2028,BMWE
OTA Oberflächentechnik Anlagenbau GmbH,Berlin,Berlin,Berlin,1,186103.00,01.08.2009,31.07.2012,BMFTR
Elektro-Innung Berlin Landesinnung für Elektrotechnik,Berlin,Berlin,Berlin,1,185290.00,01.01.2015,31.12.2017,BMFTR
xailabs GmbH,Berlin,Berlin,Berlin,1,185056.00,15.08.2011,30.06.2012,BMFTR
Steremat Elektrowärme GmbH,Berlin,Berlin,Berlin,2,184656.00,01.05.1992,31.12.2012,BMFTR
Nanofluor GmbH,Berlin,Berlin,Berlin,1,184637.00,01.05.2020,30.04.2023,BMWE
Berghof Foundation Trust GmbH,Berlin,Berlin,Berlin,1,184597.00,01.11.1999,31.12.2000,BMFTR
DGRV - Deutscher Genossenschafts- und Raiffeisenverband e.V.,Berlin,Berlin,Berlin,1,184406.00,01.01.2017,31.12.2019,BMUKN
Advanced Photonic Systems APhS GmbH,Berlin,Berlin,Berlin,1,183722.00,01.09.1997,30.06.2000,BMFTR
Radlogistik Verband Deutschland e.V.,Berlin,Berlin,Berlin,3,183668.00,01.01.2023,30.11.2027,BMV
Deutsche Alzheimer Gesellschaft e.V. Selbsthilfe Demenz,Berlin,Berlin,Berlin,1,183469.00,01.04.2014,31.12.2017,BMFTR
Rotaprint GmbH,Berlin,Berlin,Berlin,1,183413.00,01.03.1982,31.12.1983,BMFTR
OTB Oberflächentechnik in Berlin GmbH & Co. KG,Berlin,Berlin,Berlin,2,183303.00,01.01.2001,30.09.2007,BMFTR
ScatterWeb GmbH,Berlin,Berlin,Berlin,2,183049.00,01.04.2007,30.09.2010,BMFTR
Jaehner & Meissner GmbH & Co. KG,Berlin,Berlin,Berlin,1,182948.00,01.11.1983,31.10.1988,BMFTR
CNC24 GmbH,Berlin,Berlin,Berlin,1,182416.00,01.01.2025,31.12.2027,BMFTR
wir pflegen - Interessenvertretung und Selbsthilfe pflegender Angehöriger e.V.,Berlin,Berlin,Berlin,1,182344.00,01.04.2022,30.06.2026,BMFTR
Pix4D GmbH,Berlin,Berlin,Berlin,1,181980.00,01.04.2024,15.03.2027,BMLEH
PIN MAIL GmbH,Berlin,Berlin,Berlin,2,181928.00,01.04.2016,31.12.2021,"BMFTR, BMV"
wunderfish GmbH,Berlin,Berlin,Berlin,1,181900.00,01.05.2024,30.04.2027,BMFTR
Laaser & Co. GmbH,Berlin,Berlin,Berlin,3,180297.00,01.07.1987,31.01.1994,BMFTR
"Hochschule Fresenius für Management, Wirtschaft und Medien GmbH",Berlin,Berlin,Berlin,1,180066.00,01.05.2016,30.04.2019,BMFTR
Campus Berlin-Buch GmbH,Berlin,Berlin,Berlin,1,180063.00,01.12.2020,31.05.2025,BMWE
factorize ACGT GmbH,Berlin,Berlin,Berlin,1,180000.00,01.04.2025,31.03.2026,BMWE
stacktile GmbH,Berlin,Berlin,Berlin,1,180000.00,01.02.2016,31.01.2017,BMWE
Spreewunder GmbH,Berlin,Berlin,Berlin,1,180000.00,01.10.2017,31.03.2019,BMWE
neomento GmbH,Berlin,Berlin,Berlin,1,180000.00,01.09.2021,28.02.2023,BMWE
LIMAA Technologies GmbH,Berlin,Berlin,Berlin,1,180000.00,01.01.2024,30.09.2024,BMWE
SAFIA Technologies,Berlin,Berlin,Berlin,1,179997.00,01.12.2022,28.02.2024,BMWE
Noxoon GmbH,Berlin,Berlin,Berlin,1,179987.00,01.03.2025,28.02.2026,BMWE
SME Technology GmbH,Berlin,Berlin,Berlin,1,179985.00,01.04.2025,31.12.2026,BMWE
Belyntic GmbH,Berlin,Berlin,Berlin,1,179978.00,01.06.2018,30.11.2019,BMWE
Nano Cats GmbH,Berlin,Berlin,Berlin,1,179978.00,01.12.2022,31.05.2024,BMWE
Talonic GmbH,Berlin,Berlin,Berlin,1,179970.00,01.03.2025,28.02.2026,BMWE
Zentio GmbH,Berlin,Berlin,Berlin,1,179918.00,01.05.2026,30.04.2027,BMWE
Projekt Elektronik Mess- und Regelungstechnik Gesellschaft mit beschränkter Haftung,Berlin,Berlin,Berlin,1,179916.00,01.11.2002,30.09.2004,BMFTR
CinSOIL GmbH,Berlin,Berlin,Berlin,1,179888.00,01.04.2025,30.09.2026,BMWE
PerformaNat GmbH,Berlin,Berlin,Berlin,1,179886.00,01.06.2015,30.06.2016,BMWE
]init[ Aktiengesellschaft für digitale Kommunikation,Berlin,Berlin,Berlin,1,179884.00,01.02.2015,31.01.2018,BMFTR
Endless Industries GmbH,Berlin,Berlin,Berlin,1,179750.00,01.03.2024,31.08.2025,BMWE
AdaptX Systems GmbH,Berlin,Berlin,Berlin,1,179703.00,01.07.2025,31.12.2026,BMWE
TVINN Digital Supply Chains GmbH,Berlin,Berlin,Berlin,1,179661.00,01.05.2025,30.04.2026,BMWE
Stiftung Neue Synagoge Berlin - Centrum Judaicum,Berlin,Berlin,Berlin,1,179600.00,01.09.2004,31.12.2005,BMFTR
AGLAIA-Gesellschaft für Bildverarbeitung und Kommunikation mbH,Berlin,Berlin,Berlin,2,179579.00,01.09.2001,31.12.2004,BMFTR
Algonaut GmbH,Berlin,Berlin,Berlin,1,179570.00,01.08.2024,31.07.2027,BMFTR
PhantomX GmbH,Berlin,Berlin,Berlin,1,179512.00,01.04.2020,31.03.2021,BMWE
politik-digital e.V.,Berlin,Berlin,Berlin,2,178997.00,01.08.2007,30.04.2009,BMFTR
Fast Part Kunststofftechnik GmbH,Berlin,Berlin,Berlin,1,178839.00,01.09.2022,31.08.2027,BMFTR
Aluminiumgießerei & Gerätebau GmbH Neukölln,Berlin,Berlin,Berlin,1,178723.00,01.08.1987,31.12.1989,BMFTR
Buro Happold GmbH,Berlin,Berlin,Berlin,1,178398.00,01.04.2026,31.03.2029,BMWE
Berlin-Institut für Bevölkerung und Entwicklung,Berlin,Berlin,Berlin,1,178368.00,01.03.2012,30.06.2015,BMFTR
T-Systems Information Services GmbH,Berlin,Berlin,Berlin,1,178348.00,01.12.2025,30.11.2027,BMFTR
DuDeChem GmbH,Berlin,Berlin,Berlin,1,177930.00,01.04.2026,31.03.2029,BMFTR
PONC.tech GmbH,Berlin,Berlin,Berlin,1,177684.00,01.01.2026,31.12.2028,BMFTR
Neurowissenschaftliche Gesellschaft e.V.,Berlin,Berlin,Berlin,1,177663.00,01.01.2001,30.06.2002,BMFTR
Medienbüro am Reichstag GmbH,Berlin,Berlin,Berlin,1,177571.00,01.03.2023,30.04.2026,BMV
GWFA Global Water Franchise Agency GmbH,Berlin,Berlin,Berlin,2,176931.00,01.06.2013,30.06.2021,BMFTR
SCHOLZ & FRIENDS Berlin GmbH,Berlin,Berlin,Berlin,1,176915.00,15.11.2025,28.02.2026,BMV
Hauptverband für den Ausbau der Infrastrukturen und Nachhaltigkeit (INFRANEU) e. V.,Berlin,Berlin,Berlin,1,176756.00,01.07.2012,31.12.2013,BMUKN
X-SPEX GmbH,Berlin,Berlin,Berlin,1,176669.00,01.12.2009,30.11.2012,BMFTR
Expert Informatik GmbH,Berlin,Berlin,Berlin,1,176465.00,01.07.1991,30.06.1993,BMFTR
Deutsche Umweltstiftung,Berlin,Berlin,Berlin,1,175927.00,01.04.2021,31.03.2024,BMFTR
fastahead GmbH & Co. KG,Berlin,Berlin,Berlin,1,175330.00,01.04.2018,31.12.2021,BMFTR
Oskar-Helene-Heim - Orthopädische Klinik,Berlin,Berlin,Berlin,2,175189.00,01.01.1982,31.08.1985,BMFTR
Trotzkind GmbH,Berlin,Berlin,Berlin,1,175000.00,01.12.2020,31.05.2022,BMFTR
ISDC - International Security and Development Center gGmbH,Berlin,Berlin,Berlin,1,174753.00,01.08.2020,31.05.2022,BMFTR
SciFlow GmbH,Berlin,Berlin,Berlin,1,174720.00,01.09.2023,31.08.2025,BMFTR
pokoko Studio UG (haftungsbeschränkt),Berlin,Berlin,Berlin,1,174650.00,01.05.2023,30.09.2025,BMFTR
Studio Up Berlin UG (haftungsbeschränkt),Berlin,Berlin,Berlin,1,174485.00,01.11.2024,31.12.2025,BMFTR
FREIE HILFE BERLIN e.V.,Berlin,Berlin,Berlin,1,174271.00,15.02.2024,28.02.2025,BMFTR
Siprom Services für innovatives Projektmanagement GmbH,Berlin,Berlin,Berlin,1,174244.00,01.11.2010,31.12.2012,BMFTR
In-vitro-tec Gesellschaft zur Pflanzenvermehrung für den Umweltschutz mbH,Berlin,Berlin,Berlin,1,174020.00,01.03.2017,31.05.2020,BMLEH
Tänzer ohne Grenzen e.V.,Berlin,Berlin,Berlin,1,173894.00,01.03.2026,31.10.2027,BMFTR
Nationale Naturlandschaften e.V.,Berlin,Berlin,Berlin,1,173847.00,01.10.2021,31.03.2025,BMFTR
ScienceOpen GmbH,Berlin,Berlin,Berlin,1,173689.00,01.03.2021,28.02.2023,BMFTR
FISBA OPTIK GmbH,Berlin,Berlin,Berlin,2,173587.00,01.03.2000,30.04.2003,BMFTR
TESTING Bluhm & Feuerherdt GmbH,Berlin,Berlin,Berlin,1,173562.00,01.07.2022,30.09.2025,BMWE
Die VERBRAUCHER INITIATIVE e.V.,Berlin,Berlin,Berlin,1,173508.00,01.07.2016,31.12.2019,BMFTR
Maluma GmbH,Berlin,Berlin,Berlin,1,173320.00,01.11.2024,31.08.2025,BMFTR
Life Action Games GmbH,Berlin,Berlin,Berlin,1,173078.00,15.06.2020,28.02.2022,BMFTR
Stiftung Deutsches Historisches Museum,Berlin,Berlin,Berlin,2,172622.00,01.03.1998,31.12.2023,BMFTR
himmelbeet gemeinnützige GmbH,Berlin,Berlin,Berlin,2,172564.00,01.04.2019,31.10.2024,BMFTR
AckerCompany GmbH,Berlin,Berlin,Berlin,1,171945.00,01.04.2022,30.09.2024,BMLEH
ECOVIS Europe Aktiengesellschaft,Berlin,Berlin,Berlin,1,171772.00,01.08.2017,31.12.2020,BMFTR
"Senatsverwaltung für Wirtschaft, Energie und Betriebe",Berlin,Berlin,Berlin,1,171171.00,01.09.2019,31.12.2022,BMFTR
SIBB Verband der Software- Informations- und Kommunikations-Industrie in Berlin und Brandenburg e.V.,Berlin,Berlin,Berlin,1,171036.00,01.08.2016,30.09.2019,BMFTR
Bildungswerk Nordostchemie e.V.,Berlin,Berlin,Berlin,2,170771.00,26.07.2000,31.12.2001,BMFTR
Rohrbeck & Rohrbeck GmbH,Berlin,Berlin,Berlin,1,170760.00,01.07.2021,31.10.2024,BMFTR
NovoCadCam GmbH,Berlin,Berlin,Berlin,1,170743.00,01.04.2005,30.06.2006,BMFTR
International Psychoanalytic University Berlin gGmbH,Berlin,Berlin,Berlin,1,170597.00,01.02.2019,31.12.2024,BMFTR
Pacifico Biolabs GmbH,Berlin,Berlin,Berlin,1,170585.00,01.09.2025,31.08.2028,BMLEH
Phönix Sonnen Wärme AG,Berlin,Berlin,Berlin,1,170383.00,01.04.2008,31.12.2011,BMWE
Geosystem GBK GmbH,Berlin,Berlin,Berlin,1,170291.00,01.10.2023,31.12.2026,BMWE
Verband der Faserzement-Industrie e.V.,Berlin,Berlin,Berlin,1,170015.00,01.01.1984,31.08.1987,BMFTR
EMS Elektronik-Messtechnik Dipl.-Ing. Leo Schmidt GmbH,Berlin,Berlin,Berlin,4,169868.00,01.01.1982,31.12.1991,BMFTR
Pegasus GmbH Gesellschaft für soziale/gesundheitliche Innovation,Berlin,Berlin,Berlin,1,169754.00,01.12.2011,30.11.2014,BMFTR
HOWOGE Wärme GmbH,Berlin,Berlin,Berlin,2,169552.00,01.03.2023,30.09.2028,BMWE
S & A Klinik für minimal-invasive Chirurgie GmbH,Berlin,Berlin,Berlin,1,169198.00,01.10.2008,31.12.2011,BMFTR
Verein der Freunde und Förderer der Berliner Charité e.V.,Berlin,Berlin,Berlin,9,168952.00,01.10.2000,31.01.2010,BMFTR
Deutscher Blinden- und Sehbehindertenverband e. V.,Berlin,Berlin,Berlin,3,168737.00,01.10.2011,31.05.2016,"BMFTR, BMWE"
Bundesanstalt für Arbeitsschutz und Arbeitsmedizin (BAuA),Berlin,Berlin,Berlin,5,167983.00,01.09.1990,30.11.1994,BMFTR
ISACO GmbH,Berlin,Berlin,Berlin,1,166614.00,01.05.2011,31.07.2013,BMFTR
zoobe message entertainment GmbH,Berlin,Berlin,Berlin,1,166236.00,01.07.2011,30.09.2014,BMFTR
Kiwa GmbH,Berlin,Berlin,Berlin,2,165883.00,01.09.2014,31.10.2029,BMFTR
ABB Bergmann-Borsig GmbH,Berlin,Berlin,Berlin,1,165659.00,01.08.1991,31.12.1993,BMFTR
Arbeitskreis Orientierungs- und Bildungshilfe e.V.,Berlin,Berlin,Berlin,1,165249.00,01.06.2009,29.02.2012,BMFTR
Data-Transfer,Berlin,Berlin,Berlin,2,164731.00,01.03.1987,31.03.1992,BMFTR
SFZ - Sekretariat für Zukunftsforschung Gesellschaft mit beschränkter Haftung,Berlin,Berlin,Berlin,1,164591.00,01.02.2004,31.01.2006,BMFTR
Freie Universität Berlin - Das Präsidium,Berlin,Berlin,Berlin,2,164170.00,01.07.2008,31.08.2009,BMWE
BESB GmbH Berlin Schalltechnisches Büro,Berlin,Berlin,Berlin,1,163995.00,01.11.2019,31.10.2021,BMFTR
it matters games UG (haftungsbeschränkt),Berlin,Berlin,Berlin,1,163746.00,01.12.2020,28.02.2022,BMFTR
BEB BioEnergy Berlin GmbH,Berlin,Berlin,Berlin,2,163337.00,01.10.2020,31.03.2026,"BMFTR, BMWE"
Gesellschaft für Informatik e.V.,Berlin,Berlin,Berlin,3,163004.00,01.01.1977,31.07.2028,"BMFTR, BMWE"
Klüssendorf AG,Berlin,Berlin,Berlin,1,162833.00,01.05.1989,31.03.1992,BMWE
OPTOSENS Optische Spektroskopie und Sensortechnik GmbH,Berlin,Berlin,Berlin,1,162810.00,01.10.1999,30.09.2001,BMFTR
SysEleven GmbH,Berlin,Berlin,Berlin,1,162648.00,01.01.2022,31.03.2025,BMFTR
Join The Flock UG (haftungsbeschränkt),Berlin,Berlin,Berlin,1,162415.00,01.11.2024,31.12.2025,BMFTR
Deutsches Institut für Menschenrechte DIMR e.V.,Berlin,Berlin,Berlin,1,162200.00,01.03.2026,28.02.2030,BMFTR
Reaktor Berlin GmbH,Berlin,Berlin,Berlin,1,161612.00,01.06.2020,31.07.2021,BMFTR
INA.KINDER.GARTEN gGmbH,Berlin,Berlin,Berlin,3,160963.00,01.09.2017,31.01.2027,BMUKN
Bauer & Mück GmbH,Berlin,Berlin,Berlin,1,160866.00,01.05.2004,30.06.2005,BMFTR
Charité - Universitätsmedizin Berlin - Verwaltungsdirektion,Berlin,Berlin,Berlin,1,160599.00,01.11.2005,31.03.2009,BMFTR
BAUKING Berlin-Brandenburg GmbH,Berlin,Berlin,Berlin,1,160518.00,01.05.2000,31.12.2001,BMFTR
Seqana GmbH,Berlin,Berlin,Berlin,1,160000.00,01.11.2025,31.10.2027,BMFTR
"Senatsverwaltung für Wirtschaft, Technologie und Frauen von Berlin",Berlin,Berlin,Berlin,1,159989.00,01.01.2009,31.12.2009,BMUKN
Form Follows You GmbH,Berlin,Berlin,Berlin,1,159912.00,01.10.2023,30.09.2026,BMFTR
Freie Waldorfschule Kreuzberg e.V.,Berlin,Berlin,Berlin,3,159354.00,01.03.2025,31.12.2026,BMUKN
BLS Energieplan Gesellschaft für Entwicklung energiesparender und umweltfreundlicher Anlagen mbH,Berlin,Berlin,Berlin,1,159264.00,01.01.2016,31.12.2020,BMFTR
SGM Solutions & Global Media GmbH,Berlin,Berlin,Berlin,1,158756.00,01.04.2016,31.03.2019,BMFTR
KlimaNet Agentur für Klimaschutz-Netzwerke GmbH,Berlin,Berlin,Berlin,1,158595.00,01.05.2025,30.04.2028,BMUKN
Charité - Universitätsmedizin Berlin - Campus Berlin-Buch - Robert-Rössle-Klinik - Klinik für Chirurgie und Chirurgische Onkologie,Berlin,Berlin,Berlin,1,158344.00,01.03.2005,30.06.2006,BMFTR
Tetra Technology Trading GmbH,Berlin,Berlin,Berlin,1,158296.00,01.07.1991,30.04.1994,BMFTR
TMG Research gGmbH,Berlin,Berlin,Berlin,1,158282.00,08.05.2017,30.06.2018,BMLEH
European Regional Development and Education e. V. - E.R.D.E. e.V.,Berlin,Berlin,Berlin,1,158250.00,01.03.2005,30.06.2006,BMFTR
Lindera GmbH,Berlin,Berlin,Berlin,1,158220.00,15.08.2022,14.08.2025,BMFTR
ETC Solutions GmbH,Berlin,Berlin,Berlin,1,157912.00,01.10.2021,31.12.2024,BMV
Tarock Interactive GmbH,Berlin,Berlin,Berlin,1,157822.00,01.04.2026,28.02.2027,BMFTR
eHealth.Business GmbH,Berlin,Berlin,Berlin,1,157788.00,01.01.2026,31.12.2028,BMFTR
Versatel Deutschland GmbH,Berlin,Berlin,Berlin,1,157322.00,01.08.2001,31.12.2004,BMFTR
CHIPRON GmbH,Berlin,Berlin,Berlin,1,157308.00,01.05.2009,31.12.2012,BMFTR
ReBe secondhand UG (haftungsbeschränkt),Berlin,Berlin,Berlin,1,157247.00,01.11.2024,31.12.2025,BMFTR
Vetion.de GmbH,Berlin,Berlin,Berlin,1,156941.00,01.09.2014,28.02.2017,BMLEH
Wkf-Consult Beratungsgesellschaft für Organisationsentwicklung und Informationsverarbeitung mbH,Berlin,Berlin,Berlin,2,156376.00,01.12.1984,29.08.1986,BMFTR
Bibliographisches Institut GmbH,Berlin,Berlin,Berlin,1,155719.00,01.03.2013,29.02.2016,BMFTR
E & P Anlagenbau GmbH,Berlin,Berlin,Berlin,3,155489.00,01.04.2013,28.02.2023,BMFTR
SENSICAL GmbH,Berlin,Berlin,Berlin,1,154963.00,01.07.2022,31.01.2026,BMWE
Baby-Comp Natürliche Familien-Planung GmbH,Berlin,Berlin,Berlin,1,154581.00,01.08.1983,31.12.1984,BMFTR
bgis Kreative Ingenieure GmbH,Berlin,Berlin,Berlin,1,154406.00,01.11.2025,31.10.2028,BMFTR
Digidiced UG (haftungsbeschränkt),Berlin,Berlin,Berlin,2,154393.00,01.06.2020,28.02.2022,BMFTR
Horn & Müller Ingenieurgesellschaft mbH,Berlin,Berlin,Berlin,1,154248.00,01.09.2014,31.12.2016,BMFTR
Deutsche Akademie für Städtebau und Landesplanung,Berlin,Berlin,Berlin,1,153819.00,01.07.2001,30.04.2003,BMFTR
XIV. International Botanical Congress Berlin e.V.,Berlin,Berlin,Berlin,1,153388.00,01.06.1987,31.10.1987,BMFTR
SPECS Surface Nano Analysis GmbH,Berlin,Berlin,Berlin,1,153380.00,01.11.2023,31.07.2027,BMFTR
Gesundheitsregion Berlin-Buch e.V.,Berlin,Berlin,Berlin,1,153373.00,01.11.1999,31.10.2000,BMFTR
IOM Innovative Optische Messtechnik GmbH,Berlin,Berlin,Berlin,2,153372.00,01.09.2005,31.10.2009,BMFTR
Texas Instruments Berlin AG,Berlin,Berlin,Berlin,1,153296.00,01.07.1995,31.12.1997,BMFTR
Union Zur Förderung von Oel- und Proteinpflanzen (UFOP) e.V.,Berlin,Berlin,Berlin,2,153056.00,01.07.2000,31.12.2019,BMLEH
GIDA Gesellschaft für Integrierte Datenbankanwendungen mbH,Berlin,Berlin,Berlin,1,152962.00,01.10.1994,30.09.1997,BMFTR
DEGEWO Deutsche Gesellschaft zur Förderung des Wohnungsbaues gemeinnützige Aktiengesellschaft,Berlin,Berlin,Berlin,1,152887.00,01.07.2005,31.03.2006,BMWE
Daimler Financial Services AG,Berlin,Berlin,Berlin,1,152762.00,01.07.2001,30.06.2004,BMWE
Stiebel Eltron GmbH & Co. KG,Berlin,Berlin,Berlin,1,152160.00,01.05.1991,31.03.1994,BMFTR
Lufttechnik Schmeißer GmbH,Berlin,Berlin,Berlin,1,151693.00,01.09.2014,31.10.2018,BMWE
Huebner & Worm GmbH & Co. Entwicklungs- und Produktions KG,Berlin,Berlin,Berlin,2,151668.00,01.07.1982,31.12.1984,BMFTR
Gräbert GmbH,Berlin,Berlin,Berlin,1,151064.00,01.01.2025,31.12.2027,BMFTR
TINCON gGmbH,Berlin,Berlin,Berlin,1,150781.00,15.11.2016,31.08.2017,BMFTR
Heinlein Support GmbH,Berlin,Berlin,Berlin,1,150680.00,01.01.2016,30.04.2018,BMFTR
GAB-Umweltschutz Gesellschaft für Altstoffbeseitigung mbH,Berlin,Berlin,Berlin,1,150215.00,01.08.1988,31.07.1989,BMFTR
Stiftung Digitale Chancen,Berlin,Berlin,Berlin,1,150179.00,01.05.2020,31.10.2023,BMFTR
MEDNOVO Medical Software Solutions GmbH,Berlin,Berlin,Berlin,1,150158.00,01.09.2012,30.04.2016,BMFTR
Sleepy Seed oHG,Berlin,Berlin,Berlin,1,150150.00,01.06.2020,31.12.2022,BMFTR
"Mathe im Leben gemeinnützige GmbH c/o Freie Universität Berlin, AG Ziegler",Berlin,Berlin,Berlin,3,150092.00,01.10.2016,31.12.2025,BMFTR
Stiftung Brandenburger Tor der Landesbank Berlin Holding AG,Berlin,Berlin,Berlin,1,150000.00,01.01.2010,31.05.2011,BMFTR
Faszinaturen UG (haftungsbeschränkt),Berlin,Berlin,Berlin,1,150000.00,01.07.2024,31.12.2025,BMFTR
Oberberg GmbH,Berlin,Berlin,Berlin,1,150000.00,01.12.2024,31.05.2026,BMFTR
Oculyze Automation GmbH,Berlin,Berlin,Berlin,1,150000.00,01.12.2024,31.05.2026,BMFTR
"imcube media GmbH, c/o Technische Universität Berlin",Berlin,Berlin,Berlin,1,150000.00,01.06.2010,31.12.2010,BMWE
OMQ GmbH,Berlin,Berlin,Berlin,1,150000.00,01.08.2010,31.01.2012,BMWE
FirstFlow GmbH,Berlin,Berlin,Berlin,1,150000.00,01.08.2012,31.05.2013,BMWE
DexLeChem GmbH,Berlin,Berlin,Berlin,1,149999.00,01.04.2013,31.12.2013,BMWE
dolosys GmbH,Berlin,Berlin,Berlin,1,149998.00,01.06.2012,30.06.2013,BMWE
Behandlungszentrum für Folteropfer e.V.,Berlin,Berlin,Berlin,1,149994.00,01.01.2009,31.12.2010,BMFTR
parlamind GmbH,Berlin,Berlin,Berlin,1,149960.00,01.09.2017,31.05.2018,BMWE
kaleidemoskop GmbH,Berlin,Berlin,Berlin,1,149890.00,01.06.2024,30.11.2025,BMFTR
microparticles GmbH Forschungs- und Entwicklungslaboratorium,Berlin,Berlin,Berlin,1,149816.00,01.08.2013,31.12.2016,BMFTR
"Haus & Grund Deutschland - Zentralverband der Deutschen Haus-, Wohnungs- und Grundeigentümer e.V., Spitzenverband der privaten Wohnungswirtschaft",Berlin,Berlin,Berlin,1,149791.00,01.10.2022,31.12.2025,BMFTR
Moojaa GmbH,Berlin,Berlin,Berlin,1,149652.00,01.03.2012,31.03.2013,BMWE
Torten & Trompeten ? gemeinnützige Gesellschaft für Wissenschaftskommunikation mbH,Berlin,Berlin,Berlin,1,149460.00,01.10.2022,30.09.2023,BMFTR
abs concept gmbh berlin,Berlin,Berlin,Berlin,1,149447.00,01.10.2009,30.09.2012,BMFTR
Privates Forschungs- und Beratungsinstitut für angewandte Ethik und Tierschutz INSTET gGmbH,Berlin,Berlin,Berlin,1,148966.00,01.03.2015,14.03.2019,BMLEH
Verein Türkischer Unternehmer und Handwerker in Berlin e.V. (Türk Esnaf ve Zanaatkärlar Birligi),Berlin,Berlin,Berlin,1,148910.00,01.01.2009,31.12.2010,BMFTR
Hekate GmbH,Berlin,Berlin,Berlin,1,148675.00,01.10.2019,30.06.2020,BMFTR
European Alternatives Berlin e.V.,Berlin,Berlin,Berlin,1,148650.00,01.12.2020,30.11.2023,BMFTR
Verband der Deutschen Segelflugzeughersteller e.V.,Berlin,Berlin,Berlin,1,148622.00,01.03.1998,31.08.1999,BMWE
KI Park e.V.,Berlin,Berlin,Berlin,1,148416.00,01.08.2024,31.01.2026,BMFTR
Peppermint Holding GmbH,Berlin,Berlin,Berlin,2,148375.00,01.04.2013,30.06.2022,BMFTR
Fördergemeinschaft Ökologischer Landbau Berlin Brandenburg (FÖL) e.V.,Berlin,Berlin,Berlin,1,148268.00,01.11.2025,31.10.2028,BMLEH
Rohde & Schwarz SIT GmbH,Berlin,Berlin,Berlin,1,148100.00,01.07.2010,30.06.2012,BMFTR
Micronic GmbH,Berlin,Berlin,Berlin,1,147751.00,01.09.1982,31.12.1984,BMFTR
SK Sonnenklima GmbH,Berlin,Berlin,Berlin,1,147736.00,01.02.2008,31.01.2011,BMWE
KITE Design Research GmbH,Berlin,Berlin,Berlin,1,146998.00,01.11.2025,31.10.2029,BMFTR
Evangelischer Friedhofsverband Berlin Stadtmitte,Berlin,Berlin,Berlin,2,146985.00,01.09.2017,31.08.2022,BMUKN
ANOMALY GAMES UG (haftungsbeschränkt),Berlin,Berlin,Berlin,1,146922.00,01.09.2020,30.09.2021,BMFTR
Campus Cosmopolis e.V.,Berlin,Berlin,Berlin,1,146811.00,01.10.2019,30.11.2021,BMUKN
Pfeffermind Consulting GmbH,Berlin,Berlin,Berlin,1,146081.00,01.03.2025,29.02.2028,BMFTR
Dünnschicht-Technik Prof. Dr. H. Schwiecker GmbH,Berlin,Berlin,Berlin,1,145984.00,01.06.1990,30.11.1992,BMFTR
Kompetenznetzwerk Lithium-Ionen-Batterien e. V.,Berlin,Berlin,Berlin,1,144595.00,01.06.2023,31.05.2027,BMFTR
Ervin Germany GmbH,Berlin,Berlin,Berlin,1,144491.00,01.07.2022,30.06.2025,BMWE
Photonic Insights UG (haftungsbeschränkt),Berlin,Berlin,Berlin,1,144282.00,01.01.2022,31.12.2024,BMFTR
Axotek GmbH,Berlin,Berlin,Berlin,1,144255.00,01.06.2024,30.11.2025,BMFTR
Kreislauf- und Verwertungsagentur eG (KVa eG),Berlin,Berlin,Berlin,1,144133.00,01.07.2001,30.09.2004,BMFTR
Fugro Consult GmbH,Berlin,Berlin,Berlin,1,143781.00,01.05.2010,31.10.2013,BMFTR
ClUrb UG (haftungsbeschränkt),Berlin,Berlin,Berlin,1,143480.00,01.08.2024,31.01.2026,BMFTR
Jolocom GmbH,Berlin,Berlin,Berlin,3,143454.00,01.06.2020,30.11.2020,BMFTR
empact engineering GmbH,Berlin,Berlin,Berlin,1,143364.00,01.04.2021,30.06.2024,BMWE
Berliner Luft Technische Anlagen und Geräte GmbH,Berlin,Berlin,Berlin,2,143209.00,01.03.1993,31.12.1995,BMFTR
GEBIT Solutions GmbH,Berlin,Berlin,Berlin,1,142881.00,01.10.2003,31.12.2006,BMFTR
Convia GmbH,Berlin,Berlin,Berlin,1,142679.00,01.09.2017,31.12.2020,BMFTR
DOCXCELLENCE GMBH,Berlin,Berlin,Berlin,1,142639.00,01.08.2012,31.07.2015,BMFTR
Therycell GmbH,Berlin,Berlin,Berlin,1,142634.00,01.01.2025,30.09.2027,BMFTR
PiSA Partner für integrative Software-Applikationen GmbH,Berlin,Berlin,Berlin,1,142377.00,01.03.2006,31.12.2008,BMFTR
CDS Design & Software Vertriebs GmbH,Berlin,Berlin,Berlin,1,142129.00,01.07.2017,31.12.2020,BMFTR
TolaData GmbH,Berlin,Berlin,Berlin,1,141658.00,01.11.2024,30.04.2026,BMFTR
Biosilta Europe GmbH,Berlin,Berlin,Berlin,1,141592.00,01.04.2012,30.06.2015,BMFTR
Zimory GmbH,Berlin,Berlin,Berlin,2,141573.00,01.08.2013,31.08.2016,BMFTR
ABB AG,Berlin,Berlin,Berlin,1,141514.00,15.11.2010,15.11.2013,BMFTR
Lufthansa Aviation Training Operations Germany GmbH,Berlin,Berlin,Berlin,1,141357.00,01.10.2013,30.09.2016,BMFTR
Becon Classic GmbH,Berlin,Berlin,Berlin,2,141069.00,01.07.1990,31.12.1990,BMFTR
ECO REG Gesellschaft für Ecomanagement und Regionalentwicklung mbH,Berlin,Berlin,Berlin,1,140906.00,01.03.2007,30.06.2009,BMFTR
relayr GmbH,Berlin,Berlin,Berlin,1,140831.00,01.09.2016,31.12.2019,BMFTR
Cavorit Consulting GmbH,Berlin,Berlin,Berlin,1,140755.00,01.08.2024,31.01.2026,BMFTR
Spontaneous Order GmbH,Berlin,Berlin,Berlin,1,140566.00,01.10.2018,30.09.2021,BMFTR
Mikrobiologisches Labor Dr. Th. Bernhard,Berlin,Berlin,Berlin,3,140516.00,01.01.1988,30.06.1996,BMFTR
Adomeit Group GmbH,Berlin,Berlin,Berlin,1,140368.00,01.04.2017,30.06.2020,BMFTR
Nanolope GmbH,Berlin,Berlin,Berlin,1,140000.00,01.04.2026,30.09.2026,BMWE
Lichtspiel UG (haftungsbeschränkt),Berlin,Berlin,Berlin,1,139990.00,01.09.2020,30.09.2021,BMFTR
Deutsch-Russisches Forum e.V.,Berlin,Berlin,Berlin,4,139081.00,01.01.2012,30.11.2016,BMFTR
Fresh Energy GmbH,Berlin,Berlin,Berlin,1,138676.00,01.06.2019,30.09.2020,BMFTR
NBB Netzgesellschaft Berlin-Brandenburg mbH & Co. KG,Berlin,Berlin,Berlin,4,138538.00,01.09.2009,31.07.2017,BMFTR
REFNOW SMART-UP Microfactories GmbH,Berlin,Berlin,Berlin,1,137760.00,01.10.2024,30.09.2026,BMFTR
GFAD Systemhaus Aktiengesellschaft,Berlin,Berlin,Berlin,1,137667.00,01.03.2005,31.08.2007,BMFTR
BusinessValues IT-Services GmbH,Berlin,Berlin,Berlin,1,137557.00,01.01.2008,31.12.2010,BMFTR
coopolis GmbH,Berlin,Berlin,Berlin,1,137223.00,01.09.2025,31.08.2028,BMFTR
Skycharge GmbH,Berlin,Berlin,Berlin,1,137131.00,01.08.2022,31.12.2024,BMWE
Wissenschaftsforum Bildung und Gesellschaft (WIFO) e.V.,Berlin,Berlin,Berlin,3,137032.00,15.03.1993,22.12.1999,BMFTR
Asis Soft- und Hardware GmbH Automationstechnik Softwareentwicklung und Informationssysteme,Berlin,Berlin,Berlin,2,136988.00,01.09.2001,31.12.2004,BMFTR
IFTA AG,Berlin,Berlin,Berlin,1,136677.00,01.10.2023,31.03.2026,BMLEH
TÜV Ostdeutschland Sicherheit und Umweltschutz GmbH -- Unternehmensgruppe TÜV Rheinland/Berlin-- Brandenburg,Berlin,Berlin,Berlin,1,136668.00,01.08.1993,31.05.1996,BMFTR
Arbeiterwohlfahrt Kreisverband Berlin Spree-Wuhle e.V.,Berlin,Berlin,Berlin,1,136574.00,01.07.2026,30.06.2028,BMUKN
Goodlive GmbH,Berlin,Berlin,Berlin,1,135972.00,01.05.2024,31.10.2026,BMV
EXIT Adventures GmbH,Berlin,Berlin,Berlin,1,135791.00,15.07.2020,31.05.2021,BMFTR
Messe Berlin GmbH,Berlin,Berlin,Berlin,1,135578.00,02.11.2016,28.02.2017,BMLEH
Caritasverband für das Erzbistum Berlin e. V.,Berlin,Berlin,Berlin,1,135572.00,01.01.2024,31.12.2027,BMFTR
Food for Thought Media UG (haftungsbeschränkt),Berlin,Berlin,Berlin,1,135519.00,15.09.2022,31.07.2024,BMFTR
The unbelievable Machine Company GmbH,Berlin,Berlin,Berlin,2,135350.00,01.09.2009,31.12.2015,BMFTR
IHE Deutschland e.V.,Berlin,Berlin,Berlin,2,135301.00,01.08.2012,30.04.2016,"BMFTR, BMWE"
TÜV AI.Lab GmbH,Berlin,Berlin,Berlin,1,134892.00,01.03.2025,29.02.2028,BMWE
Wegweiser GmbH Berlin Wirtschaftsinformation und Marketing,Berlin,Berlin,Berlin,1,134725.00,01.10.2008,30.11.2009,BMFTR
Autonomos GmbH,Berlin,Berlin,Berlin,1,134643.00,01.01.2016,01.01.2017,BMFTR
Dussmann Service Deutschland GmbH,Berlin,Berlin,Berlin,2,134628.00,01.06.2011,30.09.2019,BMFTR
TGD-Türkische Gemeinde in Deutschland-Almanya Türk Toplumu e.V.,Berlin,Berlin,Berlin,2,134537.00,01.10.2011,31.12.2014,"BMFTR, BMV"
GAI NetConsult GmbH,Berlin,Berlin,Berlin,2,134524.00,01.10.2018,30.04.2026,BMWE
MASA-Decor GmbH & Co.,Berlin,Berlin,Berlin,1,134444.00,01.08.1996,30.09.1998,BMFTR
Wimedko GmbH,Berlin,Berlin,Berlin,1,134219.00,01.11.2020,31.12.2021,BMFTR
democ e.V.,Berlin,Berlin,Berlin,1,133593.00,01.06.2024,30.11.2025,BMFTR
Ingenieurtechnischer Verband (KDT) e.V.,Berlin,Berlin,Berlin,4,133526.00,15.12.1991,31.03.1996,BMFTR
Saygin & Stein engineering GmbH,Berlin,Berlin,Berlin,1,133460.00,01.07.2024,30.06.2026,BMFTR
BST International GmbH,Berlin,Berlin,Berlin,1,133142.00,01.06.1999,31.05.2002,BMFTR
Reusch Rechtsanwälte GmbH i. G.,Berlin,Berlin,Berlin,1,132807.00,01.07.2017,30.06.2019,BMFTR
Kelvin Green GmbH,Berlin,Berlin,Berlin,1,132705.00,01.03.2023,31.12.2023,BMWE
IBE Ingenieurbüro für Technische Informationssysteme Ehinger GmbH,Berlin,Berlin,Berlin,1,131613.00,01.10.1998,30.06.2002,BMFTR
LoeScap Technology GmbH,Berlin,Berlin,Berlin,1,131197.00,01.07.2010,31.10.2012,BMFTR
"IMR GmbH Ingenieurbüro für Meß- und Regeltechnik, Berlin",Berlin,Berlin,Berlin,2,131015.00,01.09.1986,31.12.1988,BMFTR
MGB Endoskopische Geräte GmbH Berlin,Berlin,Berlin,Berlin,1,130413.00,01.09.2001,30.11.2003,BMFTR
ACT Gesellschaft für Soft- und Hardwaresysteme mbH,Berlin,Berlin,Berlin,1,129555.00,01.06.1990,31.12.1990,BMFTR
Institute of Electronic Business e.V.,Berlin,Berlin,Berlin,1,129199.00,01.01.2009,30.06.2011,BMFTR
AWO pro:mensch gGmbH,Berlin,Berlin,Berlin,1,129046.00,01.04.2026,31.03.2028,BMUKN
algatec GmbH,Berlin,Berlin,Berlin,1,129045.00,01.06.2024,31.12.2025,BMFTR
EnviaTec Entwicklungsgesellschaft für Umweltinformations- und -managementsysteme mbH,Berlin,Berlin,Berlin,1,128825.00,01.04.2010,31.01.2013,BMFTR
Albatros gemeinnützige Gesellschaft für soziale und gesundheitliche Dienstleistungen mbH,Berlin,Berlin,Berlin,1,128744.00,01.12.2011,30.11.2014,BMFTR
"Arbeitsgemeinschaft PEB Planung, Energie- und Bautechnik GmbH/Südwind GbR/Wuseltronik GbR",Berlin,Berlin,Berlin,1,128614.00,01.02.1991,31.12.1993,BMWE
Zentralverband des Deutschen Baugewerbes e.V. (ZDB),Berlin,Berlin,Berlin,2,128171.00,01.05.2000,30.04.2004,BMFTR
Karl-Weierstrass-Institut für Mathematik,Berlin,Berlin,Berlin,1,127823.00,19.11.1991,31.12.1991,BMFTR
Sfw-Forschungs-GmbH,Berlin,Berlin,Berlin,1,127823.00,01.08.1990,31.12.1990,BMFTR
Historische Kommission zu Berlin e.V.,Berlin,Berlin,Berlin,2,127743.00,01.12.1978,31.12.1983,BMFTR
"LICEL, Lidar Computing and Electronics GmbH",Berlin,Berlin,Berlin,1,127582.00,01.03.2019,28.02.2022,BMFTR
HRpepper GmbH & Co. KGaA,Berlin,Berlin,Berlin,1,127399.00,01.04.2015,31.03.2017,BMFTR
Gerb Gesellschaft für Isolierung mbH & Co. KG,Berlin,Berlin,Berlin,1,127102.00,01.03.1979,30.06.1982,BMFTR
Medizintechnik Rostock GmbH,Berlin,Berlin,Berlin,1,126601.00,01.12.2012,31.05.2016,BMFTR
Media4Care GmbH,Berlin,Berlin,Berlin,1,126555.00,01.11.2015,31.10.2018,BMFTR
CODE Education GmbH - CODE University of Applied Sciences,Berlin,Berlin,Berlin,1,126500.00,01.05.2026,30.04.2027,BMWE
micropsi industries GmbH,Berlin,Berlin,Berlin,1,126450.00,01.07.2020,30.06.2022,BMFTR
SONEX GmbH,Berlin,Berlin,Berlin,1,126201.00,01.01.1995,30.06.1996,BMFTR
Blindleister GmbH,Berlin,Berlin,Berlin,1,126180.00,01.12.2025,31.08.2026,BMWE
DIN CERTCO Gesellschaft für Konformitätsbewertung mbH,Berlin,Berlin,Berlin,1,125664.00,15.08.2022,31.12.2025,BMLEH
Berliner Verkehrs-Consulting Gesellschaft mit beschränkter Haftung (BVC),Berlin,Berlin,Berlin,1,125420.00,15.11.1975,28.02.1977,BMWE
DB Sicherheit GmbH,Berlin,Berlin,Berlin,1,125192.00,01.08.2017,31.10.2020,BMV
CTM Fahrzeugbau Berlin GmbH,Berlin,Berlin,Berlin,1,125172.00,01.08.2022,31.07.2025,BMFTR
mediadesign Hochschule für Design und Informatik GmbH,Berlin,Berlin,Berlin,1,125000.00,01.09.2016,31.08.2017,BMWE
Städtisches Rudolf-Virchow-Krankenhaus Berlin,Berlin,Berlin,Berlin,2,124367.00,01.01.1974,31.12.1975,BMFTR
Peine Engineering GmbH,Berlin,Berlin,Berlin,1,123954.00,01.11.1986,31.12.1987,BMFTR
Biologische Beratung Limited,Berlin,Berlin,Berlin,1,123933.00,01.10.2013,28.02.2017,BMLEH
Arbeiterwohlfahrt Kreisverband Spandau e.V.,Berlin,Berlin,Berlin,1,123720.00,01.04.2026,30.04.2028,BMUKN
La Mont GmbH,Berlin,Berlin,Berlin,1,123678.00,01.03.2015,30.09.2017,BMFTR
CNH Industrial Baumaschinen GmbH,Berlin,Berlin,Berlin,1,123192.00,01.08.2008,31.07.2011,BMFTR
Staatliche Museen zu Berlin - Stiftung Preußischer Kulturbesitz,Berlin,Berlin,Berlin,1,123124.00,01.11.1992,31.03.1996,BMFTR
Gesellschaft für onkologische und immunologische Forschung e.V. am Krankenhaus Berlin-Moabit,Berlin,Berlin,Berlin,1,123089.00,01.07.1996,30.06.2000,BMFTR
AEG Kondensatoren und Wandler GmbH,Berlin,Berlin,Berlin,1,123008.00,01.10.1997,31.03.2000,BMFTR
Sozialdiakonische Arbeit Berlin GmbH,Berlin,Berlin,Berlin,2,122916.00,01.08.2017,31.12.2021,BMUKN
IfTA - Institut für Tierarzneimittel Berlin GmbH,Berlin,Berlin,Berlin,2,122910.00,01.01.1992,31.12.1992,BMFTR
shoutr labs UG (haftungsbeschränkt),Berlin,Berlin,Berlin,1,122805.00,01.11.2020,31.12.2021,BMFTR
mustard.games UG (haftungsbeschränkt),Berlin,Berlin,Berlin,2,122762.00,15.09.2020,31.05.2024,BMFTR
Deutsches Gründerinnen Forum e.V.,Berlin,Berlin,Berlin,1,122613.00,01.10.1997,31.12.1999,BMFTR
Avistra GmbH,Berlin,Berlin,Berlin,1,122589.00,01.01.2010,31.03.2013,BMFTR
Hearable Labs UG (haftungsbeschränkt),Berlin,Berlin,Berlin,1,122445.00,01.04.2021,31.08.2023,BMFTR
Aqua-Tek Gesellschaft für Biotechnologie und Anlagenbau mbH,Berlin,Berlin,Berlin,2,122123.00,01.08.1987,31.12.1989,BMFTR
Mirow Systemtechnik GmbH,Berlin,Berlin,Berlin,2,122002.00,01.01.2001,31.12.2011,BMFTR
gekko Gesellschaft für Kommunikation und Kooperation mit beschränkter Haftung,Berlin,Berlin,Berlin,1,121852.00,01.01.2016,28.02.2018,BMFTR
Borsig Service GmbH,Berlin,Berlin,Berlin,1,121741.00,01.03.2013,29.02.2016,BMFTR
Largentec Vertriebs GmbH,Berlin,Berlin,Berlin,1,121516.00,01.09.2021,30.11.2022,BMFTR
"Land Berlin, vertreten durch das Bezirksamt Steglitz-Zehlendorf",Berlin,Berlin,Berlin,3,121184.00,01.01.2014,31.07.2018,BMUKN
"Arbeitsgemeinschaft 10 Kwp-Solar-Anlage, vertreten durch EAB Energie-Anlagen Berlin GmbH",Berlin,Berlin,Berlin,1,121168.00,01.01.1988,31.12.1991,BMWE
ARCUS Eletronic Design Services GmbH,Berlin,Berlin,Berlin,1,120681.00,01.08.2016,31.07.2018,BMLEH
Charging Interface Initiative e. V.,Berlin,Berlin,Berlin,1,120492.00,01.11.2020,31.10.2022,BMV
Bezirksamt Reinickendorf von Berlin,Berlin,Berlin,Berlin,2,120438.00,01.07.2016,31.12.2022,BMFTR
Kids & Co - Verein zur Förderung von Kindern und Jugendlichen,Berlin,Berlin,Berlin,1,120425.00,01.10.2018,30.09.2020,BMUKN
binaere bauten GmbH,Berlin,Berlin,Berlin,1,120098.00,01.04.2016,30.06.2017,BMFTR
ICE Gateway GmbH,Berlin,Berlin,Berlin,1,119667.00,01.01.2016,31.12.2018,BMFTR
Dr. Thiedig & Co.,Berlin,Berlin,Berlin,1,119647.00,01.08.1988,30.11.1990,BMFTR
Pharmtrace klinische Entwicklung GmbH,Berlin,Berlin,Berlin,1,119637.00,01.07.2010,31.10.2012,BMFTR
BitTubes GmbH,Berlin,Berlin,Berlin,1,119062.00,01.06.2016,31.08.2018,BMFTR
factis GmbH,Berlin,Berlin,Berlin,1,118905.00,01.10.2008,30.11.2010,BMFTR
ADA Acoustics & Media Consultants GmbH,Berlin,Berlin,Berlin,2,118732.00,01.03.2017,28.02.2022,BMFTR
FCC FibreCableConnect GmbH,Berlin,Berlin,Berlin,1,118456.00,01.06.2012,31.05.2015,BMFTR
Tiny Crocodile Studios UG (haftungsbeschränkt),Berlin,Berlin,Berlin,1,118213.00,01.10.2021,30.09.2023,BMFTR
Dr. D. Debus/Dr. S.F. Luca,Berlin,Berlin,Berlin,1,118083.00,01.04.1987,30.11.1988,BMFTR
QUINTESSENZ Verlags-GmbH,Berlin,Berlin,Berlin,1,118030.00,01.07.2016,31.10.2018,BMFTR
Vattenfall Wasserkraft GmbH,Berlin,Berlin,Berlin,2,117984.00,01.07.2021,31.12.2028,"BMFTR, BMWE"
Kachelofen-Luftheizungsbauer Innung Berlin z.Hd. Herrn Gersdorf,Berlin,Berlin,Berlin,4,117656.00,01.09.1983,31.08.1987,BMFTR
Deutsche Gesellschaft für Sozialpädiatrie und Jugendmedizin,Berlin,Berlin,Berlin,1,117618.00,01.09.2024,28.02.2026,BMFTR
Softec Gesellschaft für Datentechnik mbH,Berlin,Berlin,Berlin,1,117603.00,01.10.1983,31.12.1984,BMFTR
CUROLED GmbH,Berlin,Berlin,Berlin,1,117572.00,01.09.2024,31.08.2027,BMFTR
TWG - The Webworker Group - Gesellschaft für Virtual Business Services mbH,Berlin,Berlin,Berlin,2,117407.00,01.11.1999,31.01.2006,BMFTR
Twilio Berlin GmbH,Berlin,Berlin,Berlin,2,117397.00,01.04.2017,31.08.2018,BMFTR
H2 Think gGmbH,Berlin,Berlin,Berlin,1,117320.00,01.01.2023,31.12.2023,BMV
MCube Consulting GmbH,Berlin,Berlin,Berlin,1,117003.00,01.01.2026,30.06.2027,BMV
seecon impact gGmbH,Berlin,Berlin,Berlin,1,116400.00,01.09.2025,31.08.2028,BMFTR
Systec Gesellschaft für Digital-Analog-Technik mbH,Berlin,Berlin,Berlin,3,116130.00,01.08.1982,31.12.1984,BMFTR
Zertificon Solutions GmbH,Berlin,Berlin,Berlin,1,115660.00,01.11.2004,31.10.2006,BMFTR
VISSEIRO GmbH,Berlin,Berlin,Berlin,1,115402.00,01.06.2022,31.05.2024,BMFTR
Lampe & Company GmbH & Co. KG,Berlin,Berlin,Berlin,1,115359.00,01.05.2024,30.04.2027,BMFTR
Fachverband Informationstechnologie Sozialwirtschaft und Sozialverwaltung e.V. abgekürzt FINSOZ,Berlin,Berlin,Berlin,1,114933.00,01.11.2013,31.10.2016,BMWE
Arbeitsgemeinschaft Deutscher Technologie- und Gründerzentren (ADT),Berlin,Berlin,Berlin,1,114097.00,01.10.1990,31.12.1990,BMFTR
D'Angelico Acoustic Consult,Berlin,Berlin,Berlin,1,113963.00,01.02.2010,30.09.2011,BMV
Ruwisch & Kollegen Gesellschaft mit beschränkter Haftung,Berlin,Berlin,Berlin,1,113958.00,01.09.2009,31.12.2012,BMFTR
E.R.D.E.-AAK-Diagnostik Gesellschaft mit beschränkter Haftung,Berlin,Berlin,Berlin,1,113694.00,01.04.2009,31.12.2012,BMFTR
PacketVideo Germany GmbH,Berlin,Berlin,Berlin,1,113692.00,01.10.2006,30.11.2007,BMFTR
dotch GmbH,Berlin,Berlin,Berlin,1,113686.00,01.02.2026,31.01.2028,BMFTR
insel-projekt.berlin UG (haftungsbeschränkt),Berlin,Berlin,Berlin,1,113654.00,01.05.2020,30.04.2022,BMFTR
solar e.V.,Berlin,Berlin,Berlin,1,112872.00,01.08.2017,31.07.2019,BMUKN
Berliner Frauenbund 1945 e.V.,Berlin,Berlin,Berlin,1,112835.00,01.11.2015,31.12.2018,BMFTR
SEPSERV Seperation Service Berlin Vertriebsgesellschaft Dr. Eppert & Co.,Berlin,Berlin,Berlin,1,112793.00,01.01.1999,31.12.2003,BMFTR
Verein zur Förderung von Studierenden der Medizin und ihrer Grenzgebiete und jungen Ärztinnen und Ärzten e.V.,Berlin,Berlin,Berlin,5,112485.00,01.10.1993,31.12.1999,BMFTR
Attensys.io GmbH,Berlin,Berlin,Berlin,1,112209.00,01.11.2017,31.10.2018,BMFTR
studio klv GmbH & Co. KG,Berlin,Berlin,Berlin,1,111819.00,01.07.2016,30.06.2019,BMFTR
Dreamblast UG (haftungsbeschränkt),Berlin,Berlin,Berlin,1,111754.00,01.10.2020,31.10.2021,BMFTR
Dachverband Deutscher Immobilienverwalter e.V.,Berlin,Berlin,Berlin,1,111690.00,01.02.2016,31.01.2019,BMUKN
Förderverein zusammen wachsen - Unterstützung für die himmelbeet gemeinnützige GmbH e.V.,Berlin,Berlin,Berlin,1,111641.00,01.12.2017,30.11.2019,BMUKN
"plarewa Ingenieurgesellschaft für Planung, Realisierung und Wartung betriebs- und bautechnischer Anlagen mbH",Berlin,Berlin,Berlin,1,111314.00,01.09.2014,31.08.2016,BMFTR
"E.F.G., ELEKTROTECHNISCHE FABRIKATIONS- UND GROSSHANDELS-GESELLSCHAFT MIT BESCHRÄNKTER Haftung",Berlin,Berlin,Berlin,1,111247.00,01.05.1982,30.06.1984,BMFTR
Eurovia Beton GmbH,Berlin,Berlin,Berlin,1,110656.00,01.09.2014,30.09.2019,BMFTR
Ohmnum UG (haftungsbeschränkt),Berlin,Berlin,Berlin,1,110403.00,01.04.2026,29.02.2028,BMFTR
Endava Berlin GmbH,Berlin,Berlin,Berlin,1,110398.00,15.07.2020,14.01.2021,BMFTR
SEB System Elektronik GmbH Berlin,Berlin,Berlin,Berlin,1,110385.00,01.03.1995,31.10.1996,BMFTR
USEEDS GmbH,Berlin,Berlin,Berlin,1,110332.00,01.12.2012,29.02.2016,BMWE
Gesellschaft zur Förderung von Bildungsforschung und Qualifizierung mbH,Berlin,Berlin,Berlin,1,110203.00,01.07.2021,31.12.2022,BMFTR
Bruker Nano GmbH,Berlin,Berlin,Berlin,2,109699.00,01.10.2018,28.02.2027,BMWE
ITU-Ingenieurgemeinschaft Technischer Umweltschutz GmbH,Berlin,Berlin,Berlin,1,109273.00,01.10.1995,31.12.1998,BMFTR
System Electronic GmbH,Berlin,Berlin,Berlin,1,108817.00,01.04.1980,30.09.1981,BMFTR
Anne Frank Zentrum e.V.,Berlin,Berlin,Berlin,2,108636.00,15.07.2015,31.12.2024,BMFTR
Verein für Umweltchemie e.V.,Berlin,Berlin,Berlin,1,108296.00,01.02.1997,15.10.1998,BMFTR
Bundesverband der Pharmaziestudierenden in Deutschland e.V.,Berlin,Berlin,Berlin,14,108217.00,01.10.2005,30.06.2022,BMFTR
ASPHALTA Prüf- und Forschungslaboratorium GmbH,Berlin,Berlin,Berlin,1,108106.00,01.07.2015,31.12.2018,BMFTR
"IVU-Gesellschaft für Informatik, Verkehrs- und Umweltplanung mit beschränkter Haftung",Berlin,Berlin,Berlin,1,108024.00,01.10.1995,31.12.1996,BMWE
Lüth & Dümchen-Automatisierungsprojekt GmbH,Berlin,Berlin,Berlin,1,108000.00,01.04.2011,31.12.2014,BMLEH
FUGON Gesellschaft für Funkkommunikation und Goniometrie mbH,Berlin,Berlin,Berlin,1,107807.00,01.12.1993,31.12.1996,BMFTR
Sanofi-Aventis Deutschland GmbH,Berlin,Berlin,Berlin,1,107763.00,01.06.2000,30.11.2002,BMFTR
Ela GmbH,Berlin,Berlin,Berlin,1,107744.00,01.10.1987,30.09.1989,BMFTR
Bund Deutscher Kriminalbeamter e.V.,Berlin,Berlin,Berlin,1,107630.00,01.04.2015,28.02.2018,BMFTR
DIN Solutions GmbH,Berlin,Berlin,Berlin,1,107294.00,01.02.2025,31.01.2028,BMFTR
MSA Deutschland GmbH,Berlin,Berlin,Berlin,1,107067.00,01.01.2008,31.12.2010,BMFTR
Initiative Psychologie im Umweltschutz (IPU) e.V.,Berlin,Berlin,Berlin,15,106962.00,01.10.1998,30.06.2016,BMFTR
wilhelm innovative medien GmbH,Berlin,Berlin,Berlin,1,106922.00,01.09.2017,31.12.2020,BMUKN
INVICOL GmbH,Berlin,Berlin,Berlin,1,106865.00,01.07.2021,31.12.2021,BMFTR
August Storck KG,Berlin,Berlin,Berlin,1,106434.00,01.01.1992,31.03.1993,BMFTR
Deutsche Gesellschaft für Sonnenenergie e.V. (DGS),Berlin,Berlin,Berlin,1,106249.00,07.08.1991,31.12.1996,BMWE
100 prozent erneuerbar stiftung,Berlin,Berlin,Berlin,2,106110.00,01.10.2021,30.09.2025,"BMFTR, BMWE"
International Transfercenter for Logistics (ITCL) GmbH,Berlin,Berlin,Berlin,1,106073.00,01.01.2024,31.12.2026,BMV
OSTAKON GmbH,Berlin,Berlin,Berlin,1,105692.00,01.09.2023,31.05.2025,BMV
Autohaus Körner GmbH,Berlin,Berlin,Berlin,1,105600.00,15.11.2021,31.12.2023,BMV
Erzbistum Berlin,Berlin,Berlin,Berlin,2,105006.00,01.10.2009,31.07.2025,BMUKN
Partou eG,Berlin,Berlin,Berlin,1,104975.00,01.04.2015,31.03.2017,BMFTR
Stiftung Digitale Spielekultur gGmbH,Berlin,Berlin,Berlin,1,104932.00,01.12.2021,30.09.2022,BMFTR
Keb Computer Kommunikations-Elektronik GmbH,Berlin,Berlin,Berlin,1,104897.00,01.03.1983,31.12.1984,BMFTR
KJK Health Care Beteiligungsgesellschaft mbH,Berlin,Berlin,Berlin,1,104767.00,01.01.2026,31.12.2027,BMFTR
Perschmann Digital Solutions GmbH,Berlin,Berlin,Berlin,1,104011.00,01.12.2015,30.11.2018,BMFTR
DB Fahrwegdienste GmbH,Berlin,Berlin,Berlin,1,103801.00,01.09.2019,31.05.2022,BMV
Lyrebird Game + Audio GmbH,Berlin,Berlin,Berlin,1,103383.00,01.08.2020,28.02.2021,BMFTR
Johanniter GmbH,Berlin,Berlin,Berlin,2,103151.00,01.10.2025,31.10.2028,BMFTR
STADT ALS CAMPUS e.V.,Berlin,Berlin,Berlin,1,102911.00,15.03.2015,31.12.2015,BMFTR
Institute for Art and Innovation e.V.,Berlin,Berlin,Berlin,1,102904.00,01.01.2025,31.12.2027,BMFTR
Limmer Laser GmbH,Berlin,Berlin,Berlin,1,102590.00,01.02.2020,30.04.2022,BMFTR
Institut für Automatisierung Berlin (IfA),Berlin,Berlin,Berlin,2,102565.00,01.07.1991,31.12.1991,BMFTR
ISE Internationales Institut für Staats- und Europawissenschaften GmbH,Berlin,Berlin,Berlin,1,102366.00,01.06.2008,31.01.2010,BMFTR
DSI - Data Science Institute GmbH,Berlin,Berlin,Berlin,1,102358.00,01.03.2026,30.11.2027,BMFTR
TokenForge GmbH,Berlin,Berlin,Berlin,1,102354.00,01.03.2024,31.12.2025,BMFTR
Pharma-Dokumentationsring e.V.,Berlin,Berlin,Berlin,2,102258.00,01.01.1977,31.12.1978,BMFTR
Betriebsforschungsinstitut Metallurgie GmbH,Berlin,Berlin,Berlin,1,102258.00,01.07.1990,31.12.1990,BMFTR
BSMO Business Solutions Medicine Online GmbH,Berlin,Berlin,Berlin,1,102210.00,01.01.1999,31.12.2004,BMFTR
Institut für Wissenschaftsinformation in der Medizin (IWIM),Berlin,Berlin,Berlin,1,102120.00,15.11.1990,31.12.1990,BMFTR
Fashion Revolution Germany e. V.,Berlin,Berlin,Berlin,1,102020.00,01.05.2026,31.10.2027,BMFTR
NESTOR - Bildungsinstitut GmbH,Berlin,Berlin,Berlin,2,102000.00,01.06.2011,31.12.2012,BMFTR
W & S Textil Gesellschaft mit beschränkter Haftung,Berlin,Berlin,Berlin,1,101996.00,01.04.2005,30.06.2006,BMFTR
Brau- & Malzindustrie GmbH,Berlin,Berlin,Berlin,3,101911.00,01.07.1990,31.12.1991,BMFTR
Business Angels Deutschland (BAND) e.V.,Berlin,Berlin,Berlin,1,101762.00,01.09.2015,31.08.2018,BMUKN
PROMESS Gesellschaft für produktionstechnisches Messen mit beschränkter Haftung,Berlin,Berlin,Berlin,1,101531.00,01.02.1994,31.12.1996,BMFTR
KARL WEISS Technologies GmbH,Berlin,Berlin,Berlin,1,101453.00,01.09.2007,30.11.2010,BMFTR
Deutsches Verpackungsinstitut e.V.,Berlin,Berlin,Berlin,1,101423.00,01.09.2022,31.08.2025,BMFTR
da-ViKo Gesellschaft für digitale audiovisuelle Kommunikation mbH,Berlin,Berlin,Berlin,1,101415.00,01.05.2012,30.09.2015,BMFTR
Studentenwerk Berlin,Berlin,Berlin,Berlin,1,101389.00,01.10.1984,31.05.1996,BMFTR
"Mikrocomputer-Schule in Berlin, Dr. Krohn & Stiller oHG",Berlin,Berlin,Berlin,1,101256.00,01.03.1982,31.12.1984,BMFTR
Kowalski Unterwasserlampen GmbH,Berlin,Berlin,Berlin,1,101240.00,01.07.2011,31.01.2014,BMFTR
MSD Invest GmbH & Co HOGA Beratungs- und Verwaltungs KG,Berlin,Berlin,Berlin,1,101226.00,01.06.2002,30.06.2005,BMFTR
Marshmallow Fort GmbH,Berlin,Berlin,Berlin,1,101141.00,01.05.2020,30.06.2021,BMFTR
eagle eye technologies GmbH,Berlin,Berlin,Berlin,1,101111.00,01.01.2020,31.12.2021,BMV
"Deutsche Gesellschaft, eingetragener Verein zur Förderung politischer, kultureller und sozialer Beziehungen in Europa",Berlin,Berlin,Berlin,1,100658.00,01.10.2013,31.12.2015,BMUKN
ADW - Heinrich-Hertz-Institut für Atmosphärenforschung und Geomagnetismus,Berlin,Berlin,Berlin,4,100530.00,01.09.1990,31.12.1991,BMFTR
Deutscher Verein für Kunstwissenschaft e.V.,Berlin,Berlin,Berlin,1,100417.00,01.01.1974,31.12.1974,BMFTR
Tracks GmbH,Berlin,Berlin,Berlin,2,99992.00,01.11.2020,30.11.2021,BMV
SÖSTRA Sozialökonomische Strukturanalysen GmbH,Berlin,Berlin,Berlin,1,99976.00,01.01.2016,31.12.2017,BMLEH
Wear It Berlin UG (haftungsbeschränkt),Berlin,Berlin,Berlin,1,99967.00,01.01.2017,30.11.2017,BMFTR
Institut für Europäische Politik e. V.,Berlin,Berlin,Berlin,1,99939.00,01.12.2021,31.05.2023,BMFTR
Gemeinnützige Gesellschaft TÜV Rheinland Bildungswerk mbH,Berlin,Berlin,Berlin,1,99905.00,01.10.2002,30.09.2004,BMFTR
EuroArts Music International GmbH,Berlin,Berlin,Berlin,1,99887.00,01.06.2019,29.02.2020,BMFTR
VLM Health UG (haftungsbeschränkt),Berlin,Berlin,Berlin,1,99815.00,01.07.2018,31.03.2019,BMFTR
Contipark Parkgaragengesellschaft mit beschränkter Haftung,Berlin,Berlin,Berlin,2,99722.00,01.09.2009,31.12.2013,BMV
Bezirksamt Spandau von Berlin,Berlin,Berlin,Berlin,1,99702.00,01.08.2001,31.07.2002,BMFTR
Berlin Cures GmbH,Berlin,Berlin,Berlin,1,99540.00,01.03.2016,28.02.2019,BMFTR
zkSystems GmbH,Berlin,Berlin,Berlin,1,99402.00,01.07.2020,28.02.2021,BMFTR
GroovIT GmbH,Berlin,Berlin,Berlin,1,99307.00,01.06.2022,31.08.2023,BMFTR
TQsoft GmbH,Berlin,Berlin,Berlin,1,99192.00,01.11.2008,31.01.2011,BMFTR
Out of the Box Games UG (haftungsbeschränkt) c/o Jan Baarß,Berlin,Berlin,Berlin,1,99106.00,01.06.2020,30.06.2022,BMFTR
enclaive GmbH,Berlin,Berlin,Berlin,1,99048.00,01.01.2026,31.12.2028,BMFTR
INGWERK GmbH,Berlin,Berlin,Berlin,1,99014.00,01.01.2018,31.12.2018,BMFTR
Heliowatt Werke Elektrizitäts-Gesellschaft mbH,Berlin,Berlin,Berlin,1,98949.00,01.04.1982,31.12.1984,BMFTR
KIProtect GmbH,Berlin,Berlin,Berlin,2,98858.00,01.01.2020,14.12.2025,BMFTR
SOLON SE,Berlin,Berlin,Berlin,1,98745.00,01.10.2009,30.09.2011,BMV
Hüttenwerke Tempelhof GmbH & Co. KG,Berlin,Berlin,Berlin,1,98742.00,01.01.1985,31.12.1988,BMFTR
COREEN R&D GmbH,Berlin,Berlin,Berlin,1,98279.00,01.09.2017,31.07.2018,BMFTR
St. Joseph Krankenhaus Berlin-Tempelhof GmbH,Berlin,Berlin,Berlin,1,97978.00,01.02.2023,30.04.2026,BMFTR
ADW - Wissenschaftliches Informationszentrum,Berlin,Berlin,Berlin,2,97941.00,01.10.1990,31.12.1991,BMFTR
VW-GEDAS Projektmanagement oHG,Berlin,Berlin,Berlin,1,97644.00,01.07.1991,30.06.1994,BMFTR
EMPAIA International e.V.,Berlin,Berlin,Berlin,1,97619.00,01.04.2025,31.05.2026,BMFTR
BENOCS GmbH,Berlin,Berlin,Berlin,1,97590.00,15.08.2021,31.12.2024,BMFTR
Evelix Technology GmbH,Berlin,Berlin,Berlin,1,97570.00,01.10.2020,31.07.2021,BMV
Bernhardt Kunststoffverarbeitungs GmbH,Berlin,Berlin,Berlin,2,97523.00,01.06.2019,31.03.2022,BMFTR
IEGUS - Institut für europäische Gesundheits- und Sozialwirtschaft GmbH,Berlin,Berlin,Berlin,1,97233.00,01.10.2017,30.09.2019,BMFTR
Frontiers of Fantasy GmbH,Berlin,Berlin,Berlin,1,97024.00,01.05.2022,31.08.2023,BMFTR
UMB Umwelt Management Beratung Hacker GmbH,Berlin,Berlin,Berlin,1,96998.00,01.01.1989,30.06.1990,BMWE
HOWOGE Wohnungsbaugesellschaft mit beschränkter Haftung,Berlin,Berlin,Berlin,2,96637.00,15.10.2016,28.02.2030,BMFTR
Berolina Elektronik Beratungs- und Vertriebs GmbH,Berlin,Berlin,Berlin,1,96561.00,01.12.1982,31.12.1984,BMFTR
TPWD AG,Berlin,Berlin,Berlin,1,95807.00,01.05.2020,31.07.2023,BMFTR
"Deutscher Naturschutzring, Dachverband der deutschen Natur-, Tier- und Umweltschutzorganisationen (DNR) e.V.",Berlin,Berlin,Berlin,1,95676.00,01.11.2021,30.04.2025,BMFTR
BERLINER WASSERBETRIEBE AöR,Berlin,Berlin,Berlin,1,95468.00,01.05.2025,30.04.2028,BMFTR
RKW Berlin GmbH Rationalisierungs- und Innovationszentrum,Berlin,Berlin,Berlin,1,95395.00,01.03.2008,30.04.2011,BMFTR
Urban Cargo FMRP Unternehmergesellschaft (haftungsbeschränkt),Berlin,Berlin,Berlin,1,95201.00,26.01.2018,31.03.2020,BMV
Ökofrost GmbH,Berlin,Berlin,Berlin,1,94707.00,01.01.2025,31.12.2027,BMLEH
W. Flaechsner & Co. GmbH,Berlin,Berlin,Berlin,1,94451.00,01.09.1978,30.06.1979,BMFTR
Universal-Kugellager-Fabrik GmbH,Berlin,Berlin,Berlin,2,94443.00,01.10.1978,31.12.1984,BMFTR
Purple Sloth Studio eG,Berlin,Berlin,Berlin,1,94331.00,01.07.2023,30.09.2024,BMFTR
Humboldt-Gymnasium Berlin,Berlin,Berlin,Berlin,2,94180.00,01.03.2005,31.12.2006,BMFTR
EBG Elektromontage Berlin GmbH,Berlin,Berlin,Berlin,1,92925.00,01.01.1994,31.10.1996,BMFTR
NEURON - Intelligente Gebäude GmbH,Berlin,Berlin,Berlin,1,92538.00,01.10.2025,30.09.2028,BMFTR
Labor für angewandte Musik e.V.,Berlin,Berlin,Berlin,1,92056.00,01.10.2004,30.09.2005,BMFTR
Deutsches Seminar für Fremdenverkehr (DSF),Berlin,Berlin,Berlin,1,92050.00,01.07.1990,31.12.1990,BMFTR
Guardini-Stiftung,Berlin,Berlin,Berlin,1,92033.00,01.04.1993,31.12.1995,BMFTR
Mikado Gesellschaft für Mikrocomputer-Anwendungen in Datenverarbeitung und Organisation mbH,Berlin,Berlin,Berlin,1,92033.00,01.04.1983,31.12.1984,BMFTR
Arbeitsstelle für Bibliothekstechnik bei der Staatsbibliothek Preußischer Kulturbesitz Berlin,Berlin,Berlin,Berlin,1,92029.00,01.08.1974,31.12.1975,BMFTR
DEMOS E-Partizipation GmbH,Berlin,Berlin,Berlin,1,92006.00,15.04.2019,16.08.2019,BMFTR
"Bundesverband Deutscher Innovations-, Technologie- und Gründerzentren e.V.",Berlin,Berlin,Berlin,1,91841.00,01.07.2013,28.02.2017,BMUKN
Paradigma Software GmbH,Berlin,Berlin,Berlin,1,91502.00,01.01.2013,30.06.2015,BMFTR
Schmidtchen & Co. GmbH & Co. KG,Berlin,Berlin,Berlin,3,91070.00,01.06.1984,30.06.1992,BMFTR
meliorate GmbH,Berlin,Berlin,Berlin,1,90723.00,01.04.2021,31.03.2024,BMWE
GKV-Spitzenverband,Berlin,Berlin,Berlin,1,90636.00,01.06.2021,31.08.2024,BMFTR
Z & B Gesellschaft für angewandte Computertechnologie mbH,Berlin,Berlin,Berlin,1,90611.00,01.04.1990,30.09.1992,BMFTR
Altavier Informationssysteme und Consulting GmbH,Berlin,Berlin,Berlin,1,90567.00,01.01.2004,30.04.2006,BMFTR
MEGA International GmbH,Berlin,Berlin,Berlin,1,90442.00,01.04.2007,30.11.2008,BMFTR
EMR Industrielle Zerspanungstechnik GmbH,Berlin,Berlin,Berlin,1,90417.00,01.05.2012,30.11.2015,BMLEH
BeKa Heiz- und Kühlmatten GmbH,Berlin,Berlin,Berlin,1,90309.00,01.09.2021,30.06.2024,BMWE
Modeinstitut Berlin GmbH,Berlin,Berlin,Berlin,1,90253.00,01.07.1990,31.12.1990,BMFTR
ViGo Bioenergy GmbH,Berlin,Berlin,Berlin,1,90242.00,01.10.2019,31.05.2023,BMFTR
Weissensee Druckguß GmbH,Berlin,Berlin,Berlin,2,90090.00,01.08.1992,31.03.1996,BMFTR
AiSight GmbH,Berlin,Berlin,Berlin,1,89933.00,01.10.2020,30.09.2021,BMFTR
Nullachtvierzehn UG (haftungsbeschränkt),Berlin,Berlin,Berlin,1,89735.00,15.12.2021,15.12.2023,BMFTR
Solfas Technologie GmbH,Berlin,Berlin,Berlin,1,89471.00,01.09.2018,30.11.2022,BMFTR
RAND Europe Berlin GmbH,Berlin,Berlin,Berlin,1,89457.00,01.08.2003,30.06.2006,BMWE
MDL Mobility Data Lab GmbH,Berlin,Berlin,Berlin,1,89205.00,01.07.2017,30.06.2018,BMV
MSA Technologies and Enterprise Services GmbH,Berlin,Berlin,Berlin,1,89036.00,01.01.2023,30.06.2026,BMWE
Evangelisches Johannesstift,Berlin,Berlin,Berlin,3,89014.00,14.01.1991,30.11.2014,"BMFTR, BMUKN"
Deutsche Sepsis-Hilfe e.V.,Berlin,Berlin,Berlin,1,88999.00,01.10.2025,31.12.2027,BMFTR
Barg Betontechnik und -instandsetzungs GmbH & Co. KG,Berlin,Berlin,Berlin,1,88792.00,01.02.2017,31.12.2019,BMFTR
Institut für Energie- und RessourcenInnovation (INERI),Berlin,Berlin,Berlin,1,88548.00,01.04.2019,31.03.2021,BMLEH
indielux GmbH,Berlin,Berlin,Berlin,1,88288.00,01.08.2020,31.07.2023,BMWE
ONSEI GmbH,Berlin,Berlin,Berlin,1,88239.00,01.04.2020,30.09.2023,BMFTR
Bundesarbeitsgemeinschaft der Berufsbildungswerke (BAG BBW) e.V.,Berlin,Berlin,Berlin,2,87544.00,01.09.2011,31.01.2014,BMFTR
Meander Interactive UG (haftungsbeschränkt),Berlin,Berlin,Berlin,1,87320.00,01.03.2025,29.02.2028,BMFTR
BBB Infrastruktur GmbH & Co. KG,Berlin,Berlin,Berlin,4,87176.00,01.01.2015,31.12.2019,BMUKN
Technische Universität Berlin - Arbeitsgemeinschaft Hochschultage Berufliche Bildung,Berlin,Berlin,Berlin,1,86920.00,15.06.1990,31.12.1990,BMFTR
AnaKat Institut für Biotechnologie GmbH,Berlin,Berlin,Berlin,2,86635.00,01.03.1992,31.12.1994,BMFTR
PEF Planungszentrum Energie- und Fernwärme GmbH,Berlin,Berlin,Berlin,1,85897.00,01.10.1995,31.01.1998,BMWE
Anti-Drogen-Verein e.V.,Berlin,Berlin,Berlin,5,85587.00,01.09.1985,31.12.1987,BMFTR
NEUROTEC Hochtechnologie GmbH,Berlin,Berlin,Berlin,1,85053.00,01.04.1994,30.06.1995,BMFTR
Blue Bird Technologies GmbH,Berlin,Berlin,Berlin,1,85026.00,01.09.2017,31.10.2018,BMFTR
Public Art Lab e.V.,Berlin,Berlin,Berlin,1,85000.00,01.03.2011,31.10.2011,BMFTR
ZENDOME GmbH,Berlin,Berlin,Berlin,1,84998.00,01.10.2010,31.08.2011,BMFTR
I D Z - Internationales Design Zentrum Berlin e.V.,Berlin,Berlin,Berlin,1,84925.00,01.01.2004,30.06.2004,BMFTR
Technik Spezial GmbH,Berlin,Berlin,Berlin,1,84662.00,01.09.1977,31.03.1980,BMFTR
TSB Innovationsagentur Berlin GmbH,Berlin,Berlin,Berlin,1,84583.00,01.09.2012,30.04.2013,BMFTR
Europäische Vereinigung für Aktives Anti-Aging e.V.,Berlin,Berlin,Berlin,1,84546.00,01.08.2004,31.01.2005,BMFTR
CDP Worldwide (Europe) gemeinnützige GmbH,Berlin,Berlin,Berlin,1,84380.00,01.11.2012,28.02.2014,BMUKN
Speaxel UG (haftungsbeschränkt),Berlin,Berlin,Berlin,1,84360.00,01.12.2020,31.05.2022,BMFTR
QMT Quality Management Technology GmbH,Berlin,Berlin,Berlin,1,84265.00,01.07.1994,30.06.1996,BMFTR
gedas telematics GmbH,Berlin,Berlin,Berlin,1,84238.00,01.05.1998,31.12.2000,BMWE
GETAWAY GmbH,Berlin,Berlin,Berlin,1,84195.00,15.05.2019,14.05.2023,BMFTR
Pidoco GmbH,Berlin,Berlin,Berlin,1,84157.00,01.06.2012,31.05.2014,BMFTR
VISIONKEEPER UG (haftungsbeschränkt),Berlin,Berlin,Berlin,1,84008.00,01.01.2023,30.04.2024,BMFTR
C. Hasse & Wrede GmbH,Berlin,Berlin,Berlin,2,84007.00,01.02.1979,31.08.1985,BMFTR
3s-Elektronik GmbH,Berlin,Berlin,Berlin,1,83949.00,01.01.1982,31.03.1984,BMFTR
Bundesverband Digitale Wirtschaft (BVDW) e.V.,Berlin,Berlin,Berlin,1,83905.00,01.10.2023,30.09.2026,BMFTR
eonas IT- Beratung und Entwicklung GmbH,Berlin,Berlin,Berlin,1,83888.00,01.02.2017,31.01.2020,BMFTR
Schuetz Messtechnik GmbH,Berlin,Berlin,Berlin,3,83172.00,01.03.1982,31.12.1984,BMFTR
Berolina Beteiligungs- und Unternehmensberatungsgesellschaft mbH,Berlin,Berlin,Berlin,1,83071.00,01.12.2003,31.05.2006,BMFTR
Korsch Maschinenfabrik,Berlin,Berlin,Berlin,1,82971.00,01.09.1988,31.08.1990,BMFTR
TechnoLab Gesellschaft für Elektronikindustrie-Service mbH,Berlin,Berlin,Berlin,1,82770.00,01.04.2011,30.09.2014,BMFTR
Aufwind - Verein für Aufsuchende Erziehungshilfen e.V.,Berlin,Berlin,Berlin,1,82746.00,01.04.2020,31.12.2022,BMFTR
Xinnovations e.V.,Berlin,Berlin,Berlin,1,82687.00,01.07.2012,31.12.2012,BMFTR
freier zusammenschluss von student*innenschaften e.V.,Berlin,Berlin,Berlin,3,82600.00,01.09.2023,31.07.2026,BMFTR
Epsilon Gesellschaft für Softwaretechnik und Systementwicklung mbH,Berlin,Berlin,Berlin,1,82283.00,01.01.1982,31.03.1984,BMFTR
elena international GmbH,Berlin,Berlin,Berlin,1,81925.00,01.05.2020,31.03.2024,BMWE
Deutsche Industrieforschungsgemeinschaft Konrad Zuse e. V.,Berlin,Berlin,Berlin,1,81338.00,01.12.2016,31.05.2019,BMFTR
Fernsteuergeräte Kurt Oelsch GmbH,Berlin,Berlin,Berlin,1,80972.00,01.10.2008,30.06.2012,BMFTR
LMT Lichtmesstechnik GmbH Berlin & Co. Gerätebau KG,Berlin,Berlin,Berlin,3,80927.00,01.03.1982,31.05.1988,BMFTR
Walter Hanke Mechanische Werkstätten GmbH & Co. KG,Berlin,Berlin,Berlin,1,80757.00,01.08.1982,31.12.1984,BMFTR
Berlin 21,Berlin,Berlin,Berlin,1,80748.00,01.09.2017,31.08.2019,BMUKN
Datenflug GmbH,Berlin,Berlin,Berlin,1,80207.00,01.10.2014,30.09.2017,BMFTR
Sozialdiakonische Arbeit Lichtenberg-Oberspree GmbH,Berlin,Berlin,Berlin,2,80039.00,01.11.2015,07.04.2019,BMUKN
O & K Orenstein & Koppel GmbH,Berlin,Berlin,Berlin,1,79907.00,01.06.1978,31.12.1983,BMWE
interActive Systems Gesellschaft für interaktive Medien mbH,Berlin,Berlin,Berlin,1,79869.00,01.03.2013,29.02.2016,BMFTR
Büro- und Technik CVU-GmbH Berlin,Berlin,Berlin,Berlin,1,79848.00,01.02.1998,30.04.2000,BMFTR
Kt-Elektronik Braeutigam und Klaucke,Berlin,Berlin,Berlin,2,79798.00,01.09.1983,31.12.1992,BMFTR
"Forschungsanstalt für Schifffahrt, Wasser- und Grundbau",Berlin,Berlin,Berlin,1,79426.00,01.09.1990,31.12.1990,BMFTR
GEVA Gesellschaft für Entwicklung und Versuch Adlershof mbH,Berlin,Berlin,Berlin,1,79382.00,01.07.2002,31.12.2005,BMFTR
ADW - Verwaltungs- und Dienstleistungseinrichtung Berlin-Buch,Berlin,Berlin,Berlin,2,79359.00,01.10.1990,31.12.1991,BMFTR
ANCON Ingenieurgesellschaft mbH,Berlin,Berlin,Berlin,2,79184.00,01.01.1982,31.12.1984,BMFTR
Bundesvereinigung Deutscher Bibliotheksverbände e.V. (BDB),Berlin,Berlin,Berlin,1,79000.00,01.09.2002,31.12.2003,BMFTR
Bundesvertretung der Medizinstudierenden in Deutschland e.V.,Berlin,Berlin,Berlin,13,78567.00,01.11.2011,30.09.2025,BMFTR
Jahn + Bonness GmbH & Co. KG,Berlin,Berlin,Berlin,1,78176.00,01.08.1979,31.07.1980,BMFTR
ADW - Zentralinstitut für Sprachwissenschaft,Berlin,Berlin,Berlin,2,77972.00,01.10.1990,31.12.1991,BMFTR
AMZ Weissenseer Präzisionsguss GmbH,Berlin,Berlin,Berlin,1,77896.00,01.05.2024,31.10.2026,BMFTR
KRONE Ingenieure GmbH,Berlin,Berlin,Berlin,1,77542.00,01.08.2022,31.07.2025,BMWE
Vgu Engineers-Consultants GmbH & Co. Umwelttechnik KG,Berlin,Berlin,Berlin,1,77415.00,01.08.1986,31.08.1987,BMFTR
Torpor Games UG (haftungsbeschränkt),Berlin,Berlin,Berlin,1,77341.00,01.12.2020,31.01.2022,BMFTR
Apparate-Maschinen Albert Witels,Berlin,Berlin,Berlin,1,77205.00,01.03.1984,31.10.1985,BMFTR
klimaklitsche GmbH,Berlin,Berlin,Berlin,1,77200.00,01.05.2024,31.10.2026,BMV
"Hans-Jochen Birke, Wissenschaftlicher Gerätebau",Berlin,Berlin,Berlin,5,77195.00,01.12.1982,31.12.1984,BMFTR
RNAX GmbH,Berlin,Berlin,Berlin,1,77133.00,01.02.2009,31.12.2010,BMFTR
isicargo GmbH,Berlin,Berlin,Berlin,2,76774.00,01.07.2022,31.05.2024,BMV
Elektro-Apparate-Werke Berlin GmbH,Berlin,Berlin,Berlin,1,76694.00,01.09.1992,31.05.1995,BMFTR
Bombardier Transportation (Propulsion & Controls) Germany GmbH,Berlin,Berlin,Berlin,1,76694.00,01.10.1992,31.12.1995,BMFTR
ARGUS-Statistik und Informationssysteme in Umwelt und Gesundheit GmbH,Berlin,Berlin,Berlin,1,76629.00,01.03.2012,30.06.2014,BMFTR
Raytek Sensorik GmbH,Berlin,Berlin,Berlin,1,76328.00,01.06.1992,31.12.1993,BMFTR
Maul-Theet GmbH,Berlin,Berlin,Berlin,2,76285.00,01.08.2017,31.03.2022,BMFTR
Verein der Freunde der Albert-Einstein-Oberschule e.V.,Berlin,Berlin,Berlin,1,76209.00,01.03.2005,31.12.2005,BMFTR
DB Engineering & Consulting GmbH,Berlin,Berlin,Berlin,2,75938.00,01.04.2020,30.06.2024,"BMFTR, BMV"
Gesundheitsstadt Berlin e.V.,Berlin,Berlin,Berlin,1,75832.00,01.05.2010,31.08.2010,BMFTR
Bundesverband Bildender Künstlerinnen und Künstler e.V.,Berlin,Berlin,Berlin,1,75496.00,01.05.2010,31.05.2011,BMFTR
GARBO Gesellschaft für arbeitswissenschaftliche Betriebsorganisation m.b.H,Berlin,Berlin,Berlin,2,75410.00,01.09.1999,31.12.2001,BMFTR
cloudControl GmbH,Berlin,Berlin,Berlin,1,75351.00,01.08.2013,31.10.2015,BMFTR
Lootzifr GmbH,Berlin,Berlin,Berlin,1,75000.00,01.09.2023,31.07.2024,BMFTR
Kedua GmbH,Berlin,Berlin,Berlin,1,75000.00,01.01.2014,30.09.2014,BMFTR
flyinghealth GmbH,Berlin,Berlin,Berlin,1,75000.00,01.09.2015,29.02.2016,BMFTR
eZeit Ingenieure GmbH,Berlin,Berlin,Berlin,1,74554.00,01.07.2022,31.12.2025,BMFTR
Glome GmbH,Berlin,Berlin,Berlin,1,74350.00,02.09.2021,31.07.2023,BMFTR
European Institute for Participatory Media e.V.,Berlin,Berlin,Berlin,1,74299.00,01.10.2020,30.04.2021,BMFTR
Enpageo GmbH,Berlin,Berlin,Berlin,1,74117.00,01.04.2026,31.03.2029,BMWE
Campusgrün Bildungswerk e.V. - c/o BÜNDNIS 90/DIE GRÜNEN,Berlin,Berlin,Berlin,3,74000.00,01.10.2011,30.09.2014,BMFTR
ADOM Gesellschaft für VISUELLE DATENKOMMUNIKATION mbH,Berlin,Berlin,Berlin,1,73833.00,01.01.2011,31.12.2013,BMFTR
Förderverein des Bundeszuwanderungs- und Integrationsrats e. V.,Berlin,Berlin,Berlin,1,73731.00,01.05.2022,31.10.2023,BMFTR
DCSO Deutsche Cyber-Sicherheitsorganisation GmbH,Berlin,Berlin,Berlin,1,73683.00,01.12.2019,30.11.2021,BMFTR
die Taschengeldfirma e.V.,Berlin,Berlin,Berlin,1,73628.00,01.09.2019,30.04.2021,BMUKN
Krankenhaus Berlin-Moabit,Berlin,Berlin,Berlin,1,73509.00,01.01.1981,30.06.1990,BMFTR
Klosterfrau Berlin GmbH,Berlin,Berlin,Berlin,1,73196.00,01.05.2008,30.04.2011,BMFTR
SPILETT New Technologies GmbH,Berlin,Berlin,Berlin,1,73117.00,01.01.2012,31.03.2015,BMV
Sachverständigenrat deutscher Stiftungen für Integration und Migration (SVR) GmbH,Berlin,Berlin,Berlin,2,73014.00,01.11.2016,31.03.2019,BMFTR
eagle eye technologies Deutschland GmbH,Berlin,Berlin,Berlin,1,72984.00,01.06.2024,30.11.2025,BMV
Union der deutschen Akademien der Wissenschaften e.V.,Berlin,Berlin,Berlin,1,72925.00,01.02.2024,31.12.2024,BMFTR
Fachhochschule Berlin-Wartenberg,Berlin,Berlin,Berlin,2,72429.00,01.07.1990,31.12.1990,BMFTR
Vereinigung für Jugendhilfe Berlin e.V.,Berlin,Berlin,Berlin,2,72317.00,01.02.2015,31.10.2022,BMUKN
Make-Shift Gemeinnützige Gesellschaft für Architektur und urbane Gestaltung mbH,Berlin,Berlin,Berlin,1,72018.00,01.05.2015,30.09.2015,BMFTR
Linksjugend ['solid] e.V.,Berlin,Berlin,Berlin,8,71905.00,01.06.2018,30.09.2025,BMFTR
BürgerEnergie Berlin eG,Berlin,Berlin,Berlin,1,71900.00,01.05.2026,31.10.2027,BMFTR
Keb Computer Vertriebs- und Marketing GmbH,Berlin,Berlin,Berlin,1,71563.00,01.03.1982,31.03.1983,BMFTR
TIB MOLBIOL Syntheselabor GmbH,Berlin,Berlin,Berlin,1,71461.00,01.01.2011,31.12.2012,BMFTR
Wirelane Retail GmbH,Berlin,Berlin,Berlin,2,70885.00,14.10.2022,13.04.2024,BMV
Institut für Sozialinnovation e.V.,Berlin,Berlin,Berlin,1,70715.00,01.09.2017,31.12.2019,BMFTR
Veteducators GmbH,Berlin,Berlin,Berlin,1,70587.00,01.06.2024,31.01.2027,BMLEH
Ökofeeding Landwirtschaftlicher Beratungsdienst GmbH,Berlin,Berlin,Berlin,1,70545.00,01.04.1992,31.12.1992,BMWE
SAILWINT GmbH,Berlin,Berlin,Berlin,1,70394.00,01.04.2025,28.02.2026,BMWE
RTG Mikroanalyse GmbH Berlin,Berlin,Berlin,Berlin,1,70013.00,01.07.2010,30.06.2013,BMFTR
Ferdinand-Braun-Institut - Leibniz-Institut für Höchstfrequenztechnik (FBH) im Forschungsverbund Berlin e.V.,Berlin,Berlin,Berlin,1,70000.00,01.06.2008,31.03.2009,BMFTR
Management Zentrum Witten GmbH,Berlin,Berlin,Berlin,1,69955.00,01.04.2008,30.04.2011,BMFTR
Modern Learning GmbH Bildung mit neuen Medien,Berlin,Berlin,Berlin,1,69757.00,01.01.2012,31.03.2015,BMV
Bad + Heizung Concept AG,Berlin,Berlin,Berlin,1,69670.00,01.03.2005,31.12.2008,BMFTR
Spaces of Play UG (haftungsbeschränkt),Berlin,Berlin,Berlin,1,69499.00,01.06.2020,31.12.2021,BMFTR
Quantis GmbH & Co. KG,Berlin,Berlin,Berlin,1,69413.00,01.09.2019,30.06.2021,BMFTR
Die Software Palette GmbH,Berlin,Berlin,Berlin,1,69412.00,01.09.1982,31.12.1984,BMFTR
Kulturlabor Trial & Error e.V.,Berlin,Berlin,Berlin,1,69327.00,01.10.2018,30.09.2020,BMUKN
Arepo GmbH,Berlin,Berlin,Berlin,1,68807.00,01.01.2022,31.12.2024,BMWE
EKT Energie und Kommunal-Technologie GmbH,Berlin,Berlin,Berlin,1,68691.00,01.03.1998,31.08.1998,BMWE
hessnatur Stiftung,Berlin,Berlin,Berlin,1,68667.00,01.07.2021,31.12.2024,BMFTR
Deutsche Verkehrswissenschaftliche Gesellschaft e.V.,Berlin,Berlin,Berlin,1,68650.00,01.12.2002,31.03.2004,BMWE
TRESCOM Technology Gesellschaft für Verkehrs- und Kommunikationstechnik mbH,Berlin,Berlin,Berlin,1,68553.00,01.01.2023,30.06.2026,BMFTR
Pangolin Park GmbH,Berlin,Berlin,Berlin,1,68492.00,01.10.2020,31.12.2021,BMFTR
Imtronic GmbH Systemhaus für Bildverarbeitung,Berlin,Berlin,Berlin,1,68363.00,01.07.1992,30.06.1995,BMFTR
Dexai Arts UG (haftungsbeschränkt),Berlin,Berlin,Berlin,1,68128.00,15.03.2022,30.09.2023,BMFTR
Berlin Debating Union e.V. Debattierclub zu Berlin,Berlin,Berlin,Berlin,1,68000.00,26.10.2012,31.01.2013,BMFTR
HCB healthcubator GmbH,Berlin,Berlin,Berlin,1,67960.00,01.09.2015,29.02.2016,BMFTR
Fördergesellschaft Erneuerbare Energien,Berlin,Berlin,Berlin,1,67717.00,01.01.2020,30.06.2022,BMWE
e-fect dialog evaluation consulting eG,Berlin,Berlin,Berlin,1,67666.00,01.02.2020,31.01.2025,BMFTR
"ERGONOMIC Institut für Arbeits- und Sozialforschung, Forschungsgesellschaft mbH",Berlin,Berlin,Berlin,1,67537.00,01.01.1981,30.09.1981,BMFTR
Evangelischer Kirchenkreis Berlin Nord-Ost,Berlin,Berlin,Berlin,1,67306.00,01.10.2009,30.09.2010,BMUKN
Spinnwerk GmbH & Co. KG,Berlin,Berlin,Berlin,1,66306.00,01.02.2026,31.01.2029,BMFTR
Pronova Analysetechnik GmbH & Co. KG,Berlin,Berlin,Berlin,1,66216.00,01.11.2016,31.01.2019,BMLEH
Campusgrün - Bündnis grün-alternativer Hochschulgruppen,Berlin,Berlin,Berlin,4,65721.00,01.09.2007,30.09.2011,BMFTR
Löhr & Co. GmbH & Co. Elektrotechnik KG Berlin,Berlin,Berlin,Berlin,1,65650.00,01.05.1990,31.12.1991,BMFTR
Berliner Erdgasspeicher GmbH,Berlin,Berlin,Berlin,1,65422.00,01.05.2020,31.03.2022,BMWE
avanion GmbH,Berlin,Berlin,Berlin,1,65137.00,01.07.2001,30.06.2002,BMFTR
Bethke et al. GmbH,Berlin,Berlin,Berlin,1,65030.00,01.12.2011,30.11.2014,BMWE
Bioeta Bio- und Gentechnologische Forschungsvermarktungs GmbH,Berlin,Berlin,Berlin,1,64343.00,01.02.1991,31.12.1991,BMFTR
L.I.S.T. GmbH Lösungen im Stadtteil Stadtentwicklungsgesellschaft mit beschränkter Haftung,Berlin,Berlin,Berlin,1,64216.00,01.09.2012,31.08.2015,BMFTR
ALGO VISION LuraTech GmbH,Berlin,Berlin,Berlin,1,64171.00,01.03.2001,29.02.2004,BMFTR
Global Public Policy Institute e.V. (GPPi),Berlin,Berlin,Berlin,2,64089.00,01.01.2008,13.01.2009,BMFTR
Gebr. Geisler,Berlin,Berlin,Berlin,1,64014.00,01.01.1984,31.10.1984,BMFTR
C3 Creative Code and Content GmbH,Berlin,Berlin,Berlin,1,63753.00,01.08.2014,29.02.2016,BMWE
Optosys GmbH Berlin,Berlin,Berlin,Berlin,1,63189.00,01.05.1996,31.10.1999,BMFTR
NGZ Geldzählmaschinengesellschaft mbH,Berlin,Berlin,Berlin,1,62991.00,01.01.1982,31.12.1984,BMFTR
Pcds Software GmbH,Berlin,Berlin,Berlin,2,62954.00,01.01.1982,30.06.1984,BMFTR
urban kita gGmbH,Berlin,Berlin,Berlin,2,62839.00,01.06.2019,31.08.2023,BMUKN
Education Innovation Lab gUG (haftungsbeschränkt),Berlin,Berlin,Berlin,1,62728.00,01.10.2024,31.03.2026,BMFTR
GESA Gesellschaft zur Entwicklung und Sanierung von Altstandorten mbH,Berlin,Berlin,Berlin,1,62693.00,01.01.2007,31.12.2009,BMFTR
Sirius Facilities GmbH,Berlin,Berlin,Berlin,1,62523.00,17.09.2020,31.03.2023,BMV
NEXT Data Service AG,Berlin,Berlin,Berlin,1,62504.00,01.02.2021,31.05.2024,BMFTR
HOLOPLOT GmbH,Berlin,Berlin,Berlin,1,62403.00,01.07.2020,30.06.2022,BMFTR
AUF Analytik Umwelttechnik Forschung GmbH,Berlin,Berlin,Berlin,1,62315.00,01.08.1994,31.05.1995,BMWE
Kiezbote GmbH,Berlin,Berlin,Berlin,2,62204.00,24.04.2024,31.12.2024,BMV
CCVOSSEL GmbH,Berlin,Berlin,Berlin,1,62161.00,01.04.2016,31.10.2019,BMFTR
WIWEX GmbH,Berlin,Berlin,Berlin,1,62034.00,01.04.2024,31.03.2027,BMFTR
HRTBT Medical Solutions GmbH,Berlin,Berlin,Berlin,1,62031.00,01.07.2020,31.12.2023,BMFTR
STS Systemtechnik und Software GmbH,Berlin,Berlin,Berlin,1,62016.00,01.03.1979,31.03.1982,BMFTR
Par-Elektronik GmbH,Berlin,Berlin,Berlin,1,61919.00,01.08.1982,31.12.1984,BMFTR
Wellenwerk Berlin GmbH,Berlin,Berlin,Berlin,1,61287.00,31.01.2018,31.12.2021,BMV
Zentrum Bundesrepublik Deutschland des Internationalen Theaterinstituts e.V.,Berlin,Berlin,Berlin,1,61190.00,01.05.2016,31.12.2017,BMFTR
CASA Gesellschaft für Informationstechnik mbH,Berlin,Berlin,Berlin,1,61173.00,01.10.1997,30.09.1999,BMFTR
Ingrano Solutions GmbH,Berlin,Berlin,Berlin,1,61078.00,15.11.2022,14.06.2023,BMFTR
eM-Pro Elektromobilität GmbH,Berlin,Berlin,Berlin,2,61042.00,01.05.2016,30.06.2020,"BMFTR, BMV"
Museumsstiftung Post und Telekommunikation,Berlin,Berlin,Berlin,3,60919.00,01.12.2013,31.12.2016,BMUKN
Wondermore Games Studio UG (haftungsbeschränkt),Berlin,Berlin,Berlin,1,60865.00,01.11.2020,31.10.2021,BMFTR
EpiXR Games UG (haftungsbeschränkt),Berlin,Berlin,Berlin,1,60850.00,01.02.2023,30.11.2023,BMFTR
"P.S.B. Gesellschaft für Projektmanagement, Strukturentwicklung und Innovationsberatung mbH",Berlin,Berlin,Berlin,1,60828.00,15.09.1995,31.12.1995,BMFTR
BlueMethano GmbH,Berlin,Berlin,Berlin,1,60451.00,01.08.2020,31.07.2023,BMWE
Mooi Studios GmbH,Berlin,Berlin,Berlin,1,60448.00,01.05.2021,15.04.2022,BMFTR
con gressa GmbH,Berlin,Berlin,Berlin,1,60438.00,01.04.2024,31.12.2024,BMFTR
Technomed Elektromedizinischer Apparatebau GmbH,Berlin,Berlin,Berlin,2,60324.00,01.05.1982,31.12.1984,BMFTR
ELDAT Gesellschaft für Elektronik und Datentechnik mbH,Berlin,Berlin,Berlin,3,59493.00,01.03.1982,31.08.1984,BMFTR
Förd. d. interkult. Jugendarbeit Kreuzberg SO 36 e.V.,Berlin,Berlin,Berlin,1,59310.00,01.06.1987,31.12.1987,BMFTR
Borsig Membrane Technology GmbH,Berlin,Berlin,Berlin,1,59215.00,01.10.2006,31.03.2010,BMFTR
Ettrak GmbH,Berlin,Berlin,Berlin,1,59005.00,01.11.2020,31.10.2023,BMV
lindgrün GmbH,Berlin,Berlin,Berlin,1,58678.00,01.10.2016,31.03.2020,BMFTR
Teltec Telekommunikations- und Telematik GmbH,Berlin,Berlin,Berlin,1,58608.00,01.09.2001,31.12.2003,BMFTR
GeLa e.V.,Berlin,Berlin,Berlin,1,58550.00,01.11.2017,31.03.2019,BMUKN
Fördergemeinschaft Perinatale Medizin e.V.,Berlin,Berlin,Berlin,1,57960.00,01.07.1982,31.10.1983,BMFTR
Mobility2Grid e.V.,Berlin,Berlin,Berlin,1,57929.00,01.11.2025,31.10.2027,BMFTR
Campusgrün - Grüne Hochschulgruppen e.V,Berlin,Berlin,Berlin,8,57653.00,15.08.2014,30.09.2023,BMFTR
"Arbeitsgemeinschaft Blei-Säure-Akkumulator, vertreten durch EAB Energie-Anlagen Berlin GmbH",Berlin,Berlin,Berlin,1,57179.00,01.04.1980,31.12.1984,BMWE
System Elektronic GmbH,Berlin,Berlin,Berlin,1,56907.00,01.12.1993,31.12.1996,BMFTR
Institut für berufliche Entwicklung e.V.,Berlin,Berlin,Berlin,2,56873.00,01.07.1992,31.12.1992,BMFTR
Bundesverband der Kurier-Express-Post-Dienste e.V.,Berlin,Berlin,Berlin,1,56832.00,01.12.2025,31.05.2027,BMV
gemeinnützige ProCurand GmbH,Berlin,Berlin,Berlin,1,56737.00,01.07.2015,30.06.2018,BMFTR
C+S Computersysteme und Software GmbH & Co. Ingenieur KG,Berlin,Berlin,Berlin,1,56298.00,01.06.1984,31.03.1986,BMWE
AI Golf UG (haftungsbeschränkt),Berlin,Berlin,Berlin,1,56049.00,01.02.2020,31.01.2023,BMFTR
DIFA Deutsches Institut für Fachärztliche Versorgungsforschung GmbH,Berlin,Berlin,Berlin,1,55997.00,01.10.2022,30.09.2023,BMFTR
"Senatsverwaltung für Bildung, Jugend und Wissenschaft",Berlin,Berlin,Berlin,1,55980.00,01.04.2013,31.12.2013,BMFTR
NKMG - Neue Köhler Managementgesellschaft mbH,Berlin,Berlin,Berlin,1,55963.00,01.10.2024,30.06.2025,BMFTR
UAV DACH e.V. Verband für unbemannte Luftfahrt,Berlin,Berlin,Berlin,1,55590.00,01.02.2026,31.01.2029,BMFTR
QM-Milch e.V.,Berlin,Berlin,Berlin,1,55520.00,22.02.2017,31.08.2020,BMLEH
Enginion AG,Berlin,Berlin,Berlin,1,55363.00,01.03.2005,30.01.2006,BMFTR
GEWOBAG Wohnungsbau-Aktiengesellschaft Berlin,Berlin,Berlin,Berlin,1,55235.00,01.12.2017,31.12.2021,BMFTR
Bitplaces GmbH,Berlin,Berlin,Berlin,1,54989.00,01.03.2012,28.02.2015,BMFTR
"Wilfried Heil, Mikroelektronik-Entwicklung",Berlin,Berlin,Berlin,1,54619.00,01.02.1988,30.06.1989,BMFTR
Frequenz Energy-as-a-Service GmbH,Berlin,Berlin,Berlin,1,54576.00,01.09.2020,31.08.2023,BMWE
Berliner Stadtgüter GmbH,Berlin,Berlin,Berlin,1,54480.00,01.02.2020,31.01.2025,BMFTR
Forking Paths Gardening Interactive UG (haftungsbeschränkt),Berlin,Berlin,Berlin,1,54456.00,01.05.2021,31.08.2025,BMFTR
Indeed - Visual Concepts GmbH,Berlin,Berlin,Berlin,1,54445.00,01.12.2000,31.03.2004,BMFTR
FAN FamilienANlauf e.V.,Berlin,Berlin,Berlin,1,54419.00,15.10.2023,14.10.2026,BMFTR
Plugsurfing GmbH,Berlin,Berlin,Berlin,1,54415.00,01.10.2017,31.03.2018,BMV
Gallade Präzisionsschmiede Berlin GmbH,Berlin,Berlin,Berlin,1,54413.00,01.05.1992,30.09.1994,BMFTR
IDEEA Messe- und Dekorationsbau GmbH,Berlin,Berlin,Berlin,1,54362.00,01.03.2003,31.12.2004,BMFTR
Molecular Technology MolTech GmbH,Berlin,Berlin,Berlin,1,54033.00,01.04.1992,31.12.1992,BMFTR
Koordinierungsrat der StudentenInnenschaften der Humboldt-Universität zu Berlin,Berlin,Berlin,Berlin,1,53686.00,28.06.1991,08.06.1992,BMFTR
Brüder Hartmann GmbH & Co.,Berlin,Berlin,Berlin,1,53624.00,01.10.1981,31.05.1983,BMFTR
Berliner Schleifscheibenfabrik Heinz Weber GmbH,Berlin,Berlin,Berlin,1,53619.00,01.02.1993,31.12.1995,BMFTR
GASAG AG,Berlin,Berlin,Berlin,1,53344.00,01.06.2017,30.09.2020,BMFTR
status C AG,Berlin,Berlin,Berlin,1,53310.00,01.08.2019,31.03.2021,BMFTR
Wärmeanlagenbau GmbH,Berlin,Berlin,Berlin,1,53292.00,01.01.1991,31.12.1991,BMWE
ADW - Forschungsstelle für Wirbeltierforschung,Berlin,Berlin,Berlin,1,52620.00,01.07.1990,31.12.1990,BMFTR
GERB Schwingungsisolierungen GmbH & Co. KG,Berlin,Berlin,Berlin,1,52555.00,01.08.1997,31.07.2000,BMFTR
8.2 Arp & Kleiss GmbH,Berlin,Berlin,Berlin,1,52504.00,01.09.2022,31.12.2024,BMWE
Barg Baustofflabor GmbH & Co. KG,Berlin,Berlin,Berlin,1,52065.00,01.01.2020,30.06.2022,BMWE
Common Sense Projects GmbH,Berlin,Berlin,Berlin,1,51891.00,01.01.2017,01.07.2018,BMWE
Institut für Technik und Journalismus e.V.,Berlin,Berlin,Berlin,1,51711.00,01.02.2021,30.04.2024,BMFTR
"trippen A. Spieth, M. Oehler GmbH",Berlin,Berlin,Berlin,1,51452.00,01.05.2023,30.11.2026,BMWE
COGO Optronics GmbH,Berlin,Berlin,Berlin,1,51395.00,01.07.2011,15.02.2013,BMFTR
Amovis GmbH,Berlin,Berlin,Berlin,1,51302.00,01.04.2007,29.02.2008,BMFTR
Südwind Energiesysteme GmbH,Berlin,Berlin,Berlin,1,51180.00,01.11.1993,30.11.1997,BMWE
ETC Transport Consultants GmbH,Berlin,Berlin,Berlin,1,51129.00,01.08.1997,31.01.1998,BMWE
Institut für Raumfahrtelektronik Prof. Dr. Renner,Berlin,Berlin,Berlin,1,51129.00,01.04.1990,31.12.1990,BMFTR
GESI Deutsche Gesellschaft für Systeminnovation mbH,Berlin,Berlin,Berlin,1,51125.00,01.01.2014,30.09.2014,BMFTR
Gerb Elektronik GmbH,Berlin,Berlin,Berlin,1,50993.00,01.04.1982,31.12.1984,BMFTR
FORGENTA Forschungstechnik- und Geräte-Entwicklung Adlershof GmbH,Berlin,Berlin,Berlin,1,50975.00,01.06.1994,31.05.1995,BMFTR
Gewobag ED Energie- und Dienstleistungsgesellschaft mbH,Berlin,Berlin,Berlin,1,50576.00,01.01.2026,31.12.2027,BMWE
Centre européen pour le développment de la formation professionelle (CEDEFOP),Berlin,Berlin,Berlin,1,50312.00,20.06.1994,31.12.1994,BMFTR
ER-EN Kabelkanalbau und Erdarbeiten GmbH,Berlin,Berlin,Berlin,1,50247.00,01.12.2003,31.05.2006,BMFTR
MediaService GmbH BärenDruck und Werbung,Berlin,Berlin,Berlin,1,50163.00,01.12.2003,31.05.2006,BMFTR
Bear Mühlen & Behälter GmbH,Berlin,Berlin,Berlin,1,50029.00,01.03.2012,31.12.2014,BMFTR
WOS e.V.,Berlin,Berlin,Berlin,1,50000.00,01.03.2006,31.12.2006,BMFTR
IAUAI gGmbH,Berlin,Berlin,Berlin,1,50000.00,01.10.2019,31.03.2020,BMFTR
Serviceplan Consulting Group GmbH & Co. KG,Berlin,Berlin,Berlin,1,49989.00,01.04.2018,31.10.2018,BMFTR
"GSFP - Gesellschaft für sozialwissenschaftliche Forschung und Publizistik mbH, Berlin",Berlin,Berlin,Berlin,1,49985.00,01.07.2006,31.12.2006,BMFTR
Stiftung Kaiser-Wilhelm-Gedächtniskirche,Berlin,Berlin,Berlin,1,49940.00,01.05.2023,30.04.2025,BMUKN
recom ART GmbH & Co. KG,Berlin,Berlin,Berlin,1,49736.00,15.10.2018,14.04.2019,BMFTR
Robert Riele GmbH & Co. KG,Berlin,Berlin,Berlin,1,49547.00,01.04.1982,31.12.1982,BMFTR
Celectronic Volker Czmok Elektronische Geräte GmbH,Berlin,Berlin,Berlin,1,49477.00,01.06.1982,30.11.1983,BMFTR
Forschungsagentur Berlin GmbH,Berlin,Berlin,Berlin,1,49166.00,01.01.1993,30.06.1994,BMFTR
Hotel Kurfürstendamm am Adenauerplatz GmbH,Berlin,Berlin,Berlin,1,49141.00,10.08.1995,31.12.1998,BMFTR
Aios Consulting GmbH,Berlin,Berlin,Berlin,1,49123.00,16.06.2008,30.11.2008,BMUKN
Evangelische StudentInnengemeinde in der Bundesrepublik Deutschland (ESG),Berlin,Berlin,Berlin,7,49095.00,01.01.2002,30.09.2008,BMFTR
CellCore GmbH,Berlin,Berlin,Berlin,1,49057.00,15.10.2018,28.02.2019,BMFTR
IZBM Innovations-Zentrum Berlin Management GmbH,Berlin,Berlin,Berlin,1,48873.00,01.07.1990,31.12.1990,BMFTR
Humboldt-Forum Wirtschaft e.V.,Berlin,Berlin,Berlin,9,48870.00,01.02.2010,30.06.2019,BMFTR
Zalando Payments GmbH,Berlin,Berlin,Berlin,1,48868.00,01.02.2015,31.01.2018,BMFTR
Initiative Wohnungswirtschaft Osteuropa (IWO) e.V.,Berlin,Berlin,Berlin,1,48579.00,01.01.2012,30.06.2012,BMFTR
Evangelischer Kirchenkreis Berlin Stadtmitte,Berlin,Berlin,Berlin,1,48476.00,01.01.2011,29.02.2012,BMUKN
AGM Adlershofer Geräte- und Maschinenbau GmbH,Berlin,Berlin,Berlin,1,48470.00,01.01.1993,30.09.1995,BMFTR
Qiro GmbH,Berlin,Berlin,Berlin,1,48250.00,01.04.2009,31.03.2012,BMFTR
Humphry Marine GmbH,Berlin,Berlin,Berlin,2,47827.00,01.10.2018,30.06.2019,BMV
"Deutsche Gesellschaft für Psychiatrie, Psychotherapie und Nervenheilkunde e. V.",Berlin,Berlin,Berlin,1,47618.00,01.04.2011,31.01.2012,BMFTR
KLUG - Deutsche Allianz Klimawandel und Gesundheit e. V.,Berlin,Berlin,Berlin,1,47600.00,01.04.2023,30.09.2024,BMFTR
Aceve Deutschland GmbH,Berlin,Berlin,Berlin,1,47564.00,01.01.2023,31.12.2025,BMFTR
Pintsch Öl Berlin GmbH,Berlin,Berlin,Berlin,1,47367.00,01.08.1978,31.12.1978,BMFTR
ZF Car eWallet GmbH,Berlin,Berlin,Berlin,1,47365.00,01.06.2020,30.11.2020,BMFTR
Off-University. Organisation für den Frieden e.V.,Berlin,Berlin,Berlin,1,47268.00,01.04.2024,31.12.2024,BMFTR
Witega-Forschung gemeinnützige GmbH Adlershof,Berlin,Berlin,Berlin,1,47070.00,01.01.1991,31.03.1992,BMFTR
Drip by Drip e. V.,Berlin,Berlin,Berlin,1,47000.00,01.01.2026,30.06.2027,BMFTR
SOTA SOLUTIONS GmbH,Berlin,Berlin,Berlin,1,46975.00,01.10.2014,31.03.2018,BMWE
B&S-Elektronik,Berlin,Berlin,Berlin,1,46778.00,01.02.1983,31.12.1984,BMFTR
pepper conSalting GmbH,Berlin,Berlin,Berlin,1,46764.00,01.11.2025,31.12.2027,BMLEH
DB Personenverkehr GmbH,Berlin,Berlin,Berlin,1,46631.00,01.06.2002,31.10.2005,BMFTR
Normcut UG (haftungsbeschränkt),Berlin,Berlin,Berlin,1,46476.00,01.11.2020,31.05.2021,BMFTR
Autohaus Thomas Kapinsky GmbH & Co. KG,Berlin,Berlin,Berlin,1,46000.00,01.09.2022,31.12.2023,BMV
Axel Springer SE,Berlin,Berlin,Berlin,1,45703.00,01.04.2011,30.09.2014,BMFTR
BGZ Berliner Gesellschaft für internationale Zusammenarbeit mbH,Berlin,Berlin,Berlin,1,45590.00,01.05.2023,29.02.2024,BMFTR
BeMiTec Berlin Microwave Technologies Aktiengesellschaft,Berlin,Berlin,Berlin,1,45355.00,01.07.2010,30.06.2013,BMFTR
D & C Future Media GmbH,Berlin,Berlin,Berlin,1,45330.00,01.09.2013,30.09.2014,BMFTR
Topicbird UG (haftungsbeschränkt),Berlin,Berlin,Berlin,1,45271.00,01.05.2020,31.05.2021,BMFTR
Riccius + Stroschen Gesellschaft für Regeltechnik mbH,Berlin,Berlin,Berlin,1,44768.00,01.10.1982,31.12.1984,BMFTR
LfU Labor für Umweltanalytik GmbH,Berlin,Berlin,Berlin,1,44525.00,01.10.1986,31.12.1987,BMFTR
Auswärtiges Amt,Berlin,Berlin,Berlin,1,44363.00,01.06.1983,31.12.1983,BMFTR
"H. Mehring, Zeitmess- und Kommunikationstechnik",Berlin,Berlin,Berlin,1,44176.00,01.04.1982,31.03.1983,BMFTR
IGEBA Wissenschaftlicher Geräte- und Anlagenbau GmbH,Berlin,Berlin,Berlin,2,44117.00,01.09.1990,31.12.1990,BMFTR
Rgd Unternehmensberatung GmbH,Berlin,Berlin,Berlin,1,44043.00,01.01.1985,30.09.1985,BMFTR
die Linke. SDS (Sozialistisch-demokratischer Studierendenverband),Berlin,Berlin,Berlin,4,43970.00,01.09.2008,28.02.2017,BMFTR
Guennel GmbH,Berlin,Berlin,Berlin,1,43603.00,01.01.1993,31.12.1994,BMFTR
LiRa - Bündnis linker und radikaldemokratischer Hochschulgruppen e.V.,Berlin,Berlin,Berlin,5,43308.00,01.10.2000,30.09.2005,BMFTR
Indutec GmbH,Berlin,Berlin,Berlin,1,43304.00,01.10.1990,31.12.1990,BMFTR
Digital-Technik Werner Essmann,Berlin,Berlin,Berlin,2,43194.00,01.03.1982,31.03.1984,BMFTR
"BLIC GmbH Beratungsgesellschaft für Leit-, Informations- und Computertechnik",Berlin,Berlin,Berlin,1,43161.00,01.07.2024,30.06.2025,BMV
Francotyp-Postalia GmbH,Berlin,Berlin,Berlin,1,42967.00,01.02.1982,31.12.1984,BMFTR
Polymerics GmbH Spezialpolymere - Klebstoffe - Polymercharakterisierung,Berlin,Berlin,Berlin,1,42950.00,01.01.2006,31.08.2008,BMFTR
Schwingungsmesstechnik GmbH (SMT),Berlin,Berlin,Berlin,1,42826.00,01.05.1983,31.12.1984,BMFTR
D & K Elektronik-Design GmbH,Berlin,Berlin,Berlin,1,42654.00,01.04.1982,30.09.1983,BMFTR
Institut für Bauwerkserhaltung und Sanierung,Berlin,Berlin,Berlin,1,42369.00,01.08.1990,31.12.1990,BMFTR
Medum GmbH,Berlin,Berlin,Berlin,1,41926.00,01.07.1990,31.12.1990,BMFTR
Institut Bund für Sozialarbeit e.V.,Berlin,Berlin,Berlin,1,41636.00,01.04.1993,31.12.1993,BMFTR
IIEF Institut für Informatik in Entwurf und Fertigung zu Berlin GmbH,Berlin,Berlin,Berlin,1,41587.00,01.06.1996,31.05.1998,BMFTR
reallifefilm international GmbH,Berlin,Berlin,Berlin,1,41124.00,01.10.2017,31.12.2020,BMFTR
Gemeinschaftskrankenhaus Havelhöhe gGmbH,Berlin,Berlin,Berlin,1,40760.00,01.04.2026,31.03.2028,BMUKN
Erklärfilm Studio EFS UG (haftungsbeschränkt),Berlin,Berlin,Berlin,1,40670.00,01.11.2020,28.02.2022,BMFTR
"Dr.-Ing. F. Korkmaz, Systems Engineering",Berlin,Berlin,Berlin,1,40601.00,01.07.1983,31.12.1984,BMFTR
Sozialwissenschaftliches Forschungszentrum Berlin-Brandenburg SFZ e.V.,Berlin,Berlin,Berlin,1,40256.00,01.03.2001,31.08.2001,BMFTR
CONPLAN Gesellschaft für Controlling und Planungssysteme mbH,Berlin,Berlin,Berlin,1,40188.00,01.12.1982,31.05.1983,BMFTR
Maximegalon Vermögensverwaltung GmbH,Berlin,Berlin,Berlin,1,40000.00,01.07.2008,31.12.2008,BMFTR
BEO MedConsulting Berlin GmbH,Berlin,Berlin,Berlin,1,39998.00,01.04.2017,31.03.2020,BMFTR
Verein zur Förderung der Hebraic Graduate School of Europe in Berlin (HGSE) e.V.,Berlin,Berlin,Berlin,1,39962.00,01.10.2009,31.03.2010,BMFTR
Gesellschaft für berufliche Bildung mbH,Berlin,Berlin,Berlin,1,39944.00,01.09.1987,31.12.1987,BMFTR
ChriZlie Medien GmbH,Berlin,Berlin,Berlin,1,39859.00,01.04.2020,31.01.2021,BMFTR
Deutsches Zentralinstitut für soziale Fragen (DZI),Berlin,Berlin,Berlin,1,39625.00,01.04.1983,31.12.1983,BMFTR
Dämmstatt W.E.R.F. GmbH Dämmstoff-Wertstoff-Erfassungs-Recycling und Fertigungsgesellschaft mbH,Berlin,Berlin,Berlin,1,39480.00,01.01.2001,30.06.2002,BMLEH
"ConTour Congresse - Marketing - Touristik GmbH, Berlin",Berlin,Berlin,Berlin,1,38958.00,01.12.2004,31.10.2005,BMFTR
Klaus Schneider,Berlin,Berlin,Berlin,1,38644.00,01.01.1982,31.12.1982,BMFTR
Alfred Rexroth GmbH & Co. KG,Berlin,Berlin,Berlin,1,38536.00,01.01.2026,31.12.2028,BMFTR
Banbutsu GmbH,Berlin,Berlin,Berlin,1,38316.00,01.03.2016,28.02.2019,BMFTR
Jung Schleifmaschinen H. Gaub GmbH & Co.,Berlin,Berlin,Berlin,2,38260.00,01.10.1978,30.09.1981,BMFTR
Besch GmbH,Berlin,Berlin,Berlin,1,38120.00,27.04.2022,30.11.2023,BMV
Zahnärztekammer Berlin,Berlin,Berlin,Berlin,1,37871.00,02.09.1991,31.12.1996,BMFTR
Pronova Elektronik GmbH & Co. KG,Berlin,Berlin,Berlin,2,37836.00,01.04.1991,30.05.1992,BMFTR
inab - Ausbildungs- und Beschäftigungsgesellschaft des bfw mbH,Berlin,Berlin,Berlin,2,37800.00,20.12.2010,30.06.2012,BMFTR
Berliner Missionswerk,Berlin,Berlin,Berlin,1,37340.00,01.09.2010,31.12.2010,BMFTR
EUROAVIA Berlin 'Otto Lilienthal' e.V.,Berlin,Berlin,Berlin,2,37325.00,01.04.1990,30.09.1997,BMFTR
Verband der Debattierclubs an Hochschulen e.V.,Berlin,Berlin,Berlin,5,37260.00,28.09.2012,30.09.2025,BMFTR
Wizmo GmbH,Berlin,Berlin,Berlin,1,37015.00,01.03.2015,31.05.2017,BMFTR
Bundesgütegemeinschaft Recycling-Baustoffe e.V.,Berlin,Berlin,Berlin,1,36608.00,01.05.2009,31.12.2012,BMFTR
Rhenus eonova GmbH,Berlin,Berlin,Berlin,1,36416.00,01.06.2013,31.05.2015,BMFTR
Iwg-Eastmed Medizintechnik GmbH,Berlin,Berlin,Berlin,2,36324.00,01.09.1990,31.12.1990,BMFTR
Sigma Instrumente GmbH,Berlin,Berlin,Berlin,1,36220.00,01.05.1982,31.08.1983,BMFTR
Snobfox UG (haftungsbeschränkt),Berlin,Berlin,Berlin,1,36050.00,01.07.2020,31.12.2020,BMFTR
Vereinigung für Ökologische Wirtschaftsforschung,Berlin,Berlin,Berlin,3,35790.00,01.04.1992,30.09.1999,BMFTR
Evangelischer Kirchenkreisverband für Kindertageseinrichtungen Berlin Mitte-Nord,Berlin,Berlin,Berlin,1,35740.00,01.11.2017,31.08.2019,BMUKN
electrocosmos UG (haftungsbeschränkt),Berlin,Berlin,Berlin,1,35518.00,15.02.2020,15.02.2021,BMFTR
K u K Kantinen und Konferenzservice GmbH,Berlin,Berlin,Berlin,1,35475.00,01.12.2003,31.05.2006,BMFTR
Wohnwerkstatt GmbH Verwaltung und Betreuung von Wohnprojekten,Berlin,Berlin,Berlin,1,35332.00,01.12.2003,31.05.2006,BMFTR
HF Biotec Berlin GmbH,Berlin,Berlin,Berlin,1,35284.00,01.03.2018,31.10.2018,BMFTR
INOCAS GmbH,Berlin,Berlin,Berlin,1,35261.00,01.07.2015,01.01.2017,BMLEH
Game Art Brain GmbH,Berlin,Berlin,Berlin,1,35000.00,15.02.2020,31.08.2020,BMFTR
Kunst-Stoffe - Zentralstelle für wiederverwendbare Materialien e.V.,Berlin,Berlin,Berlin,1,34980.00,01.09.2012,31.08.2013,BMFTR
Heck Elektronik GmbH,Berlin,Berlin,Berlin,1,34780.00,01.10.1983,31.07.1984,BMFTR
basis.wissen.schafft e.V.,Berlin,Berlin,Berlin,1,34430.00,01.11.2016,31.10.2017,BMFTR
Silica Gel GmbH,Berlin,Berlin,Berlin,1,34415.00,01.04.1985,31.12.1987,BMFTR
Bündnis grün-alternativer-Hochschulgruppen,Berlin,Berlin,Berlin,6,34278.00,01.11.2000,30.09.2007,BMFTR
die gelbe Villa - Kreativ- und Bildungszentrum für Kinder und Jugendliche Jovita Stiftung,Berlin,Berlin,Berlin,1,34250.00,01.09.2012,31.10.2013,BMFTR
Geowissenschaftliches Studentisches Erfahrungs- und Interessensnetzwerk (GeStEIN) e.V. - c/o Dachverband der Geowissenschaften (DVGeo),Berlin,Berlin,Berlin,2,34139.00,01.09.2023,30.06.2025,BMFTR
NORmALUM Mixed Realities UG (haftungsbeschränkt),Berlin,Berlin,Berlin,1,34007.00,15.11.2020,14.12.2021,BMFTR
Netzwerk Berliner Kinderpatenschaften e.V.,Berlin,Berlin,Berlin,1,33948.00,01.10.2012,30.09.2013,BMFTR
webkid GmbH,Berlin,Berlin,Berlin,1,33923.00,01.12.2017,30.06.2018,BMV
Arbeitsgemeinschaft Qualitätsmanagement Biodiesel e.V.,Berlin,Berlin,Berlin,1,33365.00,01.05.2012,31.03.2015,BMLEH
IMT Medientechnik Betriebs- und Service GmbH,Berlin,Berlin,Berlin,1,33169.00,01.04.2012,30.09.2015,BMWE
uve Institut für Technische Chemie und Umweltschutz GmbH,Berlin,Berlin,Berlin,1,33169.00,01.10.1997,30.04.1998,BMFTR
Wätzold & Al-Zubaidi Management Consulting GmbH,Berlin,Berlin,Berlin,1,32917.00,01.01.2021,31.12.2021,BMV
DER STEG gGmbH Gesellschaft zur Förderung von Menschen mit psychischen Beeinträchtigungen,Berlin,Berlin,Berlin,1,32878.00,01.05.2011,30.09.2013,BMFTR
GMT Gesellschaft für metallurgische Technologie- und Softwareentwicklung mbH,Berlin,Berlin,Berlin,1,32312.00,01.09.2022,30.09.2023,BMFTR
Institut für Management und Technologie IMT Berlin GmbH,Berlin,Berlin,Berlin,1,32186.00,01.06.1995,31.07.1996,BMFTR
Reha-Stim Medtec GmbH & Co. KG,Berlin,Berlin,Berlin,1,31868.00,01.08.2014,31.12.2017,BMFTR
G.L.E. Gesellschaft für lichttechnische Erzeugnisse mbH,Berlin,Berlin,Berlin,1,31828.00,01.04.2006,31.08.2009,BMFTR
DeTeBerkom GmbH,Berlin,Berlin,Berlin,1,31590.00,01.04.1997,30.09.1998,BMFTR
Arbeitskreis Kultur e.V.,Berlin,Berlin,Berlin,3,31417.00,01.04.2002,31.07.2004,BMFTR
pafinda GmbH,Berlin,Berlin,Berlin,1,31344.00,01.07.2025,30.11.2026,BMFTR
PharmaCept GmbH,Berlin,Berlin,Berlin,1,31250.00,01.05.2018,31.10.2018,BMFTR
TEHA-Textil Produktions- und Vertriebs-GmbH,Berlin,Berlin,Berlin,1,31040.00,01.08.2003,30.06.2006,BMFTR
Internationaler Bund für Sozialarbeit (Hotel Am Kürfürstendamm),Berlin,Berlin,Berlin,1,30891.00,01.07.1999,31.12.2001,BMFTR
theCo.de Aktiengesellschaft,Berlin,Berlin,Berlin,1,30842.00,01.07.2015,30.06.2016,BMFTR
Pädagogisches Zentrum Berlin,Berlin,Berlin,Berlin,1,30678.00,15.10.1985,30.11.1985,BMFTR
Elysium Solar GmbH,Berlin,Berlin,Berlin,1,30400.00,01.07.2022,30.06.2026,BMFTR
Stiftung für Kulturelle Weiterbilung und Kulturberatung,Berlin,Berlin,Berlin,1,30338.00,01.09.1993,15.10.1993,BMFTR
"Dr.-Ing. F.W. Bruns, Büro für Datenverarbeitung",Berlin,Berlin,Berlin,2,30003.00,01.06.1982,31.12.1984,BMFTR
German Scholars Organization e.V.,Berlin,Berlin,Berlin,1,29955.00,01.04.2011,30.09.2011,BMFTR
Photon Laser Engineering GmbH,Berlin,Berlin,Berlin,1,29790.00,01.03.2001,30.06.2002,BMFTR
"Prof. Dr. Otto Kimminich (Zeitschrift 'Wissenschaftsrecht, Wissenschaftsverwaltung, Wissenschaftsförderung')",Berlin,Berlin,Berlin,1,29531.00,01.01.1989,19.11.1989,BMFTR
Verein Demokratie und Hochschule e.V.,Berlin,Berlin,Berlin,13,29515.00,01.01.2007,31.05.2026,BMFTR
Paul Gerhardt Stift Pflege gGmbH,Berlin,Berlin,Berlin,1,29467.00,01.03.2018,31.12.2020,BMFTR
ZEITMEILEN AG,Berlin,Berlin,Berlin,1,29405.00,01.11.2017,28.02.2021,BMV
EKPRO GmbH,Berlin,Berlin,Berlin,1,29400.00,01.10.2009,30.09.2012,BMFTR
S-Communication Services GmbH,Berlin,Berlin,Berlin,1,29264.00,01.06.2020,30.11.2020,BMFTR
Krankenhauswäscherei Königin Elisabeth Herzberge GmbH,Berlin,Berlin,Berlin,1,29213.00,01.05.2013,30.04.2016,BMFTR
eGov Consulting and Development GmbH,Berlin,Berlin,Berlin,1,29044.00,01.07.2010,31.12.2011,BMWE
Sprint Tank Gesellschaft mit beschränkter Haftung,Berlin,Berlin,Berlin,1,29000.00,26.03.2020,25.09.2021,BMV
Verschiedene Empfänger,Berlin,Berlin,Berlin,1,28858.00,01.01.1979,31.12.1979,BMFTR
T+ I Technologie- und InnovationsConsult GmbH,Berlin,Berlin,Berlin,1,28726.00,01.04.2024,30.09.2024,BMWE
MediaCompany - Agentur für Kommunikation GmbH,Berlin,Berlin,Berlin,1,28631.00,01.01.2012,31.12.2012,BMLEH
Black Pants Studio GmbH,Berlin,Berlin,Berlin,1,28570.00,01.08.2023,31.12.2024,BMFTR
Dipl.-Ing. Ulrich Knick Elektronische Messgeräte GmbH & Co.,Berlin,Berlin,Berlin,1,28432.00,01.02.1982,31.07.1982,BMFTR
Ingenieurgesellschaft für Nachrichten- und Datentechnik mbH (INT),Berlin,Berlin,Berlin,1,28320.00,01.10.1990,31.12.1990,BMFTR
Solyco Technology GmbH,Berlin,Berlin,Berlin,1,28111.00,01.07.2022,31.12.2024,BMFTR
Wohnungsbaugenossenschaft Zentrum eG,Berlin,Berlin,Berlin,1,28095.00,01.02.2015,30.09.2016,BMFTR
ADW - Institut für Mechanik,Berlin,Berlin,Berlin,1,27865.00,01.07.1990,31.12.1990,BMFTR
ADW - Institut für Biochemie der Pflanzen,Berlin,Berlin,Berlin,1,27739.00,01.07.1990,31.12.1990,BMFTR
Bundesverband Türkischer Studierendenvereine (BTS) e.V.,Berlin,Berlin,Berlin,6,27609.00,01.10.1996,30.09.2002,BMFTR
Bundesarbeitsgemeinschaft Behinderung und Studium e.V.,Berlin,Berlin,Berlin,1,27375.00,01.08.2012,30.09.2013,BMFTR
Riesaer Brennstoffzellentechnik GmbH Gesellschaft für Entwicklung und Anwendung innovativer Energiesysteme,Berlin,Berlin,Berlin,1,27276.00,01.12.2015,31.03.2017,BMFTR
Georg Dollmeier,Berlin,Berlin,Berlin,1,27055.00,01.09.1983,31.12.1984,BMFTR
Climate Action Implementation Facility (CAIF) gGmbH,Berlin,Berlin,Berlin,1,27012.00,01.09.2016,07.03.2017,BMFTR
SpiCon GmbH,Berlin,Berlin,Berlin,1,27006.00,01.07.2012,30.06.2015,BMFTR
Datanet GmbH,Berlin,Berlin,Berlin,1,26814.00,01.02.1984,31.12.1984,BMFTR
Menge GmbH,Berlin,Berlin,Berlin,1,26543.00,01.08.2022,31.12.2025,BMFTR
BS Windertrag GmbH,Berlin,Berlin,Berlin,1,25789.00,01.08.2020,31.07.2022,BMV
Grüne Liga e. V. - Netzwerk ökologischer Bewegungen,Berlin,Berlin,Berlin,1,25513.00,01.04.2018,30.06.2019,BMLEH
Berlitron Ing.Grad. Wolfgang Eitrich,Berlin,Berlin,Berlin,1,25471.00,01.01.1983,31.12.1983,BMFTR
BG Kliniken - Klinikverbund der gesetzlichen Unfallversicherung gGmbH,Berlin,Berlin,Berlin,1,25254.00,01.03.2024,28.02.2027,BMFTR
OTA Hochschule Berlin,Berlin,Berlin,Berlin,1,25236.00,01.09.2003,31.01.2004,BMFTR
Nieke Elektroapparate GmbH,Berlin,Berlin,Berlin,1,25014.00,01.07.1986,30.04.1987,BMFTR
messenger Transport + Logistik GmbH,Berlin,Berlin,Berlin,1,24961.00,01.12.2000,31.05.2003,BMWE
Stiftung Digitale Spielekultur GmbH,Berlin,Berlin,Berlin,1,24958.00,01.09.2017,31.12.2017,BMV
Promicro Mikroelektronik und Prozessdatenverarbeitung GmbH,Berlin,Berlin,Berlin,1,24444.00,01.03.1983,31.12.1983,BMFTR
Gravenhorst Produkts,Berlin,Berlin,Berlin,1,24092.00,01.05.1982,28.02.1984,BMFTR
green with it e.V.,Berlin,Berlin,Berlin,1,23754.00,01.10.2016,31.01.2017,BMFTR
Canida Software GmbH,Berlin,Berlin,Berlin,1,23400.00,01.06.2026,31.12.2028,BMFTR
MEDIAN Kliniken GmbH,Berlin,Berlin,Berlin,1,23198.00,01.06.2008,31.12.2009,BMFTR
Cooperative Bauplanung Berlin Jansen & Schultes,Berlin,Berlin,Berlin,2,23195.00,01.08.1974,30.09.1975,BMFTR
FlixMobility Experience GmbH,Berlin,Berlin,Berlin,1,23036.00,01.07.2019,30.09.2022,BMV
ADW - Institut für Soziologie und Sozialpolitik,Berlin,Berlin,Berlin,1,23008.00,01.04.1991,31.12.1991,BMFTR
Bundesvereinigung der Deutschen Arbeitgeberverbände,Berlin,Berlin,Berlin,1,22913.00,01.03.2007,31.10.2007,BMFTR
Soft-Lan Robert Schuster Systemsoftware,Berlin,Berlin,Berlin,1,22855.00,01.01.1993,31.12.1995,BMFTR
Auto-Zellmann GmbH,Berlin,Berlin,Berlin,2,22828.00,15.09.2022,31.12.2023,BMV
MOWEA - Modulare Windenergieanlagen GmbH,Berlin,Berlin,Berlin,1,22742.00,01.12.2017,30.11.2019,BMFTR
Deutsche Krebsgesellschaft e.V.,Berlin,Berlin,Berlin,1,22705.00,01.04.2018,31.10.2018,BMFTR
Santec GmbH,Berlin,Berlin,Berlin,1,22438.00,01.07.1994,30.09.1994,BMFTR
Francois Barmeier Antennen- und Alarmanlagen,Berlin,Berlin,Berlin,1,22088.00,01.05.1982,30.09.1984,BMFTR
Active Space Technologies GmbH,Berlin,Berlin,Berlin,2,22060.00,01.11.2010,21.11.2012,BMFTR
Sportverein Zehlendorfer Wespen 1911 e.V.,Berlin,Berlin,Berlin,1,21906.00,01.10.2022,30.09.2023,BMUKN
Fortbildungszentrum Gesundheits- und Umweltschutz Berlin e.V.,Berlin,Berlin,Berlin,1,21846.00,01.08.1985,31.12.1985,BMFTR
Charité - Universitätsmedizin Berlin - Verwaltung,Berlin,Berlin,Berlin,1,21313.00,01.11.2007,31.07.2008,BMLEH
Prodontos Dentaltechnik GmbH & Co. KG,Berlin,Berlin,Berlin,1,21098.00,26.07.2022,31.12.2023,BMV
Bundestierärztekammer - Arbeitsgemeinschaft der Deutschen Tierärztekammern e.V.,Berlin,Berlin,Berlin,1,21077.00,01.09.2014,28.02.2017,BMLEH
JungdemokratInnen/Junge Linke Bundesverband,Berlin,Berlin,Berlin,1,20810.00,01.04.1987,31.12.1995,BMFTR
Zen IT & Business Consulting GmbH,Berlin,Berlin,Berlin,1,20687.00,21.10.2024,31.12.2024,BMV
NetComputer Lernen e.V.,Berlin,Berlin,Berlin,1,20600.00,01.10.2013,30.09.2014,BMFTR
Juradat GmbH & Co. KG,Berlin,Berlin,Berlin,1,20584.00,01.01.1971,31.12.1972,BMFTR
Katholische Akademie in Berlin e. V.,Berlin,Berlin,Berlin,1,20507.00,16.05.2011,31.12.2011,BMFTR
Cycloclean BO Umweltchemie GmbH,Berlin,Berlin,Berlin,1,20480.00,01.08.2000,30.04.2001,BMLEH
HERE Deutschland GmbH & Co. KG,Berlin,Berlin,Berlin,1,20250.00,01.07.2020,30.06.2023,BMFTR
IMBOS e.V.,Berlin,Berlin,Berlin,1,20160.00,01.04.2026,30.09.2027,BMFTR
JBM Janke Bogen Magnetic GmbH,Berlin,Berlin,Berlin,1,19891.00,01.10.1990,31.12.1990,BMFTR
Perspektive hoch 3 e.V.,Berlin,Berlin,Berlin,1,19871.00,01.11.2013,31.12.2013,BMFTR
Esch-Electronic,Berlin,Berlin,Berlin,1,19818.00,01.05.1982,31.12.1982,BMFTR
Codeheroes GmbH,Berlin,Berlin,Berlin,1,19526.00,01.06.2018,31.05.2019,BMV
Depogas Gesellschaft zur Gewinnung und Verwertung von Deponiegasen mbH,Berlin,Berlin,Berlin,1,19436.00,26.11.1986,15.02.1987,BMFTR
Le Pique-Nique de Romy GmbH,Berlin,Berlin,Berlin,1,19061.00,01.09.2020,30.11.2020,BMV
BES Berlin Energie Service GmbH,Berlin,Berlin,Berlin,1,18604.00,29.01.2018,30.09.2019,BMV
SOLARC Innovative Solarprodukte GmbH,Berlin,Berlin,Berlin,1,18554.00,01.06.1999,31.12.2000,BMWE
Hempel GesundheitsPartner GmbH,Berlin,Berlin,Berlin,1,18433.00,01.08.2014,31.07.2017,BMFTR
Deutscher Bauernverlag GmbH,Berlin,Berlin,Berlin,1,18048.00,01.01.2016,30.08.2016,BMFTR
Deutsche Kultur-Gemeinschaft Urania Berlin e.V.,Berlin,Berlin,Berlin,1,18001.00,20.09.2013,31.12.2013,BMFTR
B & O Service Berlin GmbH,Berlin,Berlin,Berlin,1,17920.00,01.04.2019,31.12.2020,BMV
Deutsche Gesellschaft für das hochbegabte Kind e.V.,Berlin,Berlin,Berlin,1,17895.00,01.04.1990,31.03.1991,BMFTR
Ludolf Hoesch GmbH,Berlin,Berlin,Berlin,1,17895.00,01.07.1999,30.06.2000,BMFTR
Kaminski und Brendel Malereibetrieb GmbH,Berlin,Berlin,Berlin,1,17895.00,01.06.1999,31.05.2000,BMFTR
khs Metallbau Kirchhofschmiede GmbH,Berlin,Berlin,Berlin,1,17895.00,01.08.1999,31.07.2000,BMFTR
Hütter GmbH (alt),Berlin,Berlin,Berlin,1,17895.00,01.06.1999,31.05.2000,BMFTR
Günter A. Preuss - Stark- und Schwachstromanlagen,Berlin,Berlin,Berlin,1,17895.00,01.06.1999,31.05.2000,BMFTR
Gustav Kitzel GmbH & Co. - Elektroinstallationen,Berlin,Berlin,Berlin,1,17895.00,01.06.1999,31.05.2000,BMFTR
MESTRONIC Steuerungstechnik GmbH,Berlin,Berlin,Berlin,1,17895.00,01.08.1999,31.07.2000,BMFTR
Angewandte Metallbau- und Schweißtechnik BSS GmbH,Berlin,Berlin,Berlin,1,17895.00,01.08.1999,31.07.2000,BMFTR
climair GmbH,Berlin,Berlin,Berlin,1,17895.00,01.08.1999,31.07.2000,BMFTR
Verband Paneuropäischer Reisebusbahnhöfe e. V.,Berlin,Berlin,Berlin,3,17638.00,01.05.2012,31.03.2016,BMFTR
Kaufhold Ingenieurbüro GmbH & Co. KG,Berlin,Berlin,Berlin,1,17594.00,01.05.1982,31.12.1983,BMFTR
Alcemy GmbH,Berlin,Berlin,Berlin,1,17443.00,01.05.2021,31.12.2024,BMFTR
Scandic Hotels Deutschland GmbH,Berlin,Berlin,Berlin,1,17403.00,15.07.2018,15.07.2019,BMV
Prof. Dr.-Ing. Peter Marx,Berlin,Berlin,Berlin,1,17363.00,01.07.1982,31.12.1984,BMFTR
KWMF Lizenz OHG,Berlin,Berlin,Berlin,2,17342.00,01.10.2020,31.10.2020,BMV
Bergmann Verpackung KG,Berlin,Berlin,Berlin,1,17139.00,01.07.1982,31.10.1983,BMFTR
Dussmann Stiftung & Co. KGaA,Berlin,Berlin,Berlin,1,17025.00,01.06.2024,30.06.2026,BMFTR
Evangelische Weihnachtskirchengemeinde,Berlin,Berlin,Berlin,1,16833.00,01.11.2014,29.02.2016,BMUKN
Viessmann Solutions & Services GmbH,Berlin,Berlin,Berlin,1,16467.00,01.01.2019,31.12.2021,BMFTR
"Camino - Werkstatt für Fortbildung, Praxisbegleitung und Forschung im sozialen Bereich - gGmbH",Berlin,Berlin,Berlin,1,16452.00,15.12.2021,30.06.2023,BMFTR
Fischer + Hör Industrie- und Laborelektronik,Berlin,Berlin,Berlin,1,15718.00,01.09.1983,31.12.1984,BMFTR
Gustav Kitzel GmbH & Co KG,Berlin,Berlin,Berlin,1,15600.00,01.11.2020,31.10.2021,BMV
Adler Wohndesign GmbH,Berlin,Berlin,Berlin,1,15552.00,01.12.2020,30.11.2021,BMV
Kreatives Schreiben e.V.,Berlin,Berlin,Berlin,1,15510.00,01.02.2007,31.12.2007,BMFTR
Verein zur Förderung der 4. Internationalen Konferenz für Messung der Wissenschaft Berlin 1993 e.V.,Berlin,Berlin,Berlin,1,15339.00,01.09.1993,31.12.1993,BMFTR
"Arbeitsgemeinschaft Berufliche Bildung e.V c/o Inst. für berufliche Bildung, Hochschulbildung und Weiterbildungsforschung",Berlin,Berlin,Berlin,1,15339.00,01.03.1998,31.03.1999,BMFTR
Ing. Klaus Brose Kontakt-Bauelemente,Berlin,Berlin,Berlin,1,15288.00,01.06.1982,31.05.1983,BMFTR
Deutsch-Französisches Jugendwerk,Berlin,Berlin,Berlin,1,15000.00,01.11.2010,31.12.2010,BMFTR
Förderverein der Kunsthochschule Berlin-Weissensee e.V.,Berlin,Berlin,Berlin,1,14879.00,01.07.1991,31.12.1991,BMFTR
Ausbildungszentrum OTA GmbH (gemeinnützig),Berlin,Berlin,Berlin,1,14800.00,01.11.2010,31.12.2011,BMFTR
Deutscher Frauenrat - Lobby der Frauen-Bundesvereinigung von Frauenverbänden und Frauengruppen gemischter Verbände in Deutschland (DF),Berlin,Berlin,Berlin,1,14686.00,15.02.2001,31.03.2001,BMFTR
Arbeitsgruppe Wissenschafts-Transfer,Berlin,Berlin,Berlin,1,14468.00,15.11.1985,31.12.1986,BMFTR
Rolls-Royce Solutions Berlin GmbH,Berlin,Berlin,Berlin,1,14014.00,01.11.2022,30.04.2026,BMWE
Verein der Freunde und Förderer der Berliner Charitè,Berlin,Berlin,Berlin,1,14000.00,01.09.2007,31.12.2007,BMFTR
Bally Wulff Automaten GmbH,Berlin,Berlin,Berlin,1,13809.00,01.08.1982,31.12.1984,BMFTR
MeteoGroup Deutschland GmbH,Berlin,Berlin,Berlin,1,13786.00,01.06.2012,31.08.2015,BMLEH
Ingenieurbüro Bauer GmbH,Berlin,Berlin,Berlin,1,13626.00,01.02.2020,31.12.2023,BMLEH
GreenBuzz Berlin e.V.,Berlin,Berlin,Berlin,1,13623.00,01.09.2017,30.11.2018,BMUKN
Meshicon Software UG (haftungsbeschränkt) & Co. KG,Berlin,Berlin,Berlin,1,13500.00,01.07.2019,30.04.2020,BMFTR
Median Klinik Bad Kösen I GmbH & Co. KG,Berlin,Berlin,Berlin,1,13488.00,01.06.2026,31.05.2028,BMFTR
Bundesverband Wärmepumpe (BWP) e. V.,Berlin,Berlin,Berlin,1,13436.00,01.02.2015,31.03.2018,BMWE
EJF gemeinnützige AG,Berlin,Berlin,Berlin,1,13300.00,01.05.2026,31.10.2027,BMUKN
Stephanus gGmbH,Berlin,Berlin,Berlin,1,13193.00,01.04.2020,31.03.2021,BMUKN
Deutsches Jungforschernetzwerk - juFORUM,Berlin,Berlin,Berlin,2,13100.00,01.01.2011,30.04.2012,BMFTR
Bilendi GmbH,Berlin,Berlin,Berlin,1,13090.00,01.05.2023,01.03.2024,BMV
Beumer & Lutum GmbH Bäckerei,Berlin,Berlin,Berlin,1,13075.00,01.04.2019,30.03.2020,BMV
FRÖBEL Bildung und Erziehung gGmbH,Berlin,Berlin,Berlin,1,12750.00,01.11.2021,30.06.2023,BMUKN
Bundesverband Agrarhandel e.V.,Berlin,Berlin,Berlin,1,12701.00,03.04.2018,31.12.2022,BMLEH
CC-Ery GmbH,Berlin,Berlin,Berlin,1,12572.00,01.10.2017,30.11.2017,BMFTR
Geotek Gesellschaft für Geophysik und Datentechnik mbH,Berlin,Berlin,Berlin,1,12506.00,01.09.1982,31.05.1983,BMFTR
"ÜAS Innung Kachelofen- und Luftheizungsbauer Berlin, G. Gersdorf",Berlin,Berlin,Berlin,1,12010.00,01.09.1987,31.12.1987,BMFTR
COPRIS GmbH,Berlin,Berlin,Berlin,1,11917.00,01.03.2001,15.04.2001,BMFTR
betteries AMPS GmbH,Berlin,Berlin,Berlin,1,11689.00,01.04.2023,15.07.2024,BMFTR
Luetronic Elektroakustik GmbH,Berlin,Berlin,Berlin,1,11668.00,01.04.1983,31.12.1984,BMFTR
Gesellschaft für Biotechnologisch Orientierte Software (GEBIOS),Berlin,Berlin,Berlin,1,11657.00,01.06.1988,30.11.1988,BMFTR
Stephanus-Stiftung Berlin,Berlin,Berlin,Berlin,1,11600.00,01.03.2011,31.08.2011,BMUKN
Verein für Innovative Verkehrstechnik e.V.,Berlin,Berlin,Berlin,1,11588.00,01.07.1992,31.12.1992,BMWE
KonyaCab GmbH,Berlin,Berlin,Berlin,1,11400.00,29.06.2020,18.08.2020,BMV
Amber Taxi GmbH,Berlin,Berlin,Berlin,1,11400.00,29.06.2020,31.08.2020,BMV
Urbane Permakulturschaffende e.V.,Berlin,Berlin,Berlin,1,11090.00,01.06.2017,31.05.2019,BMUKN
Dr. Boetius + Partner Informationssysteme GmbH,Berlin,Berlin,Berlin,1,10910.00,01.10.1990,31.12.1990,BMFTR
Schildkröte GmbH,Berlin,Berlin,Berlin,1,10800.00,01.01.2011,31.12.2011,BMFTR
BKE Team GmbH,Berlin,Berlin,Berlin,1,10770.00,29.09.2020,31.10.2020,BMV
Prof. Dr.-Ing. J. Krochmann,Berlin,Berlin,Berlin,1,10481.00,01.08.1974,31.12.1974,BMFTR
B. Schallopp,Berlin,Berlin,Berlin,1,10415.00,01.01.1970,31.12.1972,BMFTR
Königspartner Limousine GmbH,Berlin,Berlin,Berlin,1,10319.00,12.10.2020,31.10.2020,BMV
Mandarin Taxi GmbH,Berlin,Berlin,Berlin,1,10319.00,08.07.2020,30.09.2020,BMV
Zero Taxi GmbH,Berlin,Berlin,Berlin,1,10319.00,28.07.2020,30.09.2020,BMV
Interessengemeinschaft behinderter Studierender Berlin,Berlin,Berlin,Berlin,2,10226.00,01.01.1997,30.09.1999,BMFTR
Landesschulamt Berlin,Berlin,Berlin,Berlin,1,10226.00,01.08.1999,31.07.2000,BMFTR
Kleingartenverein Schlachtensee-Süd e. V.,Berlin,Berlin,Berlin,1,10174.00,01.02.2026,31.07.2027,BMUKN
FIM Biotech GmbH,Berlin,Berlin,Berlin,1,10154.00,01.10.2017,30.04.2019,BMFTR
AIRYCAR GmbH,Berlin,Berlin,Berlin,1,10142.00,27.07.2020,30.09.2020,BMV
'Lettre International' Verlagsgesellschaft mbH,Berlin,Berlin,Berlin,1,10000.00,01.01.2005,31.07.2005,BMFTR
NewsCafé Gaststätten GmbH,Berlin,Berlin,Berlin,1,10000.00,01.03.2007,31.12.2007,BMFTR
Rocket Mobility GmbH,Berlin,Berlin,Berlin,1,9975.00,06.07.2020,31.08.2020,BMV
Dr. Albrecht Krüger,Berlin,Berlin,Berlin,1,9959.00,01.07.1990,31.12.1990,BMFTR
ZRS Ingenieure GmbH,Berlin,Berlin,Berlin,1,9917.00,01.06.2026,30.11.2028,BMFTR
Luceo Technologies GmbH,Berlin,Berlin,Berlin,1,9873.00,01.01.2009,30.04.2011,BMFTR
Ev. Kirchengemeinde Berlin-Kaulsdorf,Berlin,Berlin,Berlin,1,9841.00,12.08.2021,30.06.2023,BMV
OWEN - Mobile Akademie für Geschlechterdemokratie und Friedensförderung e. V.,Berlin,Berlin,Berlin,1,9762.00,01.04.1996,30.06.1996,BMFTR
X Line GmbH,Berlin,Berlin,Berlin,1,9748.00,23.06.2020,31.08.2020,BMV
GREEN PARK GmbH,Berlin,Berlin,Berlin,1,9625.00,01.10.2015,28.02.2017,BMUKN
"USE, Union Sozialer Einrichtungen gemeinnützige GmbH",Berlin,Berlin,Berlin,1,9624.00,01.01.2015,30.06.2016,BMUKN
e.i.s.ber Elektro- & IT-Systeme Berlin GmbH & Co. KG,Berlin,Berlin,Berlin,1,9576.00,01.12.2020,30.11.2021,BMV
FiftyFive GmbH,Berlin,Berlin,Berlin,1,9363.00,29.06.2020,31.08.2020,BMV
PFAD - Bundesverband der Pflege- und Adoptivfamilien e.V.,Berlin,Berlin,Berlin,1,9272.00,01.08.2022,31.07.2023,BMFTR
Evangelische Melanchthon-Gemeinde Berlin-Spandau,Berlin,Berlin,Berlin,1,9263.00,01.07.2016,31.12.2017,BMUKN
SU4209 Taxi GmbH,Berlin,Berlin,Berlin,1,9240.00,22.07.2020,31.08.2020,BMV
Jet 321 Taxi GmbH,Berlin,Berlin,Berlin,1,9200.00,20.08.2020,30.09.2020,BMV
"Land Berlin, vertreten durch das Bezirksamt Neukölln von Berlin",Berlin,Berlin,Berlin,1,9126.00,01.06.2016,31.08.2017,BMUKN
Freie Universität Berlin - Kommission für Forschung und wissenschaftlichen Nachwuchs,Berlin,Berlin,Berlin,2,9024.00,01.04.1975,31.10.1977,BMFTR
Elektro Bergemann GmbH,Berlin,Berlin,Berlin,1,9000.00,01.11.2020,30.04.2023,BMV
SAHRA25 Taxi Ltd. & Co. KG,Berlin,Berlin,Berlin,1,8970.00,05.10.2020,31.10.2020,BMV
BASCH Taxi GmbH,Berlin,Berlin,Berlin,1,8970.00,08.10.2020,31.10.2020,BMV
ARAZA GmbH,Berlin,Berlin,Berlin,1,8970.00,08.10.2020,31.10.2020,BMV
FMWK Service EOOD & Co. OHG,Berlin,Berlin,Berlin,1,8970.00,06.10.2020,31.10.2020,BMV
BRESH GmbH,Berlin,Berlin,Berlin,1,8970.00,08.10.2020,31.10.2020,BMV
Berlo Taxi GmbH,Berlin,Berlin,Berlin,1,8970.00,05.08.2020,30.09.2020,BMV
Stiftung Bernd Schultz in Erinnerung an Hans Pels-Leusden,Berlin,Berlin,Berlin,1,8817.00,01.09.2015,31.08.2016,BMUKN
Kindermann Electronic Services GmbH,Berlin,Berlin,Berlin,1,8791.00,01.03.1982,30.06.1983,BMFTR
Kristall Chauffeurservice GmbH,Berlin,Berlin,Berlin,1,8689.00,12.08.2020,30.09.2020,BMV
SFK Taxi GmbH,Berlin,Berlin,Berlin,1,8621.00,19.08.2020,30.09.2020,BMV
BYR Taxi GmbH,Berlin,Berlin,Berlin,1,8599.00,13.07.2020,31.08.2020,BMV
Riller & Schnauck Gesellschaft mit beschränkter Haftung,Berlin,Berlin,Berlin,1,8560.00,30.04.2020,26.06.2020,BMV
Gonotec Gesellschaft für Meß- und Regeltechnik mbH,Berlin,Berlin,Berlin,1,8476.00,01.02.1982,30.09.1982,BMFTR
"Internationales Institut für Bildung, Sozial- und Antisemitismusforschung e.V.",Berlin,Berlin,Berlin,1,8100.00,01.10.2024,30.09.2025,BMFTR
CINAZ GmbH,Berlin,Berlin,Berlin,1,8073.00,30.09.2020,31.10.2020,BMV
SECURITAS Aviation Service GmbH & Co. KG,Berlin,Berlin,Berlin,1,8062.00,01.01.2012,31.03.2015,BMFTR
A&Y Shuttle GmbH,Berlin,Berlin,Berlin,1,8000.00,14.10.2020,31.10.2020,BMV
DeGiS - Deutsche Gesellschaft internationaler Studierender gGmbH,Berlin,Berlin,Berlin,1,8000.00,01.03.2023,31.07.2023,BMFTR
Amadeus Mobility GmbH,Berlin,Berlin,Berlin,1,7911.00,13.07.2020,31.08.2020,BMV
EASA Germany e.V.,Berlin,Berlin,Berlin,3,7805.00,01.10.1998,30.09.2002,BMFTR
Haus am Waldsee e.V.,Berlin,Berlin,Berlin,1,7717.00,01.07.2018,30.06.2019,BMUKN
Kupferverband e.V.,Berlin,Berlin,Berlin,1,7669.00,01.04.1980,31.12.1983,BMFTR
Interessengemeinschaft behinderter und chronisch kranker Studierender Berlin,Berlin,Berlin,Berlin,1,7669.00,01.06.2000,31.08.2000,BMFTR
Berliner Kommunikationsforum e.V.,Berlin,Berlin,Berlin,1,7669.00,01.01.2000,30.09.2000,BMFTR
Interessengemeinschaft behinderter und chronisch kranker Studierender Berlin c/o Karen Pallokat,Berlin,Berlin,Berlin,1,7669.00,01.06.2001,31.08.2001,BMFTR
Deutscher Romanistenverband,Berlin,Berlin,Berlin,2,7659.00,01.03.2010,30.09.2011,BMFTR
AGILI Ingenieur-und Werbebüro GmbH,Berlin,Berlin,Berlin,2,7639.00,01.09.1982,31.05.1983,BMFTR
TaxiNow GmbH,Berlin,Berlin,Berlin,1,7600.00,13.10.2020,31.10.2020,BMV
Non-Stop Taxi GmbH,Berlin,Berlin,Berlin,1,7600.00,30.06.2020,31.08.2020,BMV
RT Rapid Taxi Berlin GmbH,Berlin,Berlin,Berlin,1,7600.00,29.06.2020,22.08.2020,BMV
Galaxy Taxibetrieb GmbH,Berlin,Berlin,Berlin,1,7600.00,04.08.2020,30.09.2020,BMV
Pangea Taxibetrieb GmbH,Berlin,Berlin,Berlin,1,7600.00,29.07.2020,30.09.2020,BMV
Biltaxi GmbH & Co. KG,Berlin,Berlin,Berlin,1,7600.00,02.10.2020,31.10.2020,BMV
Zentralverband der Deutschen Geflügelwirtschaft e.V.,Berlin,Berlin,Berlin,1,7545.00,15.11.2015,30.06.2019,BMLEH
"Land Berlin, vertreten durch das Bezirksamt Treptow-Köpenick von Berlin",Berlin,Berlin,Berlin,1,7426.00,01.12.2018,29.02.2020,BMUKN
Verein zur Qualifizierung in traditionellen und modernen Bautechniken e.V.,Berlin,Berlin,Berlin,1,7374.00,01.09.2012,31.05.2013,BMUKN
Diakonisches Werk Berlin Stadtmitte e.V.,Berlin,Berlin,Berlin,1,7372.00,01.06.2017,31.05.2018,BMUKN
Sportfreunde Kladow e.V.,Berlin,Berlin,Berlin,1,7319.00,01.11.2025,31.10.2027,BMUKN
B & S Taxi GmbH,Berlin,Berlin,Berlin,1,7260.00,01.07.2020,31.07.2020,BMV
Barisal Taxi GmbH,Berlin,Berlin,Berlin,1,7260.00,17.07.2020,31.08.2020,BMV
OHO Taxi GmbH,Berlin,Berlin,Berlin,1,7245.00,30.07.2020,30.09.2020,BMV
Yaya Taxi GmbH,Berlin,Berlin,Berlin,1,7220.00,30.06.2020,24.08.2020,BMV
Deutsche Bahn Stiftung gGmbH,Berlin,Berlin,Berlin,1,7207.00,01.09.2015,31.08.2016,BMUKN
Steuerberaterkammer Berlin,Berlin,Berlin,Berlin,1,7158.00,02.09.1995,31.12.1996,BMFTR
UnternehmensNetzwerk Motzener Straße e. V.,Berlin,Berlin,Berlin,1,7002.00,01.11.2014,31.01.2016,BMUKN
A.D speed24 GmbH,Berlin,Berlin,Berlin,1,6877.00,13.10.2020,31.10.2020,BMV
Deutscher Bundesjugendring (DBJR) e.V.,Berlin,Berlin,Berlin,1,6800.00,01.10.1994,31.10.1994,BMFTR
Berufsbildungswerk Berlin e. V.,Berlin,Berlin,Berlin,1,6800.00,15.03.2022,31.12.2022,BMV
Fleurop Aktiengesellschaft,Berlin,Berlin,Berlin,1,6786.00,07.02.2020,31.12.2023,BMLEH
Midyat Cab EOOD & Co. KG,Berlin,Berlin,Berlin,1,6710.00,03.08.2020,30.09.2020,BMV
Saadi Taxi GmbH,Berlin,Berlin,Berlin,1,6710.00,28.07.2020,30.09.2020,BMV
VellGoods GmbH & Co. KG,Berlin,Berlin,Berlin,1,6563.00,24.10.2024,31.12.2024,BMV
Studierendenrat Evangelische Theologie,Berlin,Berlin,Berlin,3,6438.00,01.08.2010,28.02.2013,BMFTR
Golden Transfer UG (haftungsbeschränkt),Berlin,Berlin,Berlin,1,6307.00,25.06.2020,31.07.2020,BMV
Verein zur Förderung der europäischen Zusammenarbeit in Theologie und Kirche Comenius e.V.,Berlin,Berlin,Berlin,3,6204.00,01.02.2001,31.05.2003,BMFTR
EUROPÄISCHE AKADEMIE BERLIN,Berlin,Berlin,Berlin,1,6136.00,29.06.1990,28.09.1990,BMFTR
Stephanus-Werkstätten Berlin gemeinnützige GmbH,Berlin,Berlin,Berlin,1,6112.00,01.03.2020,28.02.2021,BMUKN
horizoom-Panel ? horizoom GmbH,Berlin,Berlin,Berlin,1,6069.00,01.04.2026,31.12.2026,BMV
Kleeblatt Chauffeurservice GmbH,Berlin,Berlin,Berlin,1,6017.00,13.07.2020,31.08.2020,BMV
Gronowsky & Co. Hotel Consulting GmbH,Berlin,Berlin,Berlin,1,5920.00,07.04.2022,31.12.2022,BMV
Black Cab Berlin GmbH,Berlin,Berlin,Berlin,1,5681.00,15.10.2020,31.10.2020,BMV
speedlink GmbH,Berlin,Berlin,Berlin,1,5630.00,01.10.1999,30.09.2000,BMFTR
GESOBAU AG,Berlin,Berlin,Berlin,1,5588.00,15.10.2016,31.12.2019,BMFTR
"Allgemeiner Deutscher Fahrrad-Club, Landesverband Berlin",Berlin,Berlin,Berlin,1,5580.00,13.08.2007,31.10.2007,BMV
DaimlerChrysler Rail Systems (Technology) GmbH,Berlin,Berlin,Berlin,1,5408.00,01.07.1998,31.12.1998,BMFTR
Gesellschaft für Wissenschaftsforschung e.V.,Berlin,Berlin,Berlin,1,5270.00,13.04.1991,17.04.1991,BMFTR
Meister Taxi & Limo Service GmbH,Berlin,Berlin,Berlin,1,5198.00,13.07.2020,31.08.2020,BMV
ZarahCab GmbH,Berlin,Berlin,Berlin,1,5121.00,17.08.2020,30.09.2020,BMV
Sozialwerk des LHG e.V.,Berlin,Berlin,Berlin,1,5113.00,01.10.1999,30.09.2000,BMFTR
Hermann-Ehlers-Akademie,Berlin,Berlin,Berlin,1,5113.00,01.03.1988,30.09.1988,BMFTR
Kreuzberg Taxi 36 GmbH,Berlin,Berlin,Berlin,1,5083.00,31.07.2020,30.09.2020,BMV
Verein für Körperkultur Berlin-Südwest e. V.,Berlin,Berlin,Berlin,1,5069.00,01.01.2025,31.12.2025,BMUKN
HVB Hoch-Vakuum-Beschichtungs GmbH High vacuum coating,Berlin,Berlin,Berlin,1,5025.00,01.11.2014,30.09.2015,BMFTR
HOTEL ZOO BERLIN Betriebs GmbH,Berlin,Berlin,Berlin,1,5000.00,03.03.2026,03.09.2026,BMV
Seniorenpflege Birkholz Betriebs GmbH,Berlin,Berlin,Berlin,1,4950.00,11.05.2026,11.11.2026,BMV
Seehotel Nalbach oHG,Berlin,Berlin,Berlin,1,4926.00,17.04.2018,31.07.2020,BMV
RYSM CENTRAL GmbH,Berlin,Berlin,Berlin,1,4879.00,01.10.2016,31.12.2016,BMLEH
Verschiedene,Berlin,Berlin,Berlin,1,4851.00,26.02.1989,30.03.1989,BMFTR
Fördergemeinschaft Bauwesen e.V.,Berlin,Berlin,Berlin,1,4800.00,01.09.2009,31.03.2010,BMFTR
Fachschaftsinitiative Geschichte der Humboldt-Universität zu Berlin,Berlin,Berlin,Berlin,1,4790.00,01.04.2024,31.07.2024,BMFTR
Yildirim Taxi GmbH,Berlin,Berlin,Berlin,1,4788.00,21.09.2020,31.10.2020,BMV
DMR Projekt GmbH,Berlin,Berlin,Berlin,1,4785.00,08.10.2020,31.10.2020,BMV
cab24 GmbH,Berlin,Berlin,Berlin,1,4750.00,24.07.2020,31.08.2020,BMV
Deutsche Gesellschaft für Erziehungswissenschaft e.V.,Berlin,Berlin,Berlin,1,4602.00,06.11.1990,31.12.1990,BMFTR
managedhosting.de GmbH,Berlin,Berlin,Berlin,1,4508.00,01.01.2024,31.12.2025,BMFTR
IMO-3-Taxi und Mietwagen GmbH,Berlin,Berlin,Berlin,1,4485.00,17.07.2020,31.08.2020,BMV
Excellence-Berlin-GmbH,Berlin,Berlin,Berlin,1,4471.00,06.07.2020,31.08.2020,BMV
Autohaus S.T.A.H.L. GmbH,Berlin,Berlin,Berlin,1,4290.00,05.10.2020,31.10.2020,BMV
FAHRER Berlin GmbH,Berlin,Berlin,Berlin,1,4250.00,05.02.2024,20.03.2024,BMV
Verein Freie Waldorfschule Berlin - Mitte e.V.,Berlin,Berlin,Berlin,1,4207.00,01.04.2019,31.03.2020,BMUKN
MV Limousine GmbH,Berlin,Berlin,Berlin,1,4197.00,17.07.2020,18.08.2020,BMV
First shuttle GmbH,Berlin,Berlin,Berlin,1,4160.00,12.10.2020,31.10.2020,BMV
StattReisen Berlin GmbH,Berlin,Berlin,Berlin,1,4100.00,01.07.2007,31.12.2007,BMFTR
IMBC Institut für Informationsverarbeitung GmbH,Berlin,Berlin,Berlin,1,4059.00,01.04.2013,31.12.2014,BMFTR
Verein der BuFaK WiSo e.V.,Berlin,Berlin,Berlin,1,4000.00,01.10.2016,31.12.2016,BMFTR
Schnellflechter Berlin GmbH,Berlin,Berlin,Berlin,1,3919.00,01.09.1990,30.11.1990,BMFTR
Hilas55 Taxi und Mietwagen GmbH,Berlin,Berlin,Berlin,1,3887.00,31.08.2020,30.09.2020,BMV
Pro Wissenschaft e. V. an der Technischen Universität Berlin,Berlin,Berlin,Berlin,1,3880.00,01.09.2003,31.10.2003,BMFTR
ASYA03 GmbH,Berlin,Berlin,Berlin,1,3840.00,09.10.2020,31.10.2020,BMV
Ennoo Dienste GmbH,Berlin,Berlin,Berlin,1,3801.00,22.09.2020,31.10.2020,BMV
Gonyalilar GmbH,Berlin,Berlin,Berlin,1,3800.00,29.06.2020,21.08.2020,BMV
QT Quattro Taxi Berlin GmbH,Berlin,Berlin,Berlin,1,3800.00,30.06.2020,31.08.2020,BMV
Taxi Deluxe Plus GmbH,Berlin,Berlin,Berlin,1,3696.00,08.10.2020,31.10.2020,BMV
Katholische Kirchengemeinde Heilige Familie,Berlin,Berlin,Berlin,1,3651.00,01.07.2018,21.05.2019,BMUKN
Patron Taxi GmbH,Berlin,Berlin,Berlin,1,3600.00,17.06.2020,31.08.2020,BMV
S.E.C. e.V. der Freien Universität Berlin,Berlin,Berlin,Berlin,1,3579.00,28.06.1991,31.12.1991,BMFTR
Umwelt- und Wirtschaftsinstitut Berlin GmbH,Berlin,Berlin,Berlin,1,3579.00,01.09.1990,31.12.1990,BMFTR
Citycab Berlin GmbH,Berlin,Berlin,Berlin,1,3555.00,27.08.2020,30.09.2020,BMV
Dena Cab GmbH,Berlin,Berlin,Berlin,1,3405.00,02.09.2020,30.09.2020,BMV
MIJ Driving Service GmbH,Berlin,Berlin,Berlin,1,3300.00,07.08.2020,30.09.2020,BMV
ViaVade Mobility GmbH,Berlin,Berlin,Berlin,1,3190.00,08.10.2020,31.10.2020,BMV
Westend Taxiteam GmbH,Berlin,Berlin,Berlin,1,3096.00,22.07.2020,31.08.2020,BMV
Ev. Paulus-Kirchengemeinde Berlin-Lichterfelde,Berlin,Berlin,Berlin,1,3024.00,01.08.2019,31.07.2020,BMUKN
Yourtaxi 7/24 GmbH,Berlin,Berlin,Berlin,1,2990.00,28.07.2020,30.09.2020,BMV
"Deutsche Gesellschaft für Public Health e.V. c/o PD Dr. Dr. Burkhard Gusy (FU Berlin, FB Erwiss.& Psych.) Fachbereich Studierende",Berlin,Berlin,Berlin,1,2876.00,01.02.2024,31.05.2024,BMFTR
Allround Autovermietung GmbH,Berlin,Berlin,Berlin,1,2827.00,02.05.2020,18.06.2020,BMV
Pestalozzi-Fröbel-Verband e.V.,Berlin,Berlin,Berlin,1,2807.00,01.10.1990,31.12.1990,BMFTR
FAIRCHAUFFEUR GmbH,Berlin,Berlin,Berlin,1,2800.00,30.09.2020,31.10.2020,BMV
Metrocab Taxi- und Handels-GmbH,Berlin,Berlin,Berlin,1,2670.00,19.06.2020,31.08.2020,BMV
Angora Cars GmbH,Berlin,Berlin,Berlin,1,2100.00,08.07.2020,31.08.2020,BMV
NEY Cars GmbH,Berlin,Berlin,Berlin,1,2100.00,30.07.2020,30.09.2020,BMV
Rechtsanwaltskammer Berlin,Berlin,Berlin,Berlin,1,2086.00,12.01.1993,31.12.1995,BMFTR
Prüfanlagen Berlin GmbH,Berlin,Berlin,Berlin,1,2004.00,01.11.1990,31.12.1990,BMFTR
Taxi-Goldhahn-GmbH,Berlin,Berlin,Berlin,1,1837.00,04.08.2020,30.09.2020,BMV
Diesel Taxibetriebsgesellschaft mbH,Berlin,Berlin,Berlin,1,1810.00,01.10.2020,31.10.2020,BMV
Can Taxi GmbH,Berlin,Berlin,Berlin,1,1794.00,15.07.2020,30.09.2020,BMV
SafeDriver NG GmbH,Berlin,Berlin,Berlin,1,1729.00,15.10.2020,31.10.2020,BMV
Taxi-Baba GmbH,Berlin,Berlin,Berlin,1,1702.00,12.10.2020,31.10.2020,BMV
Adil 24 GmbH,Berlin,Berlin,Berlin,1,1680.00,18.06.2020,31.08.2020,BMV
November Taxi GmbH,Berlin,Berlin,Berlin,1,1614.00,17.07.2020,31.08.2020,BMV
Vereinigung für Jugendarbeit in der Astronomie (VEGA) e.V.,Berlin,Berlin,Berlin,1,1500.00,28.09.2012,30.11.2012,BMFTR
Dino Taxi- und Kfz-Service GmbH,Berlin,Berlin,Berlin,1,1482.00,18.06.2020,31.08.2020,BMV
Michael Herbert Klewer,Berlin,Berlin,Berlin,1,1400.00,31.07.2020,30.09.2020,BMV
Adil Taxi GmbH,Berlin,Berlin,Berlin,1,1260.00,18.06.2020,31.08.2020,BMV
Agentur247 GmbH,Berlin,Berlin,Berlin,1,1206.00,18.08.2020,30.09.2020,BMV
LIMOUSINENwerk OHG,Berlin,Berlin,Berlin,2,1200.00,08.07.2020,31.10.2020,BMV
Butterfly Taxibetrieb GmbH,Berlin,Berlin,Berlin,1,1176.00,12.06.2020,12.07.2020,BMV
Havita Berlin Frischgemüse GmbH,Berlin,Berlin,Berlin,1,1138.00,01.02.2017,30.06.2019,BMLEH
City-Bus Christian Wünsch KG,Berlin,Berlin,Berlin,1,1103.00,09.07.2020,30.09.2020,BMV
atmosfair gGmbH,Berlin,Berlin,Berlin,1,1068.00,01.12.2022,29.02.2024,BMWE
Imran Yüksel,Berlin,Berlin,Berlin,1,1028.00,05.10.2020,31.10.2020,BMV
Arvernus GmbH,Berlin,Berlin,Berlin,1,964.00,05.08.2020,30.09.2020,BMV
bertrago GmbH,Berlin,Berlin,Berlin,1,958.00,24.08.2020,30.09.2020,BMV
IMANKA GmbH Internationale Dienstleistungen,Berlin,Berlin,Berlin,2,840.00,24.06.2020,31.08.2020,BMV
Taxibetrieb Tawfeek GmH,Berlin,Berlin,Berlin,1,840.00,13.07.2020,17.08.2020,BMV
Streetlife Taxi-Betriebs-GmbH,Berlin,Berlin,Berlin,2,756.00,30.06.2020,31.10.2020,BMV
Anka Drive GmbH,Berlin,Berlin,Berlin,1,756.00,28.07.2020,30.09.2020,BMV
Spraywald - Taxi GmbH,Berlin,Berlin,Berlin,1,750.00,15.09.2020,31.10.2020,BMV
Möbus und Michel GmbH,Berlin,Berlin,Berlin,1,750.00,15.09.2020,31.10.2020,BMV
Wunderwald - LBC - Berlin GmbH,Berlin,Berlin,Berlin,1,750.00,13.07.2020,31.08.2020,BMV
Lex Transport & Vermiet GmbH,Berlin,Berlin,Berlin,1,720.00,26.05.2020,26.06.2020,BMV
Dipl.-Ing. H.W. Scheel,Berlin,Berlin,Berlin,1,716.00,01.04.1972,31.12.1972,BMFTR
TWIN-TAXI BERLIN GmbH,Berlin,Berlin,Berlin,1,692.00,24.08.2020,30.09.2020,BMV
T & S Taxi- und Service Gesellschaft mit beschränkter Haftung,Berlin,Berlin,Berlin,1,650.00,06.07.2020,31.08.2020,BMV
Tim Taxi UG (haftungsbeschränkt),Berlin,Berlin,Berlin,1,637.00,09.10.2020,31.10.2020,BMV
Innotech Holztechnologien GmbH,Berlin,Berlin,Berlin,1,548.00,01.06.2012,31.05.2013,BMFTR
Taxiwelt Kraftdroschken GmbH & Co. Betriebs KG,Berlin,Berlin,Berlin,1,531.00,17.08.2020,30.09.2020,BMV
BENITA GMBH BERLIN,Berlin,Berlin,Berlin,1,480.00,04.08.2020,30.09.2020,BMV
Cino Kristal GmbH,Berlin,Berlin,Berlin,1,476.00,12.10.2020,31.10.2020,BMV
TREFFPUNKT Bildung GmbH,Berlin,Berlin,Berlin,1,252.00,29.07.2020,30.09.2020,BMV
EKAROS Mobility GmbH,Berlin,Berlin,Berlin,1,250.00,16.10.2020,31.10.2020,BMV
Madjid Asadollahi,Berlin,Berlin,Berlin,1,185.00,28.07.2020,30.09.2020,BMV
Salim Rahman,Berlin,Berlin,Berlin,1,119.00,05.10.2020,31.10.2020,BMV
Timucin Campinar,Berlin,Berlin,Berlin,1,94.00,30.09.2020,31.10.2020,BMV
C.O.S. Auto GmbH,Berlin,Berlin,Berlin,1,94.00,25.09.2020,31.10.2020,BMV
Steffan Marczak,Berlin,Berlin,Berlin,1,84.00,07.10.2020,31.10.2020,BMV
Verband der Zoologischen Gärten (VdZ) e.V.,Berlin,Berlin,Berlin,1,0.00,01.05.2020,30.09.2023,BMLEH
HELIOS Kliniken GmbH,Berlin,Berlin,Berlin,1,0.00,01.09.2019,30.04.2020,BMFTR
IGP Ingenieur AG,Berlin,Berlin,Berlin,1,0.00,01.04.2020,31.10.2020,BMFTR
IT-Direkt Business Technologies GmbH,Berlin,Berlin,Berlin,1,0.00,15.10.2023,14.10.2026,BMLEH
SID-Consult GmbH,Berlin,Berlin,Berlin,1,0.00,01.05.2012,30.04.2013,BMFTR
Fosanis GmbH,Berlin,Berlin,Berlin,1,0.00,01.08.2021,31.07.2023,BMFTR
Plm-Ball GmbH,Berlin,Berlin,Berlin,1,0.00,01.10.1984,31.12.1984,BMFTR
Bus-Verkehr Berlin KG Omnibus-Betriebs- und Verwaltungsgesellschaft mit beschränkter Haftung & Co,Berlin,Berlin,Berlin,1,0.00,30.01.2018,30.06.2022,BMV
Biologische Beratung Prozell und Schöller GmbH,Berlin,Berlin,Berlin,1,0.00,01.04.2024,31.03.2027,BMLEH
BSB GmbH Best Sabel - Gemeinnützige Bildungsgesellschaft,Berlin,Berlin,Berlin,1,0.00,01.07.2013,30.06.2014,BMUKN
Bundesministerium für Wirtschaft und Energie,Berlin,Berlin,Berlin,1,-1016914.00,01.12.2020,31.01.2023,BMWE
